idx,gender
44776,female_feminine
45749,female_feminine
11548,male_masculine
46014,female_feminine
45561,female_feminine
16109,male_masculine
284,male_masculine
48082,female_feminine
11420,male_masculine
11800,male_masculine
10380,male_masculine
46211,female_feminine
41099,female_feminine
5943,male_masculine
16990,male_masculine
54094,female_feminine
47002,female_feminine
5921,male_masculine
42735,female_feminine
15115,male_masculine
40043,female_feminine
39565,female_feminine
13602,male_masculine
16325,male_masculine
15876,male_masculine
46546,female_feminine
761,male_masculine
47182,female_feminine
11434,male_masculine
42660,female_feminine
13553,male_masculine
45104,female_feminine
430,male_masculine
38086,female_feminine
12165,male_masculine
44642,female_feminine
50253,female_feminine
38017,female_feminine
13100,male_masculine
5826,male_masculine
38248,female_feminine
7071,male_masculine
47908,female_feminine
48411,female_feminine
40976,female_feminine
45093,female_feminine
10977,male_masculine
47626,female_feminine
55654,female_feminine
6990,male_masculine
42391,female_feminine
339,male_masculine
1396,male_masculine
13306,male_masculine
47432,female_feminine
12938,male_masculine
109,male_masculine
42827,female_feminine
46718,female_feminine
45067,female_feminine
50332,female_feminine
11891,male_masculine
38797,female_feminine
43265,female_feminine
53788,female_feminine
41465,female_feminine
40904,female_feminine
41357,female_feminine
9447,male_masculine
44153,female_feminine
40212,female_feminine
55876,female_feminine
11604,male_masculine
43101,female_feminine
44155,female_feminine
55197,female_feminine
48199,female_feminine
43550,female_feminine
13113,male_masculine
43539,female_feminine
5537,male_masculine
18642,male_masculine
43602,female_feminine
9723,male_masculine
44393,female_feminine
10114,male_masculine
11751,male_masculine
46738,female_feminine
39392,female_feminine
9792,male_masculine
12371,male_masculine
38597,female_feminine
55915,female_feminine
42919,female_feminine
3587,male_masculine
45638,female_feminine
12971,male_masculine
15358,male_masculine
43785,female_feminine
5616,male_masculine
44827,female_feminine
44348,female_feminine
55213,female_feminine
13089,male_masculine
9793,male_masculine
9654,male_masculine
5253,male_masculine
42628,female_feminine
48381,female_feminine
47708,female_feminine
55236,female_feminine
14884,male_masculine
16395,male_masculine
45704,female_feminine
13180,male_masculine
185,male_masculine
11373,male_masculine
18595,male_masculine
48270,female_feminine
39781,female_feminine
43859,female_feminine
195,male_masculine
40487,female_feminine
47596,female_feminine
41097,female_feminine
1521,male_masculine
42369,female_feminine
48429,female_feminine
41623,female_feminine
45179,female_feminine
15269,male_masculine
50297,female_feminine
45581,female_feminine
42304,female_feminine
6348,male_masculine
43438,female_feminine
43136,female_feminine
53780,female_feminine
18224,male_masculine
1544,male_masculine
16016,male_masculine
17195,male_masculine
43154,female_feminine
41784,female_feminine
9378,male_masculine
16277,male_masculine
9715,male_masculine
12222,male_masculine
11222,male_masculine
5886,male_masculine
275,male_masculine
38959,female_feminine
17835,male_masculine
12265,male_masculine
12336,male_masculine
41913,female_feminine
46109,female_feminine
42238,female_feminine
1336,male_masculine
17203,male_masculine
47353,female_feminine
53577,female_feminine
13345,male_masculine
48330,female_feminine
45538,female_feminine
39908,female_feminine
42018,female_feminine
42317,female_feminine
44764,female_feminine
43473,female_feminine
43531,female_feminine
38497,female_feminine
38546,female_feminine
55088,female_feminine
14819,male_masculine
38522,female_feminine
12262,male_masculine
7165,male_masculine
7173,male_masculine
41938,female_feminine
44018,female_feminine
40590,female_feminine
40379,female_feminine
39244,female_feminine
5971,male_masculine
39641,female_feminine
38737,female_feminine
44284,female_feminine
16018,male_masculine
15495,male_masculine
5351,male_masculine
11237,male_masculine
43383,female_feminine
41318,female_feminine
52164,female_feminine
52184,female_feminine
39474,female_feminine
7017,male_masculine
38977,female_feminine
17518,male_masculine
13576,male_masculine
38280,female_feminine
44223,female_feminine
10575,male_masculine
17524,male_masculine
7016,male_masculine
6615,male_masculine
40175,female_feminine
18503,male_masculine
43950,female_feminine
17652,male_masculine
45031,female_feminine
45842,female_feminine
6251,male_masculine
39340,female_feminine
41021,female_feminine
14875,male_masculine
10081,male_masculine
44744,female_feminine
17941,male_masculine
15501,male_masculine
15136,male_masculine
16793,male_masculine
54056,female_feminine
43211,female_feminine
15839,male_masculine
40304,female_feminine
13671,male_masculine
13392,male_masculine
55514,female_feminine
7327,male_masculine
38743,female_feminine
9646,male_masculine
47956,female_feminine
15935,male_masculine
8,male_masculine
45212,female_feminine
42532,female_feminine
16005,male_masculine
43520,female_feminine
15411,male_masculine
13695,male_masculine
43093,female_feminine
42145,female_feminine
48095,female_feminine
17658,male_masculine
13238,male_masculine
38511,female_feminine
48021,female_feminine
41852,female_feminine
10776,male_masculine
43554,female_feminine
53691,female_feminine
43850,female_feminine
40009,female_feminine
54075,female_feminine
40900,female_feminine
40565,female_feminine
9700,male_masculine
18652,male_masculine
40420,female_feminine
39809,female_feminine
47930,female_feminine
40242,female_feminine
15454,male_masculine
55233,female_feminine
44228,female_feminine
39223,female_feminine
38696,female_feminine
53609,female_feminine
18525,male_masculine
14965,male_masculine
44409,female_feminine
7270,male_masculine
46276,female_feminine
10687,male_masculine
901,male_masculine
13591,male_masculine
43952,female_feminine
41959,female_feminine
44910,female_feminine
1466,male_masculine
40298,female_feminine
15671,male_masculine
15121,male_masculine
46294,female_feminine
40274,female_feminine
13264,male_masculine
45774,female_feminine
40994,female_feminine
7050,male_masculine
13537,male_masculine
6432,male_masculine
41352,female_feminine
11538,male_masculine
11265,male_masculine
46386,female_feminine
10810,male_masculine
17338,male_masculine
10613,male_masculine
11911,male_masculine
38332,female_feminine
1184,male_masculine
17116,male_masculine
55064,female_feminine
38380,female_feminine
18053,male_masculine
41508,female_feminine
15013,male_masculine
9830,male_masculine
12049,male_masculine
44543,female_feminine
16134,male_masculine
11988,male_masculine
50145,female_feminine
39925,female_feminine
5536,male_masculine
55800,female_feminine
46367,female_feminine
10716,male_masculine
41576,female_feminine
43799,female_feminine
47108,female_feminine
17282,male_masculine
47532,female_feminine
44771,female_feminine
53656,female_feminine
16587,male_masculine
41739,female_feminine
12955,male_masculine
48121,female_feminine
42878,female_feminine
47631,female_feminine
12054,male_masculine
15548,male_masculine
55486,female_feminine
43049,female_feminine
45408,female_feminine
1243,male_masculine
20123,female_feminine
17318,male_masculine
1595,male_masculine
47897,female_feminine
43380,female_feminine
39663,female_feminine
6943,male_masculine
40161,female_feminine
38337,female_feminine
18617,male_masculine
41156,female_feminine
42551,female_feminine
44967,female_feminine
15824,male_masculine
55519,female_feminine
16926,male_masculine
55699,female_feminine
45303,female_feminine
11413,male_masculine
16095,male_masculine
55307,female_feminine
10681,male_masculine
48464,female_feminine
752,male_masculine
43033,female_feminine
43278,female_feminine
46592,female_feminine
10008,male_masculine
16914,male_masculine
45391,female_feminine
42316,female_feminine
6259,male_masculine
18030,male_masculine
38707,female_feminine
39263,female_feminine
38433,female_feminine
821,male_masculine
38562,female_feminine
45692,female_feminine
17776,male_masculine
50306,female_feminine
43666,female_feminine
11536,male_masculine
12234,male_masculine
45631,female_feminine
11656,male_masculine
1293,male_masculine
43605,female_feminine
11611,male_masculine
40050,female_feminine
50218,female_feminine
15480,male_masculine
12004,male_masculine
6623,male_masculine
47671,female_feminine
39292,female_feminine
48119,female_feminine
15201,male_masculine
39836,female_feminine
12992,male_masculine
16766,male_masculine
46098,female_feminine
6567,male_masculine
45418,female_feminine
42306,female_feminine
43480,female_feminine
47440,female_feminine
43413,female_feminine
18546,male_masculine
11199,male_masculine
44597,female_feminine
9820,male_masculine
45114,female_feminine
9660,male_masculine
46688,female_feminine
15771,male_masculine
46624,female_feminine
11985,male_masculine
48453,female_feminine
50158,female_feminine
48280,female_feminine
41531,female_feminine
9235,male_masculine
46504,female_feminine
9985,male_masculine
46875,female_feminine
9677,male_masculine
54093,female_feminine
39193,female_feminine
13712,male_masculine
45850,female_feminine
50191,female_feminine
45296,female_feminine
41548,female_feminine
38882,female_feminine
42598,female_feminine
39457,female_feminine
872,male_masculine
44454,female_feminine
50330,female_feminine
43672,female_feminine
7171,male_masculine
16378,male_masculine
47072,female_feminine
13008,male_masculine
1205,male_masculine
1210,male_masculine
53922,female_feminine
50286,female_feminine
38895,female_feminine
18301,male_masculine
12993,male_masculine
10721,male_masculine
5488,male_masculine
16577,male_masculine
9802,male_masculine
264,male_masculine
48377,female_feminine
55750,female_feminine
42720,female_feminine
55342,female_feminine
48102,female_feminine
40244,female_feminine
43595,female_feminine
17497,male_masculine
43193,female_feminine
16479,male_masculine
44658,female_feminine
9421,male_masculine
10020,male_masculine
42527,female_feminine
17241,male_masculine
47424,female_feminine
41991,female_feminine
18716,male_masculine
6162,male_masculine
46099,female_feminine
14944,male_masculine
7073,male_masculine
1525,male_masculine
44571,female_feminine
5297,male_masculine
491,male_masculine
38551,female_feminine
55156,female_feminine
17114,male_masculine
42409,female_feminine
11530,male_masculine
17108,male_masculine
41401,female_feminine
11993,male_masculine
15167,male_masculine
43437,female_feminine
47428,female_feminine
44245,female_feminine
46047,female_feminine
47121,female_feminine
1543,male_masculine
42503,female_feminine
44400,female_feminine
46580,female_feminine
45641,female_feminine
45794,female_feminine
53923,female_feminine
48329,female_feminine
16944,male_masculine
9972,male_masculine
46177,female_feminine
15442,male_masculine
55568,female_feminine
16772,male_masculine
44139,female_feminine
40427,female_feminine
46782,female_feminine
41490,female_feminine
41826,female_feminine
1024,male_masculine
10553,male_masculine
44106,female_feminine
1500,male_masculine
53796,female_feminine
50308,female_feminine
41986,female_feminine
202,male_masculine
41551,female_feminine
17685,male_masculine
53608,female_feminine
45218,female_feminine
55946,female_feminine
13255,male_masculine
6425,male_masculine
44549,female_feminine
11246,male_masculine
1464,male_masculine
53895,female_feminine
50176,female_feminine
43127,female_feminine
5322,male_masculine
55139,female_feminine
41897,female_feminine
46867,female_feminine
40861,female_feminine
42787,female_feminine
47831,female_feminine
12284,male_masculine
6660,male_masculine
44260,female_feminine
45916,female_feminine
45434,female_feminine
17615,male_masculine
15479,male_masculine
5824,male_masculine
11734,male_masculine
43676,female_feminine
876,male_masculine
43658,female_feminine
686,male_masculine
38109,female_feminine
13060,male_masculine
38381,female_feminine
11987,male_masculine
44904,female_feminine
50190,female_feminine
17146,male_masculine
17782,male_masculine
10675,male_masculine
44667,female_feminine
5891,male_masculine
18500,male_masculine
42596,female_feminine
46586,female_feminine
47339,female_feminine
10105,male_masculine
10786,male_masculine
39850,female_feminine
6211,male_masculine
43151,female_feminine
46465,female_feminine
39698,female_feminine
44488,female_feminine
38340,female_feminine
16335,male_masculine
42754,female_feminine
41537,female_feminine
47800,female_feminine
41868,female_feminine
55300,female_feminine
9212,male_masculine
53546,female_feminine
46140,female_feminine
38738,female_feminine
10762,male_masculine
38495,female_feminine
40463,female_feminine
43796,female_feminine
38808,female_feminine
11217,male_masculine
17218,male_masculine
18140,male_masculine
38117,female_feminine
43175,female_feminine
17519,male_masculine
10510,male_masculine
42319,female_feminine
55117,female_feminine
47481,female_feminine
44344,female_feminine
5223,male_masculine
892,male_masculine
587,male_masculine
55182,female_feminine
5600,male_masculine
13229,male_masculine
16160,male_masculine
42071,female_feminine
11940,male_masculine
48310,female_feminine
43556,female_feminine
912,male_masculine
1343,male_masculine
46722,female_feminine
47311,female_feminine
45695,female_feminine
53772,female_feminine
40129,female_feminine
38822,female_feminine
345,male_masculine
43768,female_feminine
46885,female_feminine
953,male_masculine
47746,female_feminine
12237,male_masculine
44657,female_feminine
46171,female_feminine
9863,male_masculine
6947,male_masculine
7160,male_masculine
15388,male_masculine
6263,male_masculine
17442,male_masculine
10816,male_masculine
41038,female_feminine
38668,female_feminine
40114,female_feminine
17778,male_masculine
41210,female_feminine
47982,female_feminine
16459,male_masculine
39727,female_feminine
10967,male_masculine
55337,female_feminine
13645,male_masculine
55017,female_feminine
38412,female_feminine
45069,female_feminine
40870,female_feminine
16117,male_masculine
7108,male_masculine
45051,female_feminine
38418,female_feminine
6178,male_masculine
13627,male_masculine
47187,female_feminine
10155,male_masculine
47366,female_feminine
46850,female_feminine
13332,male_masculine
42342,female_feminine
53991,female_feminine
48368,female_feminine
11318,male_masculine
17621,male_masculine
18110,male_masculine
11173,male_masculine
38909,female_feminine
46161,female_feminine
47880,female_feminine
11382,male_masculine
13505,male_masculine
13205,male_masculine
46905,female_feminine
45156,female_feminine
41463,female_feminine
41342,female_feminine
42607,female_feminine
52146,female_feminine
10165,male_masculine
55209,female_feminine
1480,male_masculine
38804,female_feminine
38481,female_feminine
47849,female_feminine
10811,male_masculine
40649,female_feminine
6375,male_masculine
40935,female_feminine
15865,male_masculine
45957,female_feminine
53666,female_feminine
45359,female_feminine
9549,male_masculine
41164,female_feminine
41006,female_feminine
9658,male_masculine
15033,male_masculine
43201,female_feminine
1270,male_masculine
6387,male_masculine
5378,male_masculine
48313,female_feminine
40237,female_feminine
48227,female_feminine
18664,male_masculine
43891,female_feminine
6852,male_masculine
9537,male_masculine
44567,female_feminine
5568,male_masculine
43184,female_feminine
47690,female_feminine
15116,male_masculine
17352,male_masculine
38741,female_feminine
944,male_masculine
42161,female_feminine
40918,female_feminine
5597,male_masculine
634,male_masculine
46548,female_feminine
44184,female_feminine
48470,female_feminine
6421,male_masculine
10423,male_masculine
39306,female_feminine
1178,male_masculine
6882,male_masculine
945,male_masculine
18406,male_masculine
10743,male_masculine
55551,female_feminine
12323,male_masculine
38156,female_feminine
10864,male_masculine
42178,female_feminine
13081,male_masculine
39137,female_feminine
46656,female_feminine
39662,female_feminine
44091,female_feminine
15691,male_masculine
39072,female_feminine
48042,female_feminine
10331,male_masculine
46347,female_feminine
39838,female_feminine
1535,male_masculine
10042,male_masculine
16590,male_masculine
6385,male_masculine
41284,female_feminine
55662,female_feminine
5424,male_masculine
6306,male_masculine
15079,male_masculine
10539,male_masculine
13718,male_masculine
42065,female_feminine
1529,male_masculine
9355,male_masculine
53829,female_feminine
40979,female_feminine
11204,male_masculine
39944,female_feminine
15288,male_masculine
45698,female_feminine
48170,female_feminine
43346,female_feminine
14739,male_masculine
15192,male_masculine
15234,male_masculine
46371,female_feminine
17698,male_masculine
13358,male_masculine
46206,female_feminine
47687,female_feminine
1140,male_masculine
10736,male_masculine
6354,male_masculine
43823,female_feminine
50231,female_feminine
431,male_masculine
9929,male_masculine
55437,female_feminine
41869,female_feminine
13677,male_masculine
38843,female_feminine
7383,male_masculine
1080,male_masculine
10057,male_masculine
42349,female_feminine
12163,male_masculine
38253,female_feminine
40669,female_feminine
47634,female_feminine
40792,female_feminine
43923,female_feminine
16116,male_masculine
6431,male_masculine
45811,female_feminine
38780,female_feminine
11042,male_masculine
41500,female_feminine
42681,female_feminine
47677,female_feminine
47698,female_feminine
7010,male_masculine
1560,male_masculine
17039,male_masculine
16094,male_masculine
43195,female_feminine
16858,male_masculine
10371,male_masculine
47587,female_feminine
10413,male_masculine
47859,female_feminine
14899,male_masculine
47739,female_feminine
53689,female_feminine
18602,male_masculine
45918,female_feminine
55483,female_feminine
46484,female_feminine
10899,male_masculine
5274,male_masculine
38029,female_feminine
48340,female_feminine
42477,female_feminine
1611,male_masculine
46847,female_feminine
5934,male_masculine
6453,male_masculine
45562,female_feminine
12295,male_masculine
9803,male_masculine
10713,male_masculine
45329,female_feminine
42904,female_feminine
9602,male_masculine
10904,male_masculine
38781,female_feminine
39658,female_feminine
15575,male_masculine
17404,male_masculine
42394,female_feminine
41547,female_feminine
15195,male_masculine
45878,female_feminine
9253,male_masculine
40790,female_feminine
9934,male_masculine
41650,female_feminine
55926,female_feminine
39308,female_feminine
15045,male_masculine
46550,female_feminine
917,male_masculine
42188,female_feminine
6212,male_masculine
5512,male_masculine
45967,female_feminine
10049,male_masculine
47261,female_feminine
39463,female_feminine
10195,male_masculine
55444,female_feminine
6923,male_masculine
42368,female_feminine
41212,female_feminine
47975,female_feminine
756,male_masculine
55341,female_feminine
1509,male_masculine
42671,female_feminine
22,male_masculine
41994,female_feminine
55597,female_feminine
17263,male_masculine
39126,female_feminine
39804,female_feminine
41150,female_feminine
55781,female_feminine
43607,female_feminine
13683,male_masculine
13365,male_masculine
9415,male_masculine
53701,female_feminine
6128,male_masculine
46097,female_feminine
41131,female_feminine
13253,male_masculine
48314,female_feminine
41089,female_feminine
39197,female_feminine
52175,female_feminine
5359,male_masculine
996,male_masculine
12115,male_masculine
38756,female_feminine
10768,male_masculine
52159,female_feminine
50203,female_feminine
11209,male_masculine
55373,female_feminine
14931,male_masculine
48428,female_feminine
55746,female_feminine
43274,female_feminine
16695,male_masculine
55961,female_feminine
17947,male_masculine
1028,male_masculine
891,male_masculine
46525,female_feminine
47685,female_feminine
50263,female_feminine
39515,female_feminine
5687,male_masculine
11657,male_masculine
1122,male_masculine
17906,male_masculine
41378,female_feminine
42125,female_feminine
38776,female_feminine
45358,female_feminine
55407,female_feminine
6379,male_masculine
40947,female_feminine
6707,male_masculine
7093,male_masculine
9397,male_masculine
46452,female_feminine
45477,female_feminine
13400,male_masculine
736,male_masculine
12304,male_masculine
45024,female_feminine
15235,male_masculine
44969,female_feminine
11061,male_masculine
6089,male_masculine
13597,male_masculine
5907,male_masculine
9816,male_masculine
250,male_masculine
44274,female_feminine
3573,male_masculine
47399,female_feminine
18421,male_masculine
7319,male_masculine
44085,female_feminine
41707,female_feminine
41347,female_feminine
44410,female_feminine
13458,male_masculine
17544,male_masculine
44268,female_feminine
15305,male_masculine
55959,female_feminine
40143,female_feminine
12098,male_masculine
17025,male_masculine
45888,female_feminine
16353,male_masculine
13390,male_masculine
11894,male_masculine
9840,male_masculine
15477,male_masculine
207,male_masculine
53651,female_feminine
55925,female_feminine
6919,male_masculine
15872,male_masculine
42717,female_feminine
46538,female_feminine
15857,male_masculine
42566,female_feminine
12257,male_masculine
44514,female_feminine
41708,female_feminine
42040,female_feminine
53926,female_feminine
12305,male_masculine
9276,male_masculine
45493,female_feminine
9492,male_masculine
10505,male_masculine
15245,male_masculine
7196,male_masculine
11489,male_masculine
13325,male_masculine
5928,male_masculine
43748,female_feminine
40894,female_feminine
55713,female_feminine
39141,female_feminine
38076,female_feminine
18391,male_masculine
43684,female_feminine
48185,female_feminine
39252,female_feminine
11097,male_masculine
18220,male_masculine
47206,female_feminine
40594,female_feminine
44875,female_feminine
16103,male_masculine
55978,female_feminine
16303,male_masculine
5218,male_masculine
46297,female_feminine
11194,male_masculine
46697,female_feminine
45029,female_feminine
1188,male_masculine
47204,female_feminine
12123,male_masculine
6650,male_masculine
44183,female_feminine
11483,male_masculine
17222,male_masculine
13372,male_masculine
42808,female_feminine
41487,female_feminine
39563,female_feminine
6556,male_masculine
47507,female_feminine
38032,female_feminine
38445,female_feminine
9799,male_masculine
40804,female_feminine
43006,female_feminine
11398,male_masculine
11004,male_masculine
767,male_masculine
12983,male_masculine
16464,male_masculine
13700,male_masculine
602,male_masculine
1569,male_masculine
10981,male_masculine
17374,male_masculine
17896,male_masculine
40883,female_feminine
46776,female_feminine
6411,male_masculine
39488,female_feminine
55912,female_feminine
42848,female_feminine
53763,female_feminine
38174,female_feminine
15160,male_masculine
9486,male_masculine
44346,female_feminine
18124,male_masculine
5936,male_masculine
47889,female_feminine
5902,male_masculine
40384,female_feminine
11936,male_masculine
53961,female_feminine
47207,female_feminine
13514,male_masculine
16299,male_masculine
17797,male_masculine
15258,male_masculine
55870,female_feminine
40831,female_feminine
15655,male_masculine
46503,female_feminine
16059,male_masculine
13107,male_masculine
38058,female_feminine
39217,female_feminine
16089,male_masculine
42191,female_feminine
42462,female_feminine
46414,female_feminine
47667,female_feminine
38402,female_feminine
43115,female_feminine
42692,female_feminine
55218,female_feminine
42107,female_feminine
9833,male_masculine
40133,female_feminine
48326,female_feminine
40977,female_feminine
13333,male_masculine
15399,male_masculine
11214,male_masculine
12016,male_masculine
46817,female_feminine
48235,female_feminine
11910,male_masculine
17542,male_masculine
12271,male_masculine
6575,male_masculine
39656,female_feminine
16566,male_masculine
38159,female_feminine
45172,female_feminine
17805,male_masculine
39878,female_feminine
10457,male_masculine
43968,female_feminine
44373,female_feminine
50195,female_feminine
6051,male_masculine
6258,male_masculine
48335,female_feminine
41783,female_feminine
41135,female_feminine
13209,male_masculine
45494,female_feminine
43305,female_feminine
617,male_masculine
41517,female_feminine
10207,male_masculine
39902,female_feminine
1052,male_masculine
10252,male_masculine
45564,female_feminine
15557,male_masculine
55303,female_feminine
877,male_masculine
38188,female_feminine
18476,male_masculine
43058,female_feminine
18008,male_masculine
41887,female_feminine
10578,male_masculine
10724,male_masculine
16809,male_masculine
47055,female_feminine
43005,female_feminine
11636,male_masculine
3556,male_masculine
53848,female_feminine
18019,male_masculine
13370,male_masculine
41184,female_feminine
17034,male_masculine
14776,male_masculine
12261,male_masculine
10323,male_masculine
46198,female_feminine
15129,male_masculine
40869,female_feminine
43609,female_feminine
11248,male_masculine
41679,female_feminine
39236,female_feminine
55454,female_feminine
38752,female_feminine
9535,male_masculine
42224,female_feminine
43428,female_feminine
1280,male_masculine
18038,male_masculine
45230,female_feminine
16779,male_masculine
52165,female_feminine
47963,female_feminine
11029,male_masculine
9709,male_masculine
39102,female_feminine
7345,male_masculine
5434,male_masculine
15181,male_masculine
45438,female_feminine
47583,female_feminine
18437,male_masculine
38087,female_feminine
16642,male_masculine
15788,male_masculine
3567,male_masculine
38949,female_feminine
43297,female_feminine
44385,female_feminine
16402,male_masculine
13061,male_masculine
55219,female_feminine
55681,female_feminine
46219,female_feminine
55535,female_feminine
253,male_masculine
45387,female_feminine
5446,male_masculine
23,male_masculine
583,male_masculine
10504,male_masculine
11197,male_masculine
40429,female_feminine
44048,female_feminine
41292,female_feminine
43368,female_feminine
47985,female_feminine
5216,male_masculine
5506,male_masculine
10760,male_masculine
18492,male_masculine
13043,male_masculine
41893,female_feminine
16933,male_masculine
10230,male_masculine
39116,female_feminine
6326,male_masculine
1330,male_masculine
17451,male_masculine
38887,female_feminine
42605,female_feminine
47118,female_feminine
11304,male_masculine
13496,male_masculine
55708,female_feminine
53882,female_feminine
6457,male_masculine
1430,male_masculine
46500,female_feminine
42837,female_feminine
55324,female_feminine
53681,female_feminine
17145,male_masculine
9787,male_masculine
38629,female_feminine
6130,male_masculine
45033,female_feminine
46522,female_feminine
224,male_masculine
18281,male_masculine
46531,female_feminine
7297,male_masculine
1493,male_masculine
38861,female_feminine
55019,female_feminine
46415,female_feminine
46778,female_feminine
15263,male_masculine
42578,female_feminine
55359,female_feminine
11724,male_masculine
39338,female_feminine
909,male_masculine
41501,female_feminine
53767,female_feminine
12315,male_masculine
15654,male_masculine
17899,male_masculine
47933,female_feminine
6723,male_masculine
1,male_masculine
47074,female_feminine
5903,male_masculine
41350,female_feminine
5453,male_masculine
43068,female_feminine
13393,male_masculine
40410,female_feminine
38865,female_feminine
46063,female_feminine
42029,female_feminine
1149,male_masculine
53542,female_feminine
10903,male_masculine
172,male_masculine
16358,male_masculine
40949,female_feminine
6954,male_masculine
55729,female_feminine
46841,female_feminine
46273,female_feminine
55053,female_feminine
39344,female_feminine
46615,female_feminine
10297,male_masculine
48153,female_feminine
15733,male_masculine
17603,male_masculine
18692,male_masculine
10106,male_masculine
42196,female_feminine
43374,female_feminine
13048,male_masculine
41042,female_feminine
41606,female_feminine
10830,male_masculine
18464,male_masculine
50161,female_feminine
38272,female_feminine
16037,male_masculine
18249,male_masculine
43010,female_feminine
38701,female_feminine
1587,male_masculine
11019,male_masculine
50225,female_feminine
55572,female_feminine
43742,female_feminine
18542,male_masculine
43791,female_feminine
5806,male_masculine
52190,female_feminine
55158,female_feminine
911,male_masculine
55036,female_feminine
3570,male_masculine
12388,male_masculine
6127,male_masculine
41340,female_feminine
10353,male_masculine
12232,male_masculine
39606,female_feminine
17416,male_masculine
45773,female_feminine
46604,female_feminine
119,male_masculine
40330,female_feminine
38946,female_feminine
17809,male_masculine
15236,male_masculine
53573,female_feminine
43573,female_feminine
16397,male_masculine
42547,female_feminine
13459,male_masculine
9705,male_masculine
10489,male_masculine
41812,female_feminine
13109,male_masculine
15321,male_masculine
43715,female_feminine
47912,female_feminine
17724,male_masculine
42021,female_feminine
13426,male_masculine
41437,female_feminine
39653,female_feminine
40210,female_feminine
759,male_masculine
40069,female_feminine
41666,female_feminine
6564,male_masculine
16275,male_masculine
389,male_masculine
44428,female_feminine
39230,female_feminine
15903,male_masculine
40529,female_feminine
5703,male_masculine
16414,male_masculine
38911,female_feminine
15210,male_masculine
133,male_masculine
40639,female_feminine
18058,male_masculine
43710,female_feminine
5368,male_masculine
39044,female_feminine
44026,female_feminine
50227,female_feminine
10715,male_masculine
496,male_masculine
55132,female_feminine
45103,female_feminine
14910,male_masculine
17213,male_masculine
38572,female_feminine
45921,female_feminine
39655,female_feminine
42771,female_feminine
17879,male_masculine
44562,female_feminine
46949,female_feminine
40246,female_feminine
47088,female_feminine
54061,female_feminine
11000,male_masculine
55845,female_feminine
11180,male_masculine
1019,male_masculine
17989,male_masculine
11806,male_masculine
38191,female_feminine
17675,male_masculine
45901,female_feminine
18721,male_masculine
41686,female_feminine
43714,female_feminine
55530,female_feminine
11763,male_masculine
16824,male_masculine
43873,female_feminine
43966,female_feminine
42494,female_feminine
42539,female_feminine
40879,female_feminine
13221,male_masculine
14851,male_masculine
41484,female_feminine
40350,female_feminine
45944,female_feminine
42380,female_feminine
45895,female_feminine
9413,male_masculine
18347,male_masculine
44732,female_feminine
12104,male_masculine
50257,female_feminine
53898,female_feminine
10877,male_masculine
11517,male_masculine
15086,male_masculine
1359,male_masculine
15676,male_masculine
41197,female_feminine
16900,male_masculine
38904,female_feminine
55714,female_feminine
5416,male_masculine
6213,male_masculine
53753,female_feminine
38502,female_feminine
15881,male_masculine
15287,male_masculine
40332,female_feminine
5567,male_masculine
38488,female_feminine
53826,female_feminine
13614,male_masculine
18616,male_masculine
12314,male_masculine
47003,female_feminine
12286,male_masculine
10694,male_masculine
40554,female_feminine
47,male_masculine
54099,female_feminine
46951,female_feminine
40672,female_feminine
17050,male_masculine
9217,male_masculine
40005,female_feminine
40898,female_feminine
16122,male_masculine
41874,female_feminine
1044,male_masculine
47279,female_feminine
11970,male_masculine
5794,male_masculine
55294,female_feminine
5429,male_masculine
42599,female_feminine
9384,male_masculine
43517,female_feminine
14839,male_masculine
55150,female_feminine
39930,female_feminine
12037,male_masculine
41690,female_feminine
6593,male_masculine
1618,male_masculine
13740,male_masculine
157,male_masculine
48370,female_feminine
47268,female_feminine
53744,female_feminine
17626,male_masculine
18728,male_masculine
46285,female_feminine
39610,female_feminine
44232,female_feminine
6892,male_masculine
16392,male_masculine
39807,female_feminine
41300,female_feminine
40285,female_feminine
46066,female_feminine
16929,male_masculine
53642,female_feminine
16137,male_masculine
11620,male_masculine
39059,female_feminine
50346,female_feminine
5827,male_masculine
6456,male_masculine
47766,female_feminine
48183,female_feminine
11918,male_masculine
11162,male_masculine
47644,female_feminine
46523,female_feminine
43158,female_feminine
15250,male_masculine
16332,male_masculine
47407,female_feminine
15689,male_masculine
39602,female_feminine
11896,male_masculine
9271,male_masculine
5463,male_masculine
38486,female_feminine
10648,male_masculine
16586,male_masculine
55031,female_feminine
18451,male_masculine
48254,female_feminine
11069,male_masculine
13728,male_masculine
9546,male_masculine
17433,male_masculine
55492,female_feminine
50323,female_feminine
605,male_masculine
42557,female_feminine
11700,male_masculine
11059,male_masculine
42344,female_feminine
13175,male_masculine
13730,male_masculine
44419,female_feminine
44710,female_feminine
16849,male_masculine
46762,female_feminine
1219,male_masculine
12327,male_masculine
41802,female_feminine
40734,female_feminine
40081,female_feminine
5885,male_masculine
38036,female_feminine
38596,female_feminine
10793,male_masculine
53553,female_feminine
39890,female_feminine
16143,male_masculine
9322,male_masculine
41363,female_feminine
38082,female_feminine
9745,male_masculine
6084,male_masculine
5332,male_masculine
17181,male_masculine
47519,female_feminine
41725,female_feminine
13760,male_masculine
41781,female_feminine
11823,male_masculine
16820,male_masculine
18210,male_masculine
39952,female_feminine
42329,female_feminine
40063,female_feminine
40218,female_feminine
10390,male_masculine
6485,male_masculine
9467,male_masculine
39409,female_feminine
13521,male_masculine
14833,male_masculine
45664,female_feminine
10284,male_masculine
14964,male_masculine
17656,male_masculine
9635,male_masculine
17943,male_masculine
41182,female_feminine
16835,male_masculine
43857,female_feminine
47264,female_feminine
50221,female_feminine
46582,female_feminine
53844,female_feminine
41409,female_feminine
13232,male_masculine
46926,female_feminine
14865,male_masculine
10787,male_masculine
17351,male_masculine
18184,male_masculine
40787,female_feminine
17420,male_masculine
11511,male_masculine
11129,male_masculine
47092,female_feminine
13440,male_masculine
48324,female_feminine
44278,female_feminine
40717,female_feminine
10859,male_masculine
43252,female_feminine
9441,male_masculine
42252,female_feminine
6890,male_masculine
10723,male_masculine
40425,female_feminine
44705,female_feminine
16639,male_masculine
53627,female_feminine
38719,female_feminine
48246,female_feminine
7151,male_masculine
11394,male_masculine
12331,male_masculine
15112,male_masculine
39454,female_feminine
38063,female_feminine
45146,female_feminine
9977,male_masculine
46298,female_feminine
13117,male_masculine
40637,female_feminine
42457,female_feminine
743,male_masculine
14868,male_masculine
41377,female_feminine
6638,male_masculine
7214,male_masculine
16992,male_masculine
5666,male_masculine
12159,male_masculine
44148,female_feminine
41024,female_feminine
38291,female_feminine
18430,male_masculine
11539,male_masculine
15099,male_masculine
41251,female_feminine
489,male_masculine
15104,male_masculine
5821,male_masculine
13594,male_masculine
46466,female_feminine
344,male_masculine
13002,male_masculine
55788,female_feminine
39760,female_feminine
14918,male_masculine
42285,female_feminine
43145,female_feminine
41400,female_feminine
46267,female_feminine
13157,male_masculine
55102,female_feminine
39718,female_feminine
44185,female_feminine
43404,female_feminine
5564,male_masculine
6237,male_masculine
11774,male_masculine
47165,female_feminine
42511,female_feminine
13446,male_masculine
41122,female_feminine
12281,male_masculine
45858,female_feminine
15417,male_masculine
55078,female_feminine
12322,male_masculine
17252,male_masculine
12329,male_masculine
44874,female_feminine
53661,female_feminine
42436,female_feminine
39935,female_feminine
39645,female_feminine
40513,female_feminine
38793,female_feminine
97,male_masculine
45185,female_feminine
44455,female_feminine
38655,female_feminine
46856,female_feminine
39719,female_feminine
15762,male_masculine
7261,male_masculine
15517,male_masculine
45507,female_feminine
6160,male_masculine
47955,female_feminine
9487,male_masculine
17089,male_masculine
17193,male_masculine
39524,female_feminine
46987,female_feminine
10700,male_masculine
43562,female_feminine
53655,female_feminine
39689,female_feminine
12293,male_masculine
41743,female_feminine
45238,female_feminine
46003,female_feminine
48108,female_feminine
1009,male_masculine
38728,female_feminine
44188,female_feminine
39521,female_feminine
13452,male_masculine
15256,male_masculine
40371,female_feminine
48424,female_feminine
17847,male_masculine
5788,male_masculine
343,male_masculine
6662,male_masculine
46426,female_feminine
44860,female_feminine
46888,female_feminine
1341,male_masculine
40476,female_feminine
11878,male_masculine
1439,male_masculine
39365,female_feminine
18696,male_masculine
40520,female_feminine
13774,male_masculine
12105,male_masculine
54088,female_feminine
43897,female_feminine
18129,male_masculine
55501,female_feminine
39997,female_feminine
38615,female_feminine
47874,female_feminine
41088,female_feminine
43877,female_feminine
39877,female_feminine
14995,male_masculine
42556,female_feminine
39830,female_feminine
55549,female_feminine
45460,female_feminine
7038,male_masculine
42213,female_feminine
1254,male_masculine
44916,female_feminine
15727,male_masculine
9712,male_masculine
13375,male_masculine
55320,female_feminine
39779,female_feminine
55326,female_feminine
13041,male_masculine
11354,male_masculine
53795,female_feminine
45456,female_feminine
55609,female_feminine
17294,male_masculine
44719,female_feminine
5456,male_masculine
40055,female_feminine
15231,male_masculine
16382,male_masculine
40706,female_feminine
5776,male_masculine
5711,male_masculine
39782,female_feminine
52155,female_feminine
40365,female_feminine
53851,female_feminine
14831,male_masculine
44103,female_feminine
18506,male_masculine
7251,male_masculine
44180,female_feminine
46039,female_feminine
47562,female_feminine
893,male_masculine
53738,female_feminine
47449,female_feminine
17869,male_masculine
17975,male_masculine
55956,female_feminine
1249,male_masculine
11927,male_masculine
39743,female_feminine
40851,female_feminine
1220,male_masculine
12946,male_masculine
9941,male_masculine
43076,female_feminine
48065,female_feminine
16600,male_masculine
56,male_masculine
13381,male_masculine
39501,female_feminine
38044,female_feminine
47384,female_feminine
24,male_masculine
45657,female_feminine
46156,female_feminine
15420,male_masculine
45032,female_feminine
13250,male_masculine
39708,female_feminine
53855,female_feminine
38812,female_feminine
10582,male_masculine
44331,female_feminine
1572,male_masculine
55792,female_feminine
20121,female_feminine
41609,female_feminine
40585,female_feminine
10777,male_masculine
39815,female_feminine
16874,male_masculine
39665,female_feminine
6016,male_masculine
47190,female_feminine
5627,male_masculine
40293,female_feminine
44563,female_feminine
42386,female_feminine
40324,female_feminine
13723,male_masculine
11366,male_masculine
16666,male_masculine
6596,male_masculine
53960,female_feminine
41324,female_feminine
39690,female_feminine
41516,female_feminine
46699,female_feminine
12933,male_masculine
46794,female_feminine
40142,female_feminine
6228,male_masculine
15361,male_masculine
14862,male_masculine
42119,female_feminine
15763,male_masculine
16765,male_masculine
45926,female_feminine
47555,female_feminine
43358,female_feminine
42292,female_feminine
11383,male_masculine
39030,female_feminine
13006,male_masculine
38320,female_feminine
42087,female_feminine
44677,female_feminine
41613,female_feminine
44377,female_feminine
12068,male_masculine
47554,female_feminine
16617,male_masculine
55020,female_feminine
38925,female_feminine
42242,female_feminine
5769,male_masculine
45873,female_feminine
38055,female_feminine
40233,female_feminine
495,male_masculine
454,male_masculine
6967,male_masculine
45778,female_feminine
39780,female_feminine
669,male_masculine
18607,male_masculine
17550,male_masculine
38333,female_feminine
11716,male_masculine
48184,female_feminine
6082,male_masculine
41386,female_feminine
43900,female_feminine
39608,female_feminine
42340,female_feminine
42086,female_feminine
37,male_masculine
55783,female_feminine
272,male_masculine
46247,female_feminine
40864,female_feminine
16316,male_masculine
17557,male_masculine
13004,male_masculine
55986,female_feminine
6079,male_masculine
43183,female_feminine
46499,female_feminine
10272,male_masculine
16126,male_masculine
40026,female_feminine
39721,female_feminine
50280,female_feminine
12332,male_masculine
55438,female_feminine
45645,female_feminine
39066,female_feminine
41961,female_feminine
16007,male_masculine
47451,female_feminine
9430,male_masculine
46248,female_feminine
48096,female_feminine
44798,female_feminine
39373,female_feminine
48384,female_feminine
53601,female_feminine
45868,female_feminine
45180,female_feminine
52167,female_feminine
10346,male_masculine
15183,male_masculine
5365,male_masculine
47116,female_feminine
44311,female_feminine
17625,male_masculine
17808,male_masculine
41218,female_feminine
13472,male_masculine
42382,female_feminine
55875,female_feminine
46505,female_feminine
43328,female_feminine
11831,male_masculine
41682,female_feminine
17085,male_masculine
41299,female_feminine
46337,female_feminine
18743,male_masculine
44782,female_feminine
15848,male_masculine
45793,female_feminine
18517,male_masculine
11231,male_masculine
18299,male_masculine
11811,male_masculine
39415,female_feminine
45974,female_feminine
53606,female_feminine
13431,male_masculine
42861,female_feminine
53748,female_feminine
41493,female_feminine
42132,female_feminine
45128,female_feminine
16427,male_masculine
48416,female_feminine
9736,male_masculine
488,male_masculine
9377,male_masculine
10540,male_masculine
46848,female_feminine
15475,male_masculine
55188,female_feminine
41795,female_feminine
12003,male_masculine
5655,male_masculine
7393,male_masculine
55349,female_feminine
5477,male_masculine
5605,male_masculine
46048,female_feminine
44527,female_feminine
38520,female_feminine
11186,male_masculine
42076,female_feminine
42495,female_feminine
15714,male_masculine
45714,female_feminine
9444,male_masculine
1331,male_masculine
11436,male_masculine
20128,female_feminine
7122,male_masculine
41697,female_feminine
42063,female_feminine
38469,female_feminine
7341,male_masculine
1040,male_masculine
40793,female_feminine
55171,female_feminine
45374,female_feminine
42263,female_feminine
5299,male_masculine
38772,female_feminine
55187,female_feminine
12219,male_masculine
9178,male_masculine
319,male_masculine
45209,female_feminine
44591,female_feminine
17599,male_masculine
38243,female_feminine
48110,female_feminine
15191,male_masculine
660,male_masculine
9853,male_masculine
1148,male_masculine
42948,female_feminine
9767,male_masculine
9375,male_masculine
39277,female_feminine
53644,female_feminine
44711,female_feminine
45729,female_feminine
6811,male_masculine
412,male_masculine
13285,male_masculine
18231,male_masculine
17531,male_masculine
40613,female_feminine
13336,male_masculine
38205,female_feminine
38422,female_feminine
20118,female_feminine
17533,male_masculine
41973,female_feminine
43080,female_feminine
1256,male_masculine
47539,female_feminine
41744,female_feminine
43600,female_feminine
40283,female_feminine
16487,male_masculine
10338,male_masculine
371,male_masculine
43124,female_feminine
47527,female_feminine
18218,male_masculine
6983,male_masculine
14740,male_masculine
38250,female_feminine
18594,male_masculine
11816,male_masculine
10719,male_masculine
42560,female_feminine
12129,male_masculine
43431,female_feminine
46591,female_feminine
11050,male_masculine
39050,female_feminine
18656,male_masculine
10947,male_masculine
12965,male_masculine
46746,female_feminine
17995,male_masculine
45750,female_feminine
3568,male_masculine
55234,female_feminine
38208,female_feminine
7005,male_masculine
45591,female_feminine
11599,male_masculine
17646,male_masculine
50137,female_feminine
687,male_masculine
45817,female_feminine
38361,female_feminine
40722,female_feminine
6412,male_masculine
40887,female_feminine
46779,female_feminine
7354,male_masculine
47465,female_feminine
43279,female_feminine
40903,female_feminine
15151,male_masculine
1315,male_masculine
870,male_masculine
38103,female_feminine
42801,female_feminine
55890,female_feminine
41632,female_feminine
9898,male_masculine
46433,female_feminine
48380,female_feminine
12033,male_masculine
5959,male_masculine
5927,male_masculine
46796,female_feminine
44738,female_feminine
45373,female_feminine
13256,male_masculine
39381,female_feminine
40757,female_feminine
40684,female_feminine
48400,female_feminine
38302,female_feminine
7375,male_masculine
13548,male_masculine
5467,male_masculine
42445,female_feminine
12303,male_masculine
16594,male_masculine
9399,male_masculine
45030,female_feminine
81,male_masculine
10326,male_masculine
45191,female_feminine
7368,male_masculine
39154,female_feminine
11804,male_masculine
50350,female_feminine
10679,male_masculine
13174,male_masculine
17910,male_masculine
41846,female_feminine
10292,male_masculine
13510,male_masculine
47179,female_feminine
55651,female_feminine
14745,male_masculine
12175,male_masculine
53909,female_feminine
15353,male_masculine
3585,male_masculine
55704,female_feminine
41655,female_feminine
7145,male_masculine
349,male_masculine
340,male_masculine
40122,female_feminine
16147,male_masculine
5949,male_masculine
55932,female_feminine
44019,female_feminine
41181,female_feminine
16520,male_masculine
10208,male_masculine
43673,female_feminine
11428,male_masculine
10783,male_masculine
7169,male_masculine
43688,female_feminine
16768,male_masculine
46361,female_feminine
43678,female_feminine
730,male_masculine
45365,female_feminine
48413,female_feminine
9207,male_masculine
46984,female_feminine
584,male_masculine
55101,female_feminine
44615,female_feminine
47312,female_feminine
322,male_masculine
40136,female_feminine
10945,male_masculine
6419,male_masculine
10594,male_masculine
5786,male_masculine
42272,female_feminine
7238,male_masculine
6782,male_masculine
15381,male_masculine
6250,male_masculine
41827,female_feminine
53688,female_feminine
43227,female_feminine
15295,male_masculine
1267,male_masculine
17825,male_masculine
15134,male_masculine
44911,female_feminine
9462,male_masculine
46914,female_feminine
10560,male_masculine
16879,male_masculine
43613,female_feminine
46034,female_feminine
11881,male_masculine
12953,male_masculine
655,male_masculine
38503,female_feminine
17028,male_masculine
40950,female_feminine
40035,female_feminine
46515,female_feminine
18627,male_masculine
6742,male_masculine
18587,male_masculine
7058,male_masculine
13050,male_masculine
53980,female_feminine
48435,female_feminine
9527,male_masculine
42000,female_feminine
6377,male_masculine
40668,female_feminine
40972,female_feminine
6290,male_masculine
45765,female_feminine
55838,female_feminine
53900,female_feminine
1062,male_masculine
40036,female_feminine
15811,male_masculine
42761,female_feminine
15742,male_masculine
6329,male_masculine
6880,male_masculine
9521,male_masculine
11719,male_masculine
43255,female_feminine
10109,male_masculine
41477,female_feminine
7031,male_masculine
40039,female_feminine
17949,male_masculine
44999,female_feminine
39796,female_feminine
17851,male_masculine
43736,female_feminine
39327,female_feminine
41983,female_feminine
41792,female_feminine
42022,female_feminine
44305,female_feminine
11612,male_masculine
38902,female_feminine
13128,male_masculine
45941,female_feminine
12211,male_masculine
10175,male_masculine
55029,female_feminine
11122,male_masculine
47101,female_feminine
5538,male_masculine
13314,male_masculine
38830,female_feminine
46162,female_feminine
45994,female_feminine
40625,female_feminine
6364,male_masculine
17353,male_masculine
11825,male_masculine
9416,male_masculine
16044,male_masculine
41552,female_feminine
14897,male_masculine
5625,male_masculine
17785,male_masculine
39907,female_feminine
39849,female_feminine
18403,male_masculine
15444,male_masculine
39700,female_feminine
42803,female_feminine
6446,male_masculine
7068,male_masculine
43762,female_feminine
55715,female_feminine
44476,female_feminine
10925,male_masculine
41881,female_feminine
46641,female_feminine
14796,male_masculine
41080,female_feminine
6313,male_masculine
1511,male_masculine
11642,male_masculine
47528,female_feminine
45730,female_feminine
15429,male_masculine
16886,male_masculine
16181,male_masculine
43327,female_feminine
55382,female_feminine
10492,male_masculine
41911,female_feminine
44165,female_feminine
43685,female_feminine
18047,male_masculine
9490,male_masculine
42567,female_feminine
11776,male_masculine
40817,female_feminine
9354,male_masculine
40188,female_feminine
6963,male_masculine
50,male_masculine
38033,female_feminine
39092,female_feminine
9716,male_masculine
5522,male_masculine
6303,male_masculine
44475,female_feminine
16633,male_masculine
45046,female_feminine
9411,male_masculine
73,male_masculine
43819,female_feminine
16924,male_masculine
43670,female_feminine
17904,male_masculine
38662,female_feminine
7127,male_masculine
15152,male_masculine
55190,female_feminine
40027,female_feminine
45420,female_feminine
47914,female_feminine
557,male_masculine
48350,female_feminine
45601,female_feminine
281,male_masculine
41592,female_feminine
18678,male_masculine
41492,female_feminine
6335,male_masculine
16568,male_masculine
10060,male_masculine
38220,female_feminine
18443,male_masculine
41734,female_feminine
1610,male_masculine
7053,male_masculine
15803,male_masculine
53679,female_feminine
43220,female_feminine
43251,female_feminine
5740,male_masculine
10218,male_masculine
53676,female_feminine
14883,male_masculine
44700,female_feminine
42004,female_feminine
44981,female_feminine
10882,male_masculine
48084,female_feminine
12387,male_masculine
43221,female_feminine
46894,female_feminine
53647,female_feminine
39783,female_feminine
45939,female_feminine
16505,male_masculine
6046,male_masculine
18690,male_masculine
40008,female_feminine
11629,male_masculine
46118,female_feminine
18041,male_masculine
44229,female_feminine
981,male_masculine
38401,female_feminine
17574,male_masculine
18092,male_masculine
5265,male_masculine
9460,male_masculine
5641,male_masculine
40398,female_feminine
50246,female_feminine
405,male_masculine
11696,male_masculine
54112,female_feminine
43457,female_feminine
45875,female_feminine
39856,female_feminine
43189,female_feminine
17921,male_masculine
12154,male_masculine
286,male_masculine
1276,male_masculine
1376,male_masculine
41989,female_feminine
53963,female_feminine
17390,male_masculine
45934,female_feminine
42090,female_feminine
12024,male_masculine
7389,male_masculine
17674,male_masculine
14876,male_masculine
46909,female_feminine
38697,female_feminine
43978,female_feminine
45735,female_feminine
11031,male_masculine
41934,female_feminine
10535,male_masculine
40681,female_feminine
44135,female_feminine
659,male_masculine
18353,male_masculine
43091,female_feminine
18659,male_masculine
41215,female_feminine
13479,male_masculine
10644,male_masculine
17396,male_masculine
15891,male_masculine
45578,female_feminine
9442,male_masculine
52145,female_feminine
38027,female_feminine
6210,male_masculine
39659,female_feminine
39926,female_feminine
5857,male_masculine
38359,female_feminine
39430,female_feminine
48371,female_feminine
936,male_masculine
53620,female_feminine
17952,male_masculine
40389,female_feminine
48209,female_feminine
44474,female_feminine
43496,female_feminine
45337,female_feminine
41915,female_feminine
39139,female_feminine
41144,female_feminine
43414,female_feminine
12957,male_masculine
38364,female_feminine
47676,female_feminine
13056,male_masculine
1043,male_masculine
12350,male_masculine
43409,female_feminine
17375,male_masculine
11422,male_masculine
9815,male_masculine
18123,male_masculine
44537,female_feminine
46890,female_feminine
46352,female_feminine
18572,male_masculine
39923,female_feminine
47761,female_feminine
6851,male_masculine
6027,male_masculine
43466,female_feminine
40930,female_feminine
43464,female_feminine
48111,female_feminine
5353,male_masculine
39636,female_feminine
18017,male_masculine
5206,male_masculine
7286,male_masculine
46566,female_feminine
10357,male_masculine
46616,female_feminine
38164,female_feminine
15404,male_masculine
40418,female_feminine
18439,male_masculine
15919,male_masculine
610,male_masculine
45682,female_feminine
12363,male_masculine
14863,male_masculine
658,male_masculine
46907,female_feminine
47540,female_feminine
16805,male_masculine
18342,male_masculine
11592,male_masculine
55173,female_feminine
41341,female_feminine
10531,male_masculine
18069,male_masculine
11535,male_masculine
43412,female_feminine
18657,male_masculine
45052,female_feminine
5441,male_masculine
45867,female_feminine
55707,female_feminine
13698,male_masculine
42137,female_feminine
46062,female_feminine
7147,male_masculine
39764,female_feminine
44842,female_feminine
39812,female_feminine
46303,female_feminine
12226,male_masculine
50324,female_feminine
18744,male_masculine
53828,female_feminine
16307,male_masculine
5437,male_masculine
6687,male_masculine
41056,female_feminine
10583,male_masculine
9407,male_masculine
40411,female_feminine
7248,male_masculine
16778,male_masculine
16047,male_masculine
42982,female_feminine
13380,male_masculine
50164,female_feminine
43954,female_feminine
45050,female_feminine
15196,male_masculine
47595,female_feminine
41710,female_feminine
47401,female_feminine
15992,male_masculine
44281,female_feminine
17521,male_masculine
47330,female_feminine
38251,female_feminine
5676,male_masculine
10010,male_masculine
55345,female_feminine
5200,male_masculine
16556,male_masculine
18404,male_masculine
15370,male_masculine
16048,male_masculine
11752,male_masculine
47367,female_feminine
41096,female_feminine
16293,male_masculine
15928,male_masculine
15553,male_masculine
41110,female_feminine
18137,male_masculine
40721,female_feminine
38799,female_feminine
55957,female_feminine
43121,female_feminine
47021,female_feminine
61,male_masculine
11603,male_masculine
43924,female_feminine
17133,male_masculine
55598,female_feminine
40704,female_feminine
47997,female_feminine
43733,female_feminine
55613,female_feminine
17470,male_masculine
41028,female_feminine
11697,male_masculine
18013,male_masculine
50264,female_feminine
45498,female_feminine
15431,male_masculine
208,male_masculine
9200,male_masculine
42970,female_feminine
44946,female_feminine
44335,female_feminine
6311,male_masculine
16477,male_masculine
5746,male_masculine
48303,female_feminine
39706,female_feminine
42669,female_feminine
55782,female_feminine
44584,female_feminine
10640,male_masculine
18028,male_masculine
55797,female_feminine
41387,female_feminine
38824,female_feminine
15972,male_masculine
15482,male_masculine
9867,male_masculine
9575,male_masculine
44164,female_feminine
46751,female_feminine
6577,male_masculine
44099,female_feminine
18086,male_masculine
47134,female_feminine
5997,male_masculine
15176,male_masculine
18181,male_masculine
43095,female_feminine
42988,female_feminine
7083,male_masculine
886,male_masculine
46470,female_feminine
14789,male_masculine
48417,female_feminine
11952,male_masculine
9357,male_masculine
43141,female_feminine
1356,male_masculine
42797,female_feminine
38451,female_feminine
46149,female_feminine
6150,male_masculine
10517,male_masculine
46001,female_feminine
54130,female_feminine
42008,female_feminine
40968,female_feminine
5338,male_masculine
7118,male_masculine
971,male_masculine
9189,male_masculine
41269,female_feminine
42909,female_feminine
12994,male_masculine
44852,female_feminine
43445,female_feminine
38955,female_feminine
10868,male_masculine
45770,female_feminine
10313,male_masculine
11746,male_masculine
10495,male_masculine
47623,female_feminine
6891,male_masculine
5632,male_masculine
55062,female_feminine
12032,male_masculine
11741,male_masculine
47276,female_feminine
45669,female_feminine
18710,male_masculine
43337,female_feminine
41420,female_feminine
6472,male_masculine
11426,male_masculine
16329,male_masculine
38315,female_feminine
42900,female_feminine
41953,female_feminine
7394,male_masculine
12114,male_masculine
40553,female_feminine
47102,female_feminine
10633,male_masculine
55389,female_feminine
41232,female_feminine
44444,female_feminine
44422,female_feminine
55678,female_feminine
15139,male_masculine
53807,female_feminine
18630,male_masculine
12317,male_masculine
10016,male_masculine
9758,male_masculine
15506,male_masculine
42507,female_feminine
17628,male_masculine
15696,male_masculine
13261,male_masculine
40082,female_feminine
38466,female_feminine
6481,male_masculine
44025,female_feminine
42601,female_feminine
44033,female_feminine
46030,female_feminine
17577,male_masculine
48023,female_feminine
5383,male_masculine
537,male_masculine
13445,male_masculine
9580,male_masculine
17229,male_masculine
5650,male_masculine
10820,male_masculine
10525,male_masculine
40140,female_feminine
15016,male_masculine
18190,male_masculine
13664,male_masculine
12218,male_masculine
13684,male_masculine
55166,female_feminine
18044,male_masculine
5698,male_masculine
18697,male_masculine
10467,male_masculine
13560,male_masculine
41562,female_feminine
44848,female_feminine
832,male_masculine
14854,male_masculine
10826,male_masculine
39612,female_feminine
11708,male_masculine
43084,female_feminine
14728,male_masculine
15960,male_masculine
17868,male_masculine
46192,female_feminine
9908,male_masculine
9555,male_masculine
791,male_masculine
47918,female_feminine
17926,male_masculine
11349,male_masculine
5701,male_masculine
13067,male_masculine
15026,male_masculine
38844,female_feminine
45658,female_feminine
18724,male_masculine
16588,male_masculine
40354,female_feminine
47646,female_feminine
7055,male_masculine
828,male_masculine
6791,male_masculine
46490,female_feminine
6655,male_masculine
10593,male_masculine
15533,male_masculine
1342,male_masculine
46203,female_feminine
38022,female_feminine
41630,female_feminine
18225,male_masculine
18453,male_masculine
17737,male_masculine
50326,female_feminine
12074,male_masculine
241,male_masculine
14761,male_masculine
39673,female_feminine
48319,female_feminine
15286,male_masculine
15672,male_masculine
11723,male_masculine
45527,female_feminine
17334,male_masculine
17098,male_masculine
11466,male_masculine
44149,female_feminine
12042,male_masculine
5384,male_masculine
45900,female_feminine
43712,female_feminine
15804,male_masculine
143,male_masculine
47726,female_feminine
11012,male_masculine
41998,female_feminine
41162,female_feminine
6334,male_masculine
9740,male_masculine
11532,male_masculine
15666,male_masculine
38504,female_feminine
17103,male_masculine
12321,male_masculine
9890,male_masculine
15800,male_masculine
10764,male_masculine
47349,female_feminine
38594,female_feminine
17035,male_masculine
1590,male_masculine
43645,female_feminine
18112,male_masculine
16447,male_masculine
38786,female_feminine
10804,male_masculine
46325,female_feminine
9812,male_masculine
807,male_masculine
17424,male_masculine
18646,male_masculine
55405,female_feminine
55615,female_feminine
17378,male_masculine
41176,female_feminine
6702,male_masculine
1527,male_masculine
5681,male_masculine
38358,female_feminine
47508,female_feminine
41047,female_feminine
10674,male_masculine
41227,female_feminine
53779,female_feminine
664,male_masculine
44078,female_feminine
11553,male_masculine
243,male_masculine
7048,male_masculine
55033,female_feminine
17347,male_masculine
46831,female_feminine
5890,male_masculine
15796,male_masculine
38091,female_feminine
9305,male_masculine
13682,male_masculine
39375,female_feminine
6304,male_masculine
40051,female_feminine
41262,female_feminine
11749,male_masculine
44819,female_feminine
13758,male_masculine
42986,female_feminine
45579,female_feminine
3576,male_masculine
7092,male_masculine
10458,male_masculine
46545,female_feminine
17401,male_masculine
14913,male_masculine
50279,female_feminine
48166,female_feminine
9945,male_masculine
47023,female_feminine
15541,male_masculine
13405,male_masculine
40396,female_feminine
40958,female_feminine
40196,female_feminine
1310,male_masculine
45220,female_feminine
43529,female_feminine
16067,male_masculine
16538,male_masculine
44829,female_feminine
17770,male_masculine
11566,male_masculine
5871,male_masculine
6869,male_masculine
16455,male_masculine
9617,male_masculine
41544,female_feminine
42186,female_feminine
40665,female_feminine
42475,female_feminine
55857,female_feminine
39462,female_feminine
10818,male_masculine
11690,male_masculine
53580,female_feminine
10065,male_masculine
18504,male_masculine
10773,male_masculine
48273,female_feminine
38592,female_feminine
12929,male_masculine
15408,male_masculine
17427,male_masculine
15639,male_masculine
44942,female_feminine
6730,male_masculine
850,male_masculine
42625,female_feminine
18671,male_masculine
220,male_masculine
40040,female_feminine
6267,male_masculine
6940,male_masculine
13483,male_masculine
55743,female_feminine
42687,female_feminine
13456,male_masculine
47496,female_feminine
45526,female_feminine
17488,male_masculine
6713,male_masculine
1436,male_masculine
43608,female_feminine
15873,male_masculine
10429,male_masculine
18380,male_masculine
41460,female_feminine
39470,female_feminine
6248,male_masculine
48456,female_feminine
17529,male_masculine
46901,female_feminine
5665,male_masculine
5438,male_masculine
43331,female_feminine
7306,male_masculine
46572,female_feminine
1388,male_masculine
11288,male_masculine
18409,male_masculine
38510,female_feminine
55110,female_feminine
765,male_masculine
18485,male_masculine
1214,male_masculine
15106,male_masculine
13623,male_masculine
42379,female_feminine
1041,male_masculine
41569,female_feminine
47809,female_feminine
43561,female_feminine
6442,male_masculine
17242,male_masculine
9510,male_masculine
44116,female_feminine
10585,male_masculine
47221,female_feminine
38264,female_feminine
43139,female_feminine
11855,male_masculine
6755,male_masculine
11871,male_masculine
11044,male_masculine
45201,female_feminine
39372,female_feminine
42360,female_feminine
39697,female_feminine
7362,male_masculine
16888,male_masculine
39289,female_feminine
159,male_masculine
670,male_masculine
17495,male_masculine
45677,female_feminine
55896,female_feminine
5374,male_masculine
42806,female_feminine
17889,male_masculine
16936,male_masculine
10097,male_masculine
10446,male_masculine
27,male_masculine
1161,male_masculine
1247,male_masculine
16717,male_masculine
13738,male_masculine
45190,female_feminine
5598,male_masculine
14771,male_masculine
53938,female_feminine
44211,female_feminine
55130,female_feminine
80,male_masculine
55716,female_feminine
10034,male_masculine
40373,female_feminine
45902,female_feminine
9374,male_masculine
16169,male_masculine
47580,female_feminine
18020,male_masculine
41134,female_feminine
55214,female_feminine
6366,male_masculine
13488,male_masculine
5755,male_masculine
46678,female_feminine
40656,female_feminine
11294,male_masculine
44124,female_feminine
47541,female_feminine
17207,male_masculine
11775,male_masculine
41700,female_feminine
14770,male_masculine
14836,male_masculine
41545,female_feminine
14885,male_masculine
43253,female_feminine
6664,male_masculine
17302,male_masculine
42403,female_feminine
17408,male_masculine
9233,male_masculine
9669,male_masculine
15556,male_masculine
47352,female_feminine
812,male_masculine
46513,female_feminine
9392,male_masculine
11207,male_masculine
11275,male_masculine
10345,male_masculine
47235,female_feminine
326,male_masculine
47104,female_feminine
35,male_masculine
5967,male_masculine
55040,female_feminine
44598,female_feminine
55164,female_feminine
53916,female_feminine
12395,male_masculine
12393,male_masculine
9990,male_masculine
17881,male_masculine
38654,female_feminine
9877,male_masculine
55531,female_feminine
355,male_masculine
15765,male_masculine
38593,female_feminine
39668,female_feminine
43295,female_feminine
599,male_masculine
39954,female_feminine
13578,male_masculine
13085,male_masculine
47411,female_feminine
11662,male_masculine
38820,female_feminine
47556,female_feminine
1360,male_masculine
10096,male_masculine
38216,female_feminine
40164,female_feminine
40772,female_feminine
7002,male_masculine
43,male_masculine
43351,female_feminine
5620,male_masculine
48103,female_feminine
55468,female_feminine
45412,female_feminine
18491,male_masculine
11595,male_masculine
43675,female_feminine
6691,male_masculine
542,male_masculine
45245,female_feminine
45384,female_feminine
41086,female_feminine
42405,female_feminine
10118,male_masculine
18573,male_masculine
13376,male_masculine
16108,male_masculine
5423,male_masculine
55893,female_feminine
11540,male_masculine
47638,female_feminine
46427,female_feminine
40101,female_feminine
9996,male_masculine
5837,male_masculine
45667,female_feminine
48172,female_feminine
10314,male_masculine
10351,male_masculine
848,male_masculine
40024,female_feminine
48016,female_feminine
43910,female_feminine
43537,female_feminine
47091,female_feminine
39510,female_feminine
5682,male_masculine
12974,male_masculine
43469,female_feminine
7109,male_masculine
17980,male_masculine
40514,female_feminine
17107,male_masculine
6469,male_masculine
11255,male_masculine
41510,female_feminine
16980,male_masculine
10132,male_masculine
45480,female_feminine
15394,male_masculine
3579,male_masculine
43066,female_feminine
41622,female_feminine
9938,male_masculine
44122,female_feminine
55293,female_feminine
45782,female_feminine
6958,male_masculine
7163,male_masculine
40259,female_feminine
18276,male_masculine
42886,female_feminine
15069,male_masculine
9594,male_masculine
48451,female_feminine
15795,male_masculine
731,male_masculine
48427,female_feminine
55930,female_feminine
40358,female_feminine
40315,female_feminine
511,male_masculine
17411,male_masculine
336,male_masculine
38535,female_feminine
55903,female_feminine
525,male_masculine
9766,male_masculine
17769,male_masculine
6044,male_masculine
16259,male_masculine
47169,female_feminine
40881,female_feminine
14946,male_masculine
10600,male_masculine
39224,female_feminine
46368,female_feminine
44429,female_feminine
39096,female_feminine
53955,female_feminine
52152,female_feminine
15585,male_masculine
43282,female_feminine
16492,male_masculine
11510,male_masculine
42373,female_feminine
42926,female_feminine
38759,female_feminine
43693,female_feminine
3563,male_masculine
11638,male_masculine
13145,male_masculine
55755,female_feminine
39352,female_feminine
42174,female_feminine
39455,female_feminine
13517,male_masculine
18611,male_masculine
9396,male_masculine
18722,male_masculine
74,male_masculine
38871,female_feminine
43334,female_feminine
13311,male_masculine
5811,male_masculine
42793,female_feminine
15290,male_masculine
44194,female_feminine
39928,female_feminine
42305,female_feminine
358,male_masculine
46853,female_feminine
16575,male_masculine
43842,female_feminine
5342,male_masculine
39924,female_feminine
6831,male_masculine
46246,female_feminine
10009,male_masculine
41647,female_feminine
55201,female_feminine
44340,female_feminine
17555,male_masculine
48196,female_feminine
10735,male_masculine
48264,female_feminine
991,male_masculine
46072,female_feminine
17315,male_masculine
18550,male_masculine
5315,male_masculine
42437,female_feminine
47873,female_feminine
13398,male_masculine
38393,female_feminine
41081,female_feminine
16930,male_masculine
15100,male_masculine
13554,male_masculine
42817,female_feminine
11094,male_masculine
11727,male_masculine
45686,female_feminine
38842,female_feminine
17634,male_masculine
39114,female_feminine
13388,male_masculine
39237,female_feminine
17069,male_masculine
14850,male_masculine
5882,male_masculine
43579,female_feminine
5292,male_masculine
46336,female_feminine
12952,male_masculine
10584,male_masculine
41640,female_feminine
43735,female_feminine
13742,male_masculine
46102,female_feminine
46805,female_feminine
15611,male_masculine
42480,female_feminine
45022,female_feminine
39468,female_feminine
43807,female_feminine
16537,male_masculine
40914,female_feminine
5658,male_masculine
6373,male_masculine
40449,female_feminine
15923,male_masculine
13744,male_masculine
45226,female_feminine
6986,male_masculine
12346,male_masculine
43224,female_feminine
12071,male_masculine
46217,female_feminine
46447,female_feminine
40,male_masculine
40328,female_feminine
1104,male_masculine
12060,male_masculine
16782,male_masculine
42467,female_feminine
15272,male_masculine
39434,female_feminine
11342,male_masculine
47651,female_feminine
44820,female_feminine
5624,male_masculine
12245,male_masculine
17502,male_masculine
38378,female_feminine
11932,male_masculine
18575,male_masculine
45569,female_feminine
9859,male_masculine
12285,male_masculine
38893,female_feminine
55462,female_feminine
16979,male_masculine
13590,male_masculine
41945,female_feminine
40147,female_feminine
9485,male_masculine
10761,male_masculine
50208,female_feminine
44178,female_feminine
41479,female_feminine
6049,male_masculine
10082,male_masculine
42990,female_feminine
10814,male_masculine
39774,female_feminine
15000,male_masculine
17066,male_masculine
10293,male_masculine
9690,male_masculine
44052,female_feminine
47846,female_feminine
44975,female_feminine
38237,female_feminine
16532,male_masculine
7011,male_masculine
5515,male_masculine
47090,female_feminine
38467,female_feminine
16688,male_masculine
41208,female_feminine
6671,male_masculine
39313,female_feminine
10464,male_masculine
15563,male_masculine
11673,male_masculine
13352,male_masculine
42253,female_feminine
11961,male_masculine
7077,male_masculine
55909,female_feminine
42657,female_feminine
55886,female_feminine
42321,female_feminine
38440,female_feminine
50278,female_feminine
39506,female_feminine
1283,male_masculine
46485,female_feminine
451,male_masculine
7332,male_masculine
38986,female_feminine
13706,male_masculine
47208,female_feminine
40592,female_feminine
600,male_masculine
13168,male_masculine
16912,male_masculine
46418,female_feminine
11571,male_masculine
11399,male_masculine
44887,female_feminine
43187,female_feminine
7369,male_masculine
55599,female_feminine
47066,female_feminine
9183,male_masculine
18634,male_masculine
18615,male_masculine
48162,female_feminine
13609,male_masculine
15082,male_masculine
40306,female_feminine
5825,male_masculine
18150,male_masculine
15813,male_masculine
39054,female_feminine
17579,male_masculine
44570,female_feminine
1400,male_masculine
42934,female_feminine
6750,male_masculine
44835,female_feminine
45610,female_feminine
46804,female_feminine
46176,female_feminine
1101,male_masculine
7180,male_masculine
15816,male_masculine
696,male_masculine
7154,male_masculine
47251,female_feminine
13642,male_masculine
42392,female_feminine
46597,female_feminine
5517,male_masculine
48467,female_feminine
43219,female_feminine
6659,male_masculine
13432,male_masculine
125,male_masculine
10835,male_masculine
9290,male_masculine
39624,female_feminine
47245,female_feminine
17791,male_masculine
53952,female_feminine
11498,male_masculine
10564,male_masculine
38744,female_feminine
17648,male_masculine
16178,male_masculine
5785,male_masculine
42571,female_feminine
46496,female_feminine
5820,male_masculine
42704,female_feminine
39031,female_feminine
13661,male_masculine
9372,male_masculine
5956,male_masculine
43194,female_feminine
46319,female_feminine
15636,male_masculine
43728,female_feminine
45740,female_feminine
39132,female_feminine
46989,female_feminine
39064,female_feminine
46405,female_feminine
55151,female_feminine
42945,female_feminine
11689,male_masculine
55914,female_feminine
45938,female_feminine
38392,female_feminine
9633,male_masculine
17321,male_masculine
39259,female_feminine
15266,male_masculine
55762,female_feminine
47421,female_feminine
5373,male_masculine
40217,female_feminine
42931,female_feminine
46165,female_feminine
53547,female_feminine
13442,male_masculine
39161,female_feminine
42901,female_feminine
38177,female_feminine
17410,male_masculine
55242,female_feminine
38336,female_feminine
43089,female_feminine
42609,female_feminine
12913,male_masculine
18740,male_masculine
45007,female_feminine
783,male_masculine
6965,male_masculine
39661,female_feminine
38690,female_feminine
53675,female_feminine
48050,female_feminine
40390,female_feminine
11330,male_masculine
17219,male_masculine
46600,female_feminine
16161,male_masculine
38974,female_feminine
6109,male_masculine
10139,male_masculine
55116,female_feminine
9196,male_masculine
38203,female_feminine
9285,male_masculine
42383,female_feminine
757,male_masculine
46613,female_feminine
7100,male_masculine
44714,female_feminine
45013,female_feminine
40198,female_feminine
44763,female_feminine
41722,female_feminine
16984,male_masculine
43949,female_feminine
10213,male_masculine
10199,male_masculine
10095,male_masculine
11672,male_masculine
10129,male_masculine
6124,male_masculine
5233,male_masculine
39376,female_feminine
6436,male_masculine
18089,male_masculine
42962,female_feminine
52176,female_feminine
55181,female_feminine
11490,male_masculine
40286,female_feminine
11740,male_masculine
53987,female_feminine
41849,female_feminine
15344,male_masculine
39426,female_feminine
15821,male_masculine
12246,male_masculine
10523,male_masculine
10123,male_masculine
55790,female_feminine
47191,female_feminine
46250,female_feminine
43535,female_feminine
6371,male_masculine
18240,male_masculine
55944,female_feminine
11756,male_masculine
6330,male_masculine
11904,male_masculine
41980,female_feminine
41719,female_feminine
39556,female_feminine
44943,female_feminine
18478,male_masculine
42420,female_feminine
5273,male_masculine
12110,male_masculine
5910,male_masculine
39984,female_feminine
11168,male_masculine
5583,male_masculine
48236,female_feminine
47489,female_feminine
7233,male_masculine
46562,female_feminine
9369,male_masculine
42109,female_feminine
10108,male_masculine
14880,male_masculine
16388,male_masculine
44070,female_feminine
39749,female_feminine
45060,female_feminine
18626,male_masculine
39531,female_feminine
13278,male_masculine
41694,female_feminine
11441,male_masculine
45129,female_feminine
44826,female_feminine
1026,male_masculine
40732,female_feminine
44539,female_feminine
48091,female_feminine
39265,female_feminine
15783,male_masculine
42102,female_feminine
53902,female_feminine
10646,male_masculine
529,male_masculine
615,male_masculine
53771,female_feminine
11786,male_masculine
10271,male_masculine
45308,female_feminine
53998,female_feminine
6553,male_masculine
44650,female_feminine
9268,male_masculine
6400,male_masculine
45548,female_feminine
12018,male_masculine
47558,female_feminine
11078,male_masculine
18735,male_masculine
10785,male_masculine
11236,male_masculine
16370,male_masculine
13522,male_masculine
7212,male_masculine
46262,female_feminine
12985,male_masculine
15667,male_masculine
55490,female_feminine
39554,female_feminine
47115,female_feminine
45148,female_feminine
16185,male_masculine
12005,male_masculine
47765,female_feminine
46528,female_feminine
654,male_masculine
47225,female_feminine
9293,male_masculine
10197,male_masculine
6249,male_masculine
18596,male_masculine
9505,male_masculine
9548,male_masculine
39408,female_feminine
47830,female_feminine
55894,female_feminine
48443,female_feminine
40191,female_feminine
593,male_masculine
40260,female_feminine
18283,male_masculine
6218,male_masculine
44309,female_feminine
48362,female_feminine
47032,female_feminine
47699,female_feminine
9554,male_masculine
15241,male_masculine
10896,male_masculine
55760,female_feminine
38930,female_feminine
44770,female_feminine
12187,male_masculine
40603,female_feminine
38526,female_feminine
43288,female_feminine
15123,male_masculine
16533,male_masculine
643,male_masculine
12949,male_masculine
11567,male_masculine
18046,male_masculine
494,male_masculine
5468,male_masculine
43340,female_feminine
41619,female_feminine
18024,male_masculine
53984,female_feminine
6428,male_masculine
16454,male_masculine
17031,male_masculine
38912,female_feminine
40645,female_feminine
12214,male_masculine
13337,male_masculine
55398,female_feminine
15405,male_masculine
45101,female_feminine
12950,male_masculine
55738,female_feminine
44935,female_feminine
17878,male_masculine
17598,male_masculine
5388,male_masculine
17047,male_masculine
42052,female_feminine
6863,male_masculine
13495,male_masculine
43377,female_feminine
44915,female_feminine
13754,male_masculine
1292,male_masculine
48230,female_feminine
10934,male_masculine
10007,male_masculine
9457,male_masculine
6980,male_masculine
10385,male_masculine
43128,female_feminine
43117,female_feminine
50255,female_feminine
43486,female_feminine
17190,male_masculine
9480,male_masculine
43439,female_feminine
55258,female_feminine
42589,female_feminine
12203,male_masculine
40481,female_feminine
46322,female_feminine
17974,male_masculine
12080,male_masculine
44250,female_feminine
13717,male_masculine
9763,male_masculine
7104,male_masculine
5812,male_masculine
45091,female_feminine
42497,female_feminine
41283,female_feminine
15846,male_masculine
11561,male_masculine
5210,male_masculine
1453,male_masculine
38413,female_feminine
12362,male_masculine
11473,male_masculine
17064,male_masculine
9613,male_masculine
38848,female_feminine
55856,female_feminine
45181,female_feminine
5560,male_masculine
40453,female_feminine
6825,male_masculine
39038,female_feminine
10089,male_masculine
5550,male_masculine
16703,male_masculine
47163,female_feminine
46173,female_feminine
48394,female_feminine
55306,female_feminine
44479,female_feminine
39522,female_feminine
1221,male_masculine
1091,male_masculine
41800,female_feminine
6586,male_masculine
11022,male_masculine
390,male_masculine
6579,male_masculine
15669,male_masculine
38729,female_feminine
42785,female_feminine
38081,female_feminine
38657,female_feminine
11866,male_masculine
6116,male_masculine
15485,male_masculine
46059,female_feminine
9560,male_masculine
47670,female_feminine
11296,male_masculine
42352,female_feminine
44709,female_feminine
45849,female_feminine
6487,male_masculine
43905,female_feminine
53721,female_feminine
39738,female_feminine
5591,male_masculine
39564,female_feminine
18286,male_masculine
40361,female_feminine
16940,male_masculine
12015,male_masculine
16318,male_masculine
39293,female_feminine
46680,female_feminine
6743,male_masculine
17586,male_masculine
18152,male_masculine
43229,female_feminine
15952,male_masculine
40262,female_feminine
38554,female_feminine
123,male_masculine
9340,male_masculine
630,male_masculine
47011,female_feminine
39188,female_feminine
38183,female_feminine
16032,male_masculine
15345,male_masculine
13348,male_masculine
15730,male_masculine
10983,male_masculine
13433,male_masculine
41061,female_feminine
18498,male_masculine
41860,female_feminine
18266,male_masculine
45728,female_feminine
38536,female_feminine
937,male_masculine
47157,female_feminine
6814,male_masculine
13593,male_masculine
15555,male_masculine
16283,male_masculine
10040,male_masculine
9850,male_masculine
17912,male_masculine
18565,male_masculine
6703,male_masculine
38034,female_feminine
42199,female_feminine
40486,female_feminine
46004,female_feminine
6108,male_masculine
41103,female_feminine
18561,male_masculine
47522,female_feminine
5250,male_masculine
44815,female_feminine
44181,female_feminine
9325,male_masculine
16807,male_masculine
5319,male_masculine
43029,female_feminine
16889,male_masculine
1513,male_masculine
12972,male_masculine
18698,male_masculine
53678,female_feminine
54096,female_feminine
40469,female_feminine
53743,female_feminine
18613,male_masculine
657,male_masculine
10333,male_masculine
47923,female_feminine
41229,female_feminine
18422,male_masculine
6093,male_masculine
9861,male_masculine
46687,female_feminine
6486,male_masculine
6187,male_masculine
40591,female_feminine
13453,male_masculine
38906,female_feminine
9918,male_masculine
39590,female_feminine
11241,male_masculine
40876,female_feminine
17095,male_masculine
55596,female_feminine
45435,female_feminine
15110,male_masculine
45410,female_feminine
47682,female_feminine
46307,female_feminine
13648,male_masculine
48341,female_feminine
6275,male_masculine
47130,female_feminine
317,male_masculine
15128,male_masculine
55948,female_feminine
55655,female_feminine
39572,female_feminine
55563,female_feminine
10815,male_masculine
16456,male_masculine
43441,female_feminine
44022,female_feminine
47876,female_feminine
39420,female_feminine
40359,female_feminine
40862,female_feminine
41749,female_feminine
53899,female_feminine
47881,female_feminine
16550,male_masculine
39527,female_feminine
382,male_masculine
38616,female_feminine
45491,female_feminine
7384,male_masculine
42706,female_feminine
16803,male_masculine
48197,female_feminine
48425,female_feminine
46645,female_feminine
55780,female_feminine
1581,male_masculine
18007,male_masculine
45184,female_feminine
17841,male_masculine
16627,male_masculine
18481,male_masculine
46210,female_feminine
9683,male_masculine
6872,male_masculine
13211,male_masculine
9220,male_masculine
55081,female_feminine
47143,female_feminine
15701,male_masculine
42746,female_feminine
5482,male_masculine
45769,female_feminine
44269,female_feminine
45314,female_feminine
15219,male_masculine
5784,male_masculine
10186,male_masculine
48020,female_feminine
43887,female_feminine
47392,female_feminine
46711,female_feminine
43293,female_feminine
17972,male_masculine
38403,female_feminine
17333,male_masculine
18198,male_masculine
6359,male_masculine
6232,male_masculine
41847,female_feminine
327,male_masculine
910,male_masculine
6435,male_masculine
41496,female_feminine
38276,female_feminine
11617,male_masculine
6496,male_masculine
47669,female_feminine
42421,female_feminine
40827,female_feminine
39603,female_feminine
46766,female_feminine
11889,male_masculine
39927,female_feminine
47615,female_feminine
11814,male_masculine
18687,male_masculine
11073,male_masculine
15914,male_masculine
11463,male_masculine
40937,female_feminine
42951,female_feminine
39757,female_feminine
41988,female_feminine
38815,female_feminine
38489,female_feminine
14768,male_masculine
42154,female_feminine
46815,female_feminine
42913,female_feminine
11264,male_masculine
50185,female_feminine
12091,male_masculine
53849,female_feminine
42106,female_feminine
39597,female_feminine
48375,female_feminine
53685,female_feminine
42698,female_feminine
54054,female_feminine
43400,female_feminine
1557,male_masculine
48430,female_feminine
45176,female_feminine
11888,male_masculine
47882,female_feminine
11392,male_masculine
55408,female_feminine
53810,female_feminine
53652,female_feminine
39484,female_feminine
1528,male_masculine
9810,male_masculine
38465,female_feminine
13626,male_masculine
38659,female_feminine
1438,male_masculine
263,male_masculine
42460,female_feminine
10162,male_masculine
50207,female_feminine
46315,female_feminine
10772,male_masculine
41718,female_feminine
38940,female_feminine
985,male_masculine
41958,female_feminine
47145,female_feminine
44526,female_feminine
43202,female_feminine
29,male_masculine
12107,male_masculine
5626,male_masculine
3588,male_masculine
17285,male_masculine
40257,female_feminine
39811,female_feminine
17729,male_masculine
43747,female_feminine
11997,male_masculine
5314,male_masculine
786,male_masculine
55112,female_feminine
6023,male_masculine
55844,female_feminine
1224,male_masculine
793,male_masculine
11039,male_masculine
46288,female_feminine
55484,female_feminine
1300,male_masculine
55295,female_feminine
45814,female_feminine
53765,female_feminine
17403,male_masculine
55315,female_feminine
9754,male_masculine
15407,male_masculine
43651,female_feminine
13176,male_masculine
45010,female_feminine
43536,female_feminine
45151,female_feminine
6663,male_masculine
43235,female_feminine
11802,male_masculine
9187,male_masculine
38730,female_feminine
43871,female_feminine
47754,female_feminine
10608,male_masculine
40318,female_feminine
38140,female_feminine
115,male_masculine
44726,female_feminine
43926,female_feminine
1495,male_masculine
39245,female_feminine
6800,male_masculine
46673,female_feminine
16789,male_masculine
1004,male_masculine
16506,male_masculine
43881,female_feminine
46605,female_feminine
53815,female_feminine
706,male_masculine
17332,male_masculine
9610,male_masculine
46332,female_feminine
360,male_masculine
11630,male_masculine
40997,female_feminine
12089,male_masculine
55973,female_feminine
42217,female_feminine
904,male_masculine
55989,female_feminine
55900,female_feminine
42044,female_feminine
39959,female_feminine
43534,female_feminine
43498,female_feminine
43943,female_feminine
44928,female_feminine
41416,female_feminine
1427,male_masculine
11850,male_masculine
9215,male_masculine
10991,male_masculine
6443,male_masculine
7052,male_masculine
45981,female_feminine
7224,male_masculine
39087,female_feminine
40409,female_feminine
565,male_masculine
55722,female_feminine
9727,male_masculine
42411,female_feminine
53588,female_feminine
11819,male_masculine
17368,male_masculine
10018,male_masculine
15465,male_masculine
55160,female_feminine
16860,male_masculine
50336,female_feminine
44542,female_feminine
11529,male_masculine
55647,female_feminine
48379,female_feminine
6937,male_masculine
38874,female_feminine
45496,female_feminine
38777,female_feminine
6813,male_masculine
11758,male_masculine
43772,female_feminine
41580,female_feminine
39353,female_feminine
11352,male_masculine
44288,female_feminine
47968,female_feminine
15413,male_masculine
41339,female_feminine
55340,female_feminine
39941,female_feminine
1235,male_masculine
6247,male_masculine
41636,female_feminine
45430,female_feminine
5532,male_masculine
46357,female_feminine
42254,female_feminine
12981,male_masculine
10819,male_masculine
54134,female_feminine
6772,male_masculine
40805,female_feminine
44179,female_feminine
42643,female_feminine
10697,male_masculine
41423,female_feminine
47445,female_feminine
41907,female_feminine
44029,female_feminine
42126,female_feminine
40339,female_feminine
43322,female_feminine
166,male_masculine
41923,female_feminine
46202,female_feminine
5906,male_masculine
47086,female_feminine
38443,female_feminine
11868,male_masculine
48098,female_feminine
41920,female_feminine
15875,male_masculine
436,male_masculine
44723,female_feminine
50196,female_feminine
54131,female_feminine
45990,female_feminine
47081,female_feminine
48009,female_feminine
47530,female_feminine
55928,female_feminine
38883,female_feminine
17840,male_masculine
18566,male_masculine
15721,male_masculine
42259,female_feminine
15844,male_masculine
13220,male_masculine
7099,male_masculine
11256,male_masculine
43743,female_feminine
39300,female_feminine
43090,female_feminine
11449,male_masculine
38110,female_feminine
13033,male_masculine
15252,male_masculine
17689,male_masculine
41705,female_feminine
43995,female_feminine
7126,male_masculine
9878,male_masculine
45863,female_feminine
47105,female_feminine
44110,female_feminine
42062,female_feminine
44997,female_feminine
43989,female_feminine
16728,male_masculine
10799,male_masculine
46955,female_feminine
16771,male_masculine
1599,male_masculine
39947,female_feminine
17955,male_masculine
16165,male_masculine
5413,male_masculine
13063,male_masculine
53671,female_feminine
17399,male_masculine
38351,female_feminine
47049,female_feminine
11523,male_masculine
5952,male_masculine
39377,female_feminine
41238,female_feminine
16367,male_masculine
16667,male_masculine
40183,female_feminine
1548,male_masculine
17695,male_masculine
12095,male_masculine
44538,female_feminine
42247,female_feminine
46296,female_feminine
13046,male_masculine
16868,male_masculine
45635,female_feminine
11200,male_masculine
745,male_masculine
46216,female_feminine
46842,female_feminine
10343,male_masculine
42427,female_feminine
13525,male_masculine
44727,female_feminine
47950,female_feminine
7221,male_masculine
55199,female_feminine
6274,male_masculine
39615,female_feminine
11243,male_masculine
43963,female_feminine
53557,female_feminine
5974,male_masculine
43958,female_feminine
40423,female_feminine
45489,female_feminine
12117,male_masculine
43568,female_feminine
39003,female_feminine
47337,female_feminine
55028,female_feminine
47954,female_feminine
48167,female_feminine
53774,female_feminine
17561,male_masculine
43426,female_feminine
55767,female_feminine
13322,male_masculine
1108,male_masculine
42765,female_feminine
45415,female_feminine
11067,male_masculine
11863,male_masculine
45125,female_feminine
11009,male_masculine
13533,male_masculine
46295,female_feminine
55137,female_feminine
42331,female_feminine
46653,female_feminine
249,male_masculine
47613,female_feminine
15189,male_masculine
38300,female_feminine
13241,male_masculine
41369,female_feminine
45466,female_feminine
16670,male_masculine
38687,female_feminine
9517,male_masculine
43790,female_feminine
9786,male_masculine
46274,female_feminine
6562,male_masculine
39171,female_feminine
16574,male_masculine
39283,female_feminine
41044,female_feminine
1514,male_masculine
1522,male_masculine
11499,male_masculine
40226,female_feminine
44717,female_feminine
44484,female_feminine
42555,female_feminine
53781,female_feminine
17969,male_masculine
53736,female_feminine
10850,male_masculine
9498,male_masculine
16724,male_masculine
15663,male_masculine
11440,male_masculine
16636,male_masculine
43350,female_feminine
40022,female_feminine
5674,male_masculine
39894,female_feminine
13577,male_masculine
16873,male_masculine
15956,male_masculine
55574,female_feminine
47943,female_feminine
9218,male_masculine
55966,female_feminine
11368,male_masculine
41376,female_feminine
55309,female_feminine
43843,female_feminine
44855,female_feminine
11651,male_masculine
38773,female_feminine
40076,female_feminine
42476,female_feminine
41900,female_feminine
6692,male_masculine
11385,male_masculine
43788,female_feminine
55638,female_feminine
17177,male_masculine
15871,male_masculine
5474,male_masculine
18111,male_masculine
9751,male_masculine
10726,male_masculine
47998,female_feminine
40826,female_feminine
1566,male_masculine
42058,female_feminine
7250,male_masculine
9231,male_masculine
12958,male_masculine
46878,female_feminine
7130,male_masculine
46858,female_feminine
9601,male_masculine
47674,female_feminine
15158,male_masculine
1461,male_masculine
17616,male_masculine
55332,female_feminine
39264,female_feminine
1554,male_masculine
10652,male_masculine
39104,female_feminine
428,male_masculine
38649,female_feminine
5754,male_masculine
12125,male_masculine
55529,female_feminine
42562,female_feminine
44971,female_feminine
11230,male_masculine
6740,male_masculine
39429,female_feminine
17913,male_masculine
52162,female_feminine
42110,female_feminine
55591,female_feminine
46011,female_feminine
17918,male_masculine
16945,male_masculine
41060,female_feminine
41090,female_feminine
46686,female_feminine
16466,male_masculine
42553,female_feminine
15695,male_masculine
15649,male_masculine
39419,female_feminine
42280,female_feminine
17690,male_masculine
727,male_masculine
42490,female_feminine
5380,male_masculine
40368,female_feminine
39968,female_feminine
44171,female_feminine
811,male_masculine
15936,male_masculine
12319,male_masculine
6741,male_masculine
12150,male_masculine
15138,male_masculine
44573,female_feminine
17363,male_masculine
45198,female_feminine
18215,male_masculine
41263,female_feminine
42679,female_feminine
50229,female_feminine
46282,female_feminine
42297,female_feminine
43490,female_feminine
18628,male_masculine
47114,female_feminine
45762,female_feminine
45482,female_feminine
1045,male_masculine
10870,male_masculine
47220,female_feminine
11306,male_masculine
44193,female_feminine
39048,female_feminine
53637,female_feminine
15037,male_masculine
39007,female_feminine
41383,female_feminine
38764,female_feminine
17124,male_masculine
16225,male_masculine
50202,female_feminine
39931,female_feminine
39317,female_feminine
11783,male_masculine
38892,female_feminine
44265,female_feminine
40294,female_feminine
43055,female_feminine
232,male_masculine
18328,male_masculine
40569,female_feminine
6404,male_masculine
18497,male_masculine
9609,male_masculine
44380,female_feminine
1106,male_masculine
1217,male_masculine
17306,male_masculine
6067,male_masculine
53766,female_feminine
6908,male_masculine
43793,female_feminine
55627,female_feminine
54120,female_feminine
16833,male_masculine
42042,female_feminine
7372,male_masculine
333,male_masculine
18552,male_masculine
13407,male_masculine
40953,female_feminine
1030,male_masculine
1061,male_masculine
10627,male_masculine
43052,female_feminine
38352,female_feminine
13724,male_masculine
10448,male_masculine
5230,male_masculine
44166,female_feminine
41107,female_feminine
11254,male_masculine
46123,female_feminine
46133,female_feminine
15168,male_masculine
39014,female_feminine
41828,female_feminine
44503,female_feminine
42225,female_feminine
40288,female_feminine
88,male_masculine
15866,male_masculine
45455,female_feminine
38221,female_feminine
40985,female_feminine
45739,female_feminine
46235,female_feminine
5577,male_masculine
55679,female_feminine
9668,male_masculine
11495,male_masculine
17859,male_masculine
16077,male_masculine
46189,female_feminine
10358,male_masculine
18486,male_masculine
40484,female_feminine
39759,female_feminine
38356,female_feminine
10617,male_masculine
15090,male_masculine
41016,female_feminine
18672,male_masculine
53613,female_feminine
47123,female_feminine
45766,female_feminine
16194,male_masculine
40767,female_feminine
1410,male_masculine
16655,male_masculine
13586,male_masculine
44130,female_feminine
38517,female_feminine
48207,female_feminine
38500,female_feminine
11020,male_masculine
39788,female_feminine
6857,male_masculine
45881,female_feminine
493,male_masculine
55027,female_feminine
39008,female_feminine
47175,female_feminine
39160,female_feminine
40203,female_feminine
5618,male_masculine
10364,male_masculine
53572,female_feminine
15552,male_masculine
45005,female_feminine
53798,female_feminine
6839,male_masculine
13745,male_masculine
45328,female_feminine
5390,male_masculine
45795,female_feminine
6353,male_masculine
46137,female_feminine
45663,female_feminine
41052,female_feminine
48173,female_feminine
9714,male_masculine
40112,female_feminine
43626,female_feminine
52178,female_feminine
45580,female_feminine
11717,male_masculine
17838,male_masculine
54074,female_feminine
10884,male_masculine
5723,male_masculine
48404,female_feminine
898,male_masculine
46408,female_feminine
10693,male_masculine
16583,male_masculine
55385,female_feminine
7374,male_masculine
40172,female_feminine
46893,female_feminine
16206,male_masculine
1145,male_masculine
45269,female_feminine
48035,female_feminine
38306,female_feminine
39009,female_feminine
17855,male_masculine
13213,male_masculine
17548,male_masculine
53911,female_feminine
11378,male_masculine
17996,male_masculine
10449,male_masculine
5801,male_masculine
54089,female_feminine
316,male_masculine
43862,female_feminine
44247,female_feminine
39942,female_feminine
16451,male_masculine
13649,male_masculine
40109,female_feminine
45984,female_feminine
12142,male_masculine
46270,female_feminine
7272,male_masculine
40679,female_feminine
11327,male_masculine
45208,female_feminine
9794,male_masculine
5779,male_masculine
40777,female_feminine
18317,male_masculine
1063,male_masculine
55686,female_feminine
15535,male_masculine
14803,male_masculine
9605,male_masculine
43338,female_feminine
45449,female_feminine
744,male_masculine
38885,female_feminine
11486,male_masculine
10461,male_masculine
46579,female_feminine
40512,female_feminine
40104,female_feminine
11583,male_masculine
11152,male_masculine
15719,male_masculine
16731,male_masculine
46191,female_feminine
5498,male_masculine
16437,male_masculine
6323,male_masculine
40432,female_feminine
15561,male_masculine
45118,female_feminine
17537,male_masculine
43267,female_feminine
42148,female_feminine
41146,female_feminine
41977,female_feminine
5479,male_masculine
45316,female_feminine
7310,male_masculine
45985,female_feminine
43856,female_feminine
48325,female_feminine
44522,female_feminine
6862,male_masculine
43851,female_feminine
41256,female_feminine
10789,male_masculine
38763,female_feminine
45567,female_feminine
43759,female_feminine
18084,male_masculine
18303,male_masculine
6846,male_masculine
10194,male_masculine
17077,male_masculine
16684,male_masculine
45846,female_feminine
41556,female_feminine
12182,male_masculine
5260,male_masculine
9370,male_masculine
12266,male_masculine
44864,female_feminine
45458,female_feminine
53614,female_feminine
38735,female_feminine
53950,female_feminine
16735,male_masculine
43594,female_feminine
6172,male_masculine
11702,male_masculine
40875,female_feminine
43761,female_feminine
291,male_masculine
15062,male_masculine
43243,female_feminine
44112,female_feminine
10078,male_masculine
5836,male_masculine
5613,male_masculine
46115,female_feminine
13411,male_masculine
47543,female_feminine
11874,male_masculine
39363,female_feminine
9779,male_masculine
47777,female_feminine
40471,female_feminine
44473,female_feminine
46991,female_feminine
526,male_masculine
9221,male_masculine
13619,male_masculine
55154,female_feminine
6580,male_masculine
903,male_masculine
10916,male_masculine
10509,male_masculine
42857,female_feminine
5222,male_masculine
18095,male_masculine
5818,male_masculine
10135,male_masculine
1086,male_masculine
43998,female_feminine
38249,female_feminine
5853,male_masculine
44666,female_feminine
46131,female_feminine
42181,female_feminine
44151,female_feminine
38700,female_feminine
43908,female_feminine
48182,female_feminine
44933,female_feminine
16035,male_masculine
372,male_masculine
6992,male_masculine
18250,male_masculine
776,male_masculine
739,male_masculine
18114,male_masculine
55268,female_feminine
40403,female_feminine
44105,female_feminine
45797,female_feminine
47089,female_feminine
55292,female_feminine
55590,female_feminine
7337,male_masculine
9634,male_masculine
45897,female_feminine
46822,female_feminine
18350,male_masculine
6865,male_masculine
17162,male_masculine
40483,female_feminine
12128,male_masculine
10765,male_masculine
12254,male_masculine
48180,female_feminine
55602,female_feminine
55939,female_feminine
18412,male_masculine
40323,female_feminine
41711,female_feminine
55581,female_feminine
47625,female_feminine
5778,male_masculine
17235,male_masculine
5774,male_masculine
7189,male_masculine
13685,male_masculine
9809,male_masculine
13693,male_masculine
38907,female_feminine
15510,male_masculine
6205,male_masculine
467,male_masculine
40466,female_feminine
9225,male_masculine
39511,female_feminine
53559,female_feminine
38372,female_feminine
44628,female_feminine
13292,male_masculine
44408,female_feminine
11590,male_masculine
48228,female_feminine
43542,female_feminine
17104,male_masculine
48349,female_feminine
18311,male_masculine
6767,male_masculine
11766,male_masculine
39435,female_feminine
15767,male_masculine
98,male_masculine
38146,female_feminine
39834,female_feminine
43125,female_feminine
43324,female_feminine
39471,female_feminine
15880,male_masculine
16822,male_masculine
47941,female_feminine
44131,female_feminine
5358,male_masculine
41115,female_feminine
17481,male_masculine
44233,female_feminine
41766,female_feminine
46293,female_feminine
41528,female_feminine
325,male_masculine
53696,female_feminine
1130,male_masculine
13140,male_masculine
10183,male_masculine
44663,female_feminine
18445,male_masculine
9468,male_masculine
44196,female_feminine
46,male_masculine
55682,female_feminine
41617,female_feminine
45393,female_feminine
41309,female_feminine
7217,male_masculine
6278,male_masculine
11493,male_masculine
45808,female_feminine
15859,male_masculine
15303,male_masculine
43734,female_feminine
42816,female_feminine
38641,female_feminine
39646,female_feminine
43771,female_feminine
1297,male_masculine
9827,male_masculine
39290,female_feminine
6352,male_masculine
429,male_masculine
11610,male_masculine
39412,female_feminine
9373,male_masculine
17094,male_masculine
47759,female_feminine
17165,male_masculine
10229,male_masculine
42866,female_feminine
15077,male_masculine
9762,male_masculine
48117,female_feminine
41955,female_feminine
38122,female_feminine
749,male_masculine
55796,female_feminine
46652,female_feminine
10565,male_masculine
10552,male_masculine
18434,male_masculine
990,male_masculine
5738,male_masculine
45772,female_feminine
40282,female_feminine
50347,female_feminine
1576,male_masculine
46725,female_feminine
5849,male_masculine
6704,male_masculine
43087,female_feminine
41605,female_feminine
44083,female_feminine
46135,female_feminine
47823,female_feminine
55911,female_feminine
6861,male_masculine
45615,female_feminine
40912,female_feminine
639,male_masculine
10469,male_masculine
1327,male_masculine
1047,male_masculine
46045,female_feminine
42275,female_feminine
6085,male_masculine
53792,female_feminine
55517,female_feminine
1935,male_masculine
45643,female_feminine
46812,female_feminine
39584,female_feminine
165,male_masculine
41535,female_feminine
48263,female_feminine
41984,female_feminine
45687,female_feminine
43345,female_feminine
41356,female_feminine
45574,female_feminine
48449,female_feminine
5289,male_masculine
17640,male_masculine
10324,male_masculine
18293,male_masculine
40159,female_feminine
41981,female_feminine
45173,female_feminine
17456,male_masculine
41769,female_feminine
50192,female_feminine
41571,female_feminine
11397,male_masculine
6489,male_masculine
55461,female_feminine
17056,male_masculine
17723,male_masculine
42955,female_feminine
17370,male_masculine
6077,male_masculine
43757,female_feminine
18544,male_masculine
38424,female_feminine
40497,female_feminine
10099,male_masculine
45504,female_feminine
17429,male_masculine
44822,female_feminine
18676,male_masculine
55195,female_feminine
5702,male_masculine
42577,female_feminine
16890,male_masculine
39635,female_feminine
17142,male_masculine
15885,male_masculine
47246,female_feminine
6828,male_masculine
39149,female_feminine
12962,male_masculine
16681,male_masculine
39726,female_feminine
47198,female_feminine
6176,male_masculine
55693,female_feminine
46331,female_feminine
39414,female_feminine
16635,male_masculine
55748,female_feminine
13075,male_masculine
44045,female_feminine
9627,male_masculine
10203,male_masculine
55269,female_feminine
42139,female_feminine
9651,male_masculine
48440,female_feminine
41839,female_feminine
15324,male_masculine
530,male_masculine
10029,male_masculine
10263,male_masculine
9466,male_masculine
45262,female_feminine
7043,male_masculine
55983,female_feminine
17684,male_masculine
5546,male_masculine
41530,female_feminine
43577,female_feminine
46537,female_feminine
43148,female_feminine
53776,female_feminine
1608,male_masculine
40316,female_feminine
40983,female_feminine
48315,female_feminine
43633,female_feminine
9497,male_masculine
38625,female_feminine
16337,male_masculine
44471,female_feminine
17413,male_masculine
39518,female_feminine
53913,female_feminine
40791,female_feminine
11943,male_masculine
46590,female_feminine
46330,female_feminine
40873,female_feminine
13070,male_masculine
42588,female_feminine
13340,male_masculine
42510,female_feminine
46809,female_feminine
45174,female_feminine
6979,male_masculine
38903,female_feminine
47159,female_feminine
18488,male_masculine
9783,male_masculine
15462,male_masculine
44519,female_feminine
39905,female_feminine
10970,male_masculine
5960,male_masculine
9769,male_masculine
43749,female_feminine
46702,female_feminine
46147,female_feminine
43674,female_feminine
5553,male_masculine
44828,female_feminine
1090,male_masculine
55981,female_feminine
11465,male_masculine
40892,female_feminine
5411,male_masculine
11037,male_masculine
14993,male_masculine
26,male_masculine
10937,male_masculine
40156,female_feminine
38648,female_feminine
18023,male_masculine
9866,male_masculine
15273,male_masculine
48203,female_feminine
15163,male_masculine
373,male_masculine
7361,male_masculine
11081,male_masculine
40325,female_feminine
1371,male_masculine
41180,female_feminine
16361,male_masculine
46290,female_feminine
888,male_masculine
41967,female_feminine
10251,male_masculine
1498,male_masculine
13321,male_masculine
41062,female_feminine
55766,female_feminine
43150,female_feminine
10567,male_masculine
43786,female_feminine
16968,male_masculine
701,male_masculine
42966,female_feminine
38066,female_feminine
53947,female_feminine
43114,female_feminine
55867,female_feminine
43250,female_feminine
16320,male_masculine
9645,male_masculine
13138,male_masculine
18012,male_masculine
1113,male_masculine
11537,male_masculine
550,male_masculine
39541,female_feminine
46180,female_feminine
41803,female_feminine
1384,male_masculine
46494,female_feminine
10280,male_masculine
41631,female_feminine
6684,male_masculine
44264,female_feminine
45952,female_feminine
6838,male_masculine
46628,female_feminine
1141,male_masculine
42375,female_feminine
1306,male_masculine
17589,male_masculine
42688,female_feminine
46755,female_feminine
17061,male_masculine
41813,female_feminine
38263,female_feminine
15083,male_masculine
43463,female_feminine
17041,male_masculine
38787,female_feminine
9612,male_masculine
6239,male_masculine
44974,female_feminine
17624,male_masculine
17816,male_masculine
5417,male_masculine
11302,male_masculine
48006,female_feminine
47936,female_feminine
46157,female_feminine
43883,female_feminine
18440,male_masculine
42521,female_feminine
53830,female_feminine
38196,female_feminine
40406,female_feminine
9682,male_masculine
5241,male_masculine
7309,male_masculine
40824,female_feminine
38922,female_feminine
11701,male_masculine
11722,male_masculine
11134,male_masculine
44186,female_feminine
15656,male_masculine
42537,female_feminine
13302,male_masculine
38096,female_feminine
6064,male_masculine
48256,female_feminine
9666,male_masculine
9578,male_masculine
44430,female_feminine
7051,male_masculine
55749,female_feminine
55979,female_feminine
11437,male_masculine
18031,male_masculine
6413,male_masculine
3591,male_masculine
46630,female_feminine
5795,male_masculine
42991,female_feminine
39424,female_feminine
45892,female_feminine
12029,male_masculine
15523,male_masculine
39751,female_feminine
18694,male_masculine
863,male_masculine
9332,male_masculine
41862,female_feminine
18564,male_masculine
42170,female_feminine
47660,female_feminine
46120,female_feminine
13471,male_masculine
10725,male_masculine
42168,female_feminine
9692,male_masculine
44868,female_feminine
11779,male_masculine
46530,female_feminine
46481,female_feminine
6450,male_masculine
9886,male_masculine
41454,female_feminine
15281,male_masculine
47483,female_feminine
42755,female_feminine
9203,male_masculine
42218,female_feminine
9936,male_masculine
10225,male_masculine
39049,female_feminine
15974,male_masculine
182,male_masculine
18219,male_masculine
15779,male_masculine
15383,male_masculine
6515,male_masculine
47095,female_feminine
42587,female_feminine
447,male_masculine
40352,female_feminine
40236,female_feminine
48444,female_feminine
5653,male_masculine
45683,female_feminine
41078,female_feminine
44114,female_feminine
9864,male_masculine
18203,male_masculine
41507,female_feminine
39852,female_feminine
10172,male_masculine
50240,female_feminine
45402,female_feminine
6598,male_masculine
17444,male_masculine
39042,female_feminine
46898,female_feminine
7177,male_masculine
13021,male_masculine
42807,female_feminine
39684,female_feminine
9672,male_masculine
7263,male_masculine
55252,female_feminine
6680,male_masculine
15279,male_masculine
15274,male_masculine
40621,female_feminine
55297,female_feminine
486,male_masculine
43364,female_feminine
48302,female_feminine
40072,female_feminine
5606,male_masculine
18429,male_masculine
10439,male_masculine
44173,female_feminine
10507,male_masculine
44011,female_feminine
44095,female_feminine
39824,female_feminine
9563,male_masculine
17717,male_masculine
45710,female_feminine
15089,male_masculine
6807,male_masculine
40821,female_feminine
48355,female_feminine
46174,female_feminine
46092,female_feminine
13236,male_masculine
40893,female_feminine
9717,male_masculine
44145,female_feminine
43040,female_feminine
38355,female_feminine
6647,male_masculine
10990,male_masculine
15905,male_masculine
15255,male_masculine
1460,male_masculine
45339,female_feminine
12252,male_masculine
9573,male_masculine
956,male_masculine
43132,female_feminine
42201,female_feminine
38899,female_feminine
5407,male_masculine
17319,male_masculine
7308,male_masculine
17245,male_masculine
48291,female_feminine
47788,female_feminine
18720,male_masculine
55455,female_feminine
16713,male_masculine
1016,male_masculine
10678,male_masculine
10248,male_masculine
45801,female_feminine
9870,male_masculine
11931,male_masculine
55336,female_feminine
55937,female_feminine
11139,male_masculine
13418,male_masculine
16851,male_masculine
9302,male_masculine
40837,female_feminine
5670,male_masculine
38954,female_feminine
44568,female_feminine
38529,female_feminine
42279,female_feminine
16083,male_masculine
5504,male_masculine
42206,female_feminine
17303,male_masculine
10472,male_masculine
39909,female_feminine
41526,female_feminine
16294,male_masculine
10500,male_masculine
55391,female_feminine
9312,male_masculine
6380,male_masculine
908,male_masculine
16855,male_masculine
47756,female_feminine
16343,male_masculine
1568,male_masculine
48353,female_feminine
7075,male_masculine
17447,male_masculine
41084,female_feminine
48234,female_feminine
39274,female_feminine
40860,female_feminine
45414,female_feminine
6646,male_masculine
17417,male_masculine
44443,female_feminine
40729,female_feminine
40540,female_feminine
42715,female_feminine
53982,female_feminine
42890,female_feminine
10267,male_masculine
50321,female_feminine
5266,male_masculine
5734,male_masculine
45700,female_feminine
43069,female_feminine
18706,male_masculine
55317,female_feminine
14974,male_masculine
40868,female_feminine
16881,male_masculine
42824,female_feminine
18251,male_masculine
490,male_masculine
5244,male_masculine
48087,female_feminine
44866,female_feminine
38485,female_feminine
10120,male_masculine
21,male_masculine
469,male_masculine
46838,female_feminine
9199,male_masculine
7074,male_masculine
40970,female_feminine
13304,male_masculine
6774,male_masculine
295,male_masculine
964,male_masculine
44587,female_feminine
42826,female_feminine
11363,male_masculine
18002,male_masculine
43011,female_feminine
6033,male_masculine
9725,male_masculine
42048,female_feminine
38605,female_feminine
10767,male_masculine
3559,male_masculine
38229,female_feminine
39755,female_feminine
16605,male_masculine
13227,male_masculine
41147,female_feminine
52148,female_feminine
18718,male_masculine
40284,female_feminine
10728,male_masculine
13498,male_masculine
43456,female_feminine
14882,male_masculine
42378,female_feminine
52156,female_feminine
55834,female_feminine
16273,male_masculine
10231,male_masculine
44958,female_feminine
48076,female_feminine
1426,male_masculine
16118,male_masculine
15147,male_masculine
39166,female_feminine
40482,female_feminine
1616,male_masculine
1095,male_masculine
11796,male_masculine
45592,female_feminine
47200,female_feminine
10592,male_masculine
9713,male_masculine
45122,female_feminine
48058,female_feminine
45240,female_feminine
1583,male_masculine
44768,female_feminine
5747,male_masculine
38385,female_feminine
41747,female_feminine
43836,female_feminine
121,male_masculine
39922,female_feminine
47495,female_feminine
42745,female_feminine
13604,male_masculine
40220,female_feminine
6112,male_masculine
17254,male_masculine
42075,female_feminine
64,male_masculine
15595,male_masculine
44870,female_feminine
44404,female_feminine
17360,male_masculine
47012,female_feminine
7348,male_masculine
45688,female_feminine
39595,female_feminine
38760,female_feminine
50329,female_feminine
11414,male_masculine
17478,male_masculine
15184,male_masculine
1051,male_masculine
45098,female_feminine
55745,female_feminine
9353,male_masculine
38354,female_feminine
42082,female_feminine
40882,female_feminine
55953,female_feminine
41067,female_feminine
39068,female_feminine
45928,female_feminine
15632,male_masculine
17415,male_masculine
38790,female_feminine
45654,female_feminine
41801,female_feminine
6833,male_masculine
44924,female_feminine
41286,female_feminine
42431,female_feminine
15149,male_masculine
18269,male_masculine
5312,male_masculine
11661,male_masculine
53695,female_feminine
44064,female_feminine
42198,female_feminine
38951,female_feminine
11091,male_masculine
43580,female_feminine
16019,male_masculine
42912,female_feminine
38965,female_feminine
47630,female_feminine
42836,female_feminine
14772,male_masculine
9494,male_masculine
5608,male_masculine
5948,male_masculine
10102,male_masculine
55475,female_feminine
16090,male_masculine
5745,male_masculine
40018,female_feminine
11546,male_masculine
44469,female_feminine
9845,male_masculine
7197,male_masculine
41338,female_feminine
42144,female_feminine
12023,male_masculine
43206,female_feminine
9887,male_masculine
17176,male_masculine
17528,male_masculine
13463,male_masculine
14805,male_masculine
42367,female_feminine
44304,female_feminine
41796,female_feminine
15828,male_masculine
11325,male_masculine
9296,male_masculine
44295,female_feminine
9450,male_masculine
39383,female_feminine
43848,female_feminine
40446,female_feminine
45378,female_feminine
5697,male_masculine
7174,male_masculine
7218,male_masculine
18163,male_masculine
1479,male_masculine
38105,female_feminine
16428,male_masculine
5492,male_masculine
16264,male_masculine
7133,male_masculine
47000,female_feminine
11284,male_masculine
40394,female_feminine
14773,male_masculine
46685,female_feminine
10976,male_masculine
12263,male_masculine
39281,female_feminine
44728,female_feminine
46712,female_feminine
15698,male_masculine
15441,male_masculine
43444,female_feminine
45825,female_feminine
17753,male_masculine
9376,male_masculine
11675,male_masculine
55521,female_feminine
44053,female_feminine
43717,female_feminine
15785,male_masculine
43436,female_feminine
40707,female_feminine
39906,female_feminine
6948,male_masculine
18061,male_masculine
9379,male_masculine
9801,male_masculine
44176,female_feminine
40460,female_feminine
39567,female_feminine
10703,male_masculine
38090,female_feminine
44167,female_feminine
40458,female_feminine
1082,male_masculine
43662,female_feminine
16647,male_masculine
43424,female_feminine
14797,male_masculine
44622,female_feminine
10285,male_masculine
12193,male_masculine
44674,female_feminine
45065,female_feminine
43200,female_feminine
10386,male_masculine
42642,female_feminine
16413,male_masculine
6641,male_masculine
10731,male_masculine
5279,male_masculine
47995,female_feminine
15981,male_masculine
38023,female_feminine
44399,female_feminine
12221,male_masculine
18131,male_masculine
18267,male_masculine
55108,female_feminine
39374,female_feminine
5229,male_masculine
40348,female_feminine
55202,female_feminine
6081,male_masculine
39187,female_feminine
9512,male_masculine
15999,male_masculine
17167,male_masculine
47696,female_feminine
45925,female_feminine
41591,female_feminine
46892,female_feminine
383,male_masculine
47216,female_feminine
39990,female_feminine
805,male_masculine
44496,female_feminine
17265,male_masculine
5748,male_masculine
40052,female_feminine
39159,female_feminine
18684,male_masculine
16871,male_masculine
6521,male_masculine
15209,male_masculine
10094,male_masculine
44881,female_feminine
41944,female_feminine
39648,female_feminine
15780,male_masculine
15946,male_masculine
6241,male_masculine
14820,male_masculine
16643,male_masculine
42508,female_feminine
10885,male_masculine
9884,male_masculine
476,male_masculine
16998,male_masculine
53948,female_feminine
43000,female_feminine
11641,male_masculine
46254,female_feminine
53641,female_feminine
9202,male_masculine
41574,female_feminine
41670,female_feminine
43692,female_feminine
42558,female_feminine
11470,male_masculine
44774,female_feminine
16429,male_masculine
39664,female_feminine
5845,male_masculine
44703,female_feminine
40647,female_feminine
40139,female_feminine
38446,female_feminine
5686,male_masculine
17400,male_masculine
47717,female_feminine
45306,female_feminine
42851,female_feminine
43643,female_feminine
15028,male_masculine
55049,female_feminine
524,male_masculine
14886,male_masculine
46070,female_feminine
46130,female_feminine
45136,female_feminine
17220,male_masculine
54113,female_feminine
17072,male_masculine
39500,female_feminine
17687,male_masculine
15389,male_masculine
40921,female_feminine
44020,female_feminine
17664,male_masculine
55643,female_feminine
55667,female_feminine
47869,female_feminine
15066,male_masculine
6276,male_masculine
39786,female_feminine
53874,female_feminine
44742,female_feminine
17091,male_masculine
16494,male_masculine
39332,female_feminine
13080,male_masculine
53812,female_feminine
53875,female_feminine
16598,male_masculine
6588,male_masculine
46365,female_feminine
9323,male_masculine
17803,male_masculine
149,male_masculine
11840,male_masculine
17964,male_masculine
13159,male_masculine
39813,female_feminine
12233,male_masculine
38563,female_feminine
15002,male_masculine
47934,female_feminine
6147,male_masculine
42413,female_feminine
16786,male_masculine
50305,female_feminine
42039,female_feminine
15484,male_masculine
44767,female_feminine
18213,male_masculine
6368,male_masculine
18483,male_masculine
45640,female_feminine
40421,female_feminine
43885,female_feminine
1314,male_masculine
17736,male_masculine
12912,male_masculine
43878,female_feminine
12311,male_masculine
17788,male_masculine
55288,female_feminine
11622,male_masculine
43652,female_feminine
48452,female_feminine
9950,male_masculine
6896,male_masculine
13003,male_masculine
13359,male_masculine
41985,female_feminine
9708,male_masculine
45334,female_feminine
41071,female_feminine
18141,male_masculine
46086,female_feminine
12035,male_masculine
6317,male_masculine
44722,female_feminine
48258,female_feminine
132,male_masculine
13367,male_masculine
38458,female_feminine
38260,female_feminine
47969,female_feminine
42401,female_feminine
16111,male_masculine
53808,female_feminine
42722,female_feminine
17002,male_masculine
9530,male_masculine
43172,female_feminine
53825,female_feminine
6573,male_masculine
48342,female_feminine
44098,female_feminine
18577,male_masculine
6915,male_masculine
43566,female_feminine
38193,female_feminine
7234,male_masculine
53914,female_feminine
5496,male_masculine
15967,male_masculine
53634,female_feminine
41581,female_feminine
6422,male_masculine
39523,female_feminine
14878,male_masculine
5721,male_masculine
50311,female_feminine
1318,male_masculine
194,male_masculine
38285,female_feminine
43491,female_feminine
12399,male_masculine
40117,female_feminine
18610,male_masculine
40186,female_feminine
12276,male_masculine
44645,female_feminine
55023,female_feminine
10755,male_masculine
15187,male_masculine
44517,female_feminine
47329,female_feminine
46054,female_feminine
38602,female_feminine
38441,female_feminine
55044,female_feminine
44138,female_feminine
39592,female_feminine
44201,female_feminine
48274,female_feminine
6000,male_masculine
39580,female_feminine
55976,female_feminine
10000,male_masculine
54133,female_feminine
15990,male_masculine
39770,female_feminine
7035,male_masculine
42395,female_feminine
9248,male_masculine
38409,female_feminine
45147,female_feminine
11121,male_masculine
47835,female_feminine
41241,female_feminine
44893,female_feminine
45607,female_feminine
40457,female_feminine
1494,male_masculine
55270,female_feminine
6198,male_masculine
987,male_masculine
39000,female_feminine
17756,male_masculine
50141,female_feminine
5422,male_masculine
44702,female_feminine
16923,male_masculine
5677,male_masculine
42322,female_feminine
42854,female_feminine
55969,female_feminine
55073,female_feminine
7211,male_masculine
55446,female_feminine
39052,female_feminine
47085,female_feminine
17248,male_masculine
18300,male_masculine
16931,male_masculine
16226,male_masculine
13583,male_masculine
38132,female_feminine
43623,female_feminine
43758,female_feminine
1339,male_masculine
46488,female_feminine
55193,female_feminine
47628,female_feminine
53648,female_feminine
18576,male_masculine
47772,female_feminine
44073,female_feminine
192,male_masculine
46775,female_feminine
40349,female_feminine
50299,female_feminine
42277,female_feminine
9386,male_masculine
10002,male_masculine
3582,male_masculine
13262,male_masculine
38869,female_feminine
42998,female_feminine
11992,male_masculine
17771,male_masculine
42989,female_feminine
10900,male_masculine
1226,male_masculine
6388,male_masculine
11112,male_masculine
41279,female_feminine
38557,female_feminine
15898,male_masculine
45233,female_feminine
40731,female_feminine
42908,female_feminine
10794,male_masculine
38638,female_feminine
39167,female_feminine
53836,female_feminine
42027,female_feminine
43746,female_feminine
16510,male_masculine
42313,female_feminine
15432,male_masculine
578,male_masculine
53758,female_feminine
15284,male_masculine
44646,female_feminine
48445,female_feminine
48094,female_feminine
55569,female_feminine
44478,female_feminine
17873,male_masculine
40224,female_feminine
5339,male_masculine
47036,female_feminine
7301,male_masculine
13726,male_masculine
6203,male_masculine
12914,male_masculine
17078,male_masculine
947,male_masculine
47271,female_feminine
38785,female_feminine
13243,male_masculine
13486,male_masculine
5965,male_masculine
12061,male_masculine
11208,male_masculine
11578,male_masculine
17946,male_masculine
18399,male_masculine
47377,female_feminine
18151,male_masculine
5404,male_masculine
16663,male_masculine
15917,male_masculine
13201,male_masculine
781,male_masculine
45053,female_feminine
53834,female_feminine
9974,male_masculine
46015,female_feminine
46512,female_feminine
17580,male_masculine
1358,male_masculine
38749,female_feminine
9446,male_masculine
55839,female_feminine
44388,female_feminine
40687,female_feminine
9341,male_masculine
17927,male_masculine
43247,female_feminine
40566,female_feminine
1571,male_masculine
11001,male_masculine
7282,male_masculine
42489,female_feminine
18644,male_masculine
5449,male_masculine
40838,female_feminine
44249,female_feminine
15460,male_masculine
11472,male_masculine
17702,male_masculine
43032,female_feminine
43262,female_feminine
40617,female_feminine
46324,female_feminine
9228,male_masculine
17084,male_masculine
6189,male_masculine
16994,male_masculine
53859,female_feminine
12282,male_masculine
43361,female_feminine
47412,female_feminine
13188,male_masculine
47184,female_feminine
14998,male_masculine
11401,male_masculine
15607,male_masculine
43797,female_feminine
42779,female_feminine
16205,male_masculine
40822,female_feminine
5527,male_masculine
39315,female_feminine
50197,female_feminine
43584,female_feminine
12389,male_masculine
42772,female_feminine
640,male_masculine
42877,female_feminine
5789,male_masculine
41154,female_feminine
45475,female_feminine
46925,female_feminine
11279,male_masculine
45743,female_feminine
54058,female_feminine
46151,female_feminine
17832,male_masculine
47521,female_feminine
42248,female_feminine
6760,male_masculine
55507,female_feminine
13373,male_masculine
38037,female_feminine
18323,male_masculine
43627,female_feminine
16252,male_masculine
18432,male_masculine
53843,female_feminine
40608,female_feminine
16593,male_masculine
6467,male_masculine
12927,male_masculine
43475,female_feminine
17341,male_masculine
41926,female_feminine
44865,female_feminine
45904,female_feminine
41240,female_feminine
43239,female_feminine
11837,male_masculine
55852,female_feminine
39837,female_feminine
6169,male_masculine
14835,male_masculine
44810,female_feminine
1031,male_masculine
705,male_masculine
40713,female_feminine
5293,male_masculine
18175,male_masculine
16572,male_masculine
16087,male_masculine
48365,female_feminine
6042,male_masculine
18567,male_masculine
15422,male_masculine
15854,male_masculine
48378,female_feminine
18645,male_masculine
45028,female_feminine
13601,male_masculine
55883,female_feminine
42658,female_feminine
43146,female_feminine
6505,male_masculine
9393,male_masculine
5364,male_masculine
11698,male_masculine
46661,female_feminine
9806,male_masculine
47763,female_feminine
6616,male_masculine
10318,male_masculine
15488,male_masculine
45416,female_feminine
11625,male_masculine
46458,female_feminine
45268,female_feminine
48434,female_feminine
17732,male_masculine
9339,male_masculine
11965,male_masculine
47551,female_feminine
15472,male_masculine
9638,male_masculine
9721,male_masculine
9642,male_masculine
10483,male_masculine
42152,female_feminine
6080,male_masculine
39560,female_feminine
46425,female_feminine
40911,female_feminine
39345,female_feminine
16407,male_masculine
55605,female_feminine
1584,male_masculine
38669,female_feminine
41586,female_feminine
50338,female_feminine
46986,female_feminine
39355,female_feminine
9465,male_masculine
7215,male_masculine
15049,male_masculine
502,male_masculine
46869,female_feminine
580,male_masculine
5994,male_masculine
15346,male_masculine
15983,male_masculine
9760,male_masculine
47709,female_feminine
45689,female_feminine
10409,male_masculine
44055,female_feminine
16964,male_masculine
6220,male_masculine
41282,female_feminine
13441,male_masculine
17076,male_masculine
16694,male_masculine
42488,female_feminine
18000,male_masculine
14940,male_masculine
10055,male_masculine
40042,female_feminine
38154,female_feminine
43065,female_feminine
47893,female_feminine
17936,male_masculine
1416,male_masculine
6582,male_masculine
45848,female_feminine
39019,female_feminine
43376,female_feminine
7266,male_masculine
38518,female_feminine
45956,female_feminine
48220,female_feminine
559,male_masculine
55457,female_feminine
47511,female_feminine
10923,male_masculine
15559,male_masculine
42887,female_feminine
46836,female_feminine
40290,female_feminine
45149,female_feminine
5872,male_masculine
5534,male_masculine
9435,male_masculine
43755,female_feminine
42999,female_feminine
6378,male_masculine
7336,male_masculine
11957,male_masculine
47110,female_feminine
17237,male_masculine
47368,female_feminine
39650,female_feminine
5939,male_masculine
17967,male_masculine
17117,male_masculine
11371,male_masculine
18420,male_masculine
17611,male_masculine
47493,female_feminine
361,male_masculine
39725,female_feminine
55836,female_feminine
14908,male_masculine
18214,male_masculine
55524,female_feminine
12298,male_masculine
17748,male_masculine
46022,female_feminine
40675,female_feminine
12273,male_masculine
38194,female_feminine
41541,female_feminine
5684,male_masculine
5651,male_masculine
6254,male_masculine
46889,female_feminine
10072,male_masculine
44431,female_feminine
12255,male_masculine
12973,male_masculine
9874,male_masculine
38283,female_feminine
3571,male_masculine
50244,female_feminine
48327,female_feminine
173,male_masculine
695,male_masculine
55522,female_feminine
9241,male_masculine
45869,female_feminine
42051,female_feminine
521,male_masculine
10223,male_masculine
44072,female_feminine
39826,female_feminine
17148,male_masculine
11396,male_masculine
45511,female_feminine
6574,male_masculine
42996,female_feminine
38606,female_feminine
46698,female_feminine
590,male_masculine
260,male_masculine
52147,female_feminine
16419,male_masculine
46144,female_feminine
38750,female_feminine
47816,female_feminine
17171,male_masculine
38275,female_feminine
16218,male_masculine
38240,female_feminine
47045,female_feminine
42353,female_feminine
55700,female_feminine
15180,male_masculine
10261,male_masculine
55204,female_feminine
48138,female_feminine
42833,female_feminine
11778,male_masculine
38671,female_feminine
42791,female_feminine
44329,female_feminine
43458,female_feminine
40978,female_feminine
45890,female_feminine
10984,male_masculine
11457,male_masculine
45467,female_feminine
43696,female_feminine
42881,female_feminine
11430,male_masculine
43102,female_feminine
47858,female_feminine
17836,male_masculine
6289,male_masculine
18372,male_masculine
42617,female_feminine
47899,female_feminine
10801,male_masculine
45597,female_feminine
43946,female_feminine
16497,male_masculine
189,male_masculine
46424,female_feminine
13534,male_masculine
48106,female_feminine
12164,male_masculine
43422,female_feminine
11937,male_masculine
16622,male_masculine
38454,female_feminine
17500,male_masculine
18294,male_masculine
5612,male_masculine
6455,male_masculine
6440,male_masculine
9680,male_masculine
18182,male_masculine
16374,male_masculine
10711,male_masculine
11064,male_masculine
39073,female_feminine
43478,female_feminine
18665,male_masculine
39882,female_feminine
5727,male_masculine
11416,male_masculine
17738,male_masculine
39772,female_feminine
12386,male_masculine
55809,female_feminine
45000,female_feminine
55045,female_feminine
570,male_masculine
9522,male_masculine
42614,female_feminine
41971,female_feminine
54097,female_feminine
9976,male_masculine
13263,male_masculine
55107,female_feminine
38134,female_feminine
38501,female_feminine
14751,male_masculine
844,male_masculine
7243,male_masculine
13374,male_masculine
44366,female_feminine
10838,male_masculine
9300,male_masculine
15907,male_masculine
9661,male_masculine
13179,male_masculine
40720,female_feminine
55753,female_feminine
40435,female_feminine
45685,female_feminine
38528,female_feminine
48316,female_feminine
7028,male_masculine
11755,male_masculine
6551,male_masculine
13349,male_masculine
46995,female_feminine
9367,male_masculine
16777,male_masculine
10006,male_masculine
9398,male_masculine
18284,male_masculine
16909,male_masculine
1172,male_masculine
15685,male_masculine
11506,male_masculine
46025,female_feminine
13032,male_masculine
43137,female_feminine
47652,female_feminine
55413,female_feminine
16195,male_masculine
14749,male_masculine
18170,male_masculine
952,male_masculine
41680,female_feminine
18204,male_masculine
7149,male_masculine
5637,male_masculine
14731,male_masculine
12937,male_masculine
17233,male_masculine
47461,female_feminine
43440,female_feminine
40087,female_feminine
15670,male_masculine
45820,female_feminine
6299,male_masculine
10232,male_masculine
48387,female_feminine
42584,female_feminine
15602,male_masculine
12138,male_masculine
7199,male_masculine
18529,male_masculine
42041,female_feminine
48372,female_feminine
43103,female_feminine
16327,male_masculine
11344,male_masculine
38,male_masculine
42709,female_feminine
38173,female_feminine
5500,male_masculine
47767,female_feminine
9314,male_masculine
10436,male_masculine
12010,male_masculine
38845,female_feminine
229,male_masculine
53951,female_feminine
16645,male_masculine
55021,female_feminine
16816,male_masculine
568,male_masculine
46410,female_feminine
47606,female_feminine
45760,female_feminine
562,male_masculine
18528,male_masculine
41601,female_feminine
47829,female_feminine
17948,male_masculine
50335,female_feminine
38289,female_feminine
13023,male_masculine
7111,male_masculine
10672,male_masculine
18149,male_masculine
50270,female_feminine
40820,female_feminine
48088,female_feminine
55775,female_feminine
10710,male_masculine
41866,female_feminine
54116,female_feminine
9568,male_masculine
40167,female_feminine
13051,male_masculine
1018,male_masculine
13382,male_masculine
17024,male_masculine
16654,male_masculine
41187,female_feminine
45291,female_feminine
38713,female_feminine
55331,female_feminine
12044,male_masculine
18296,male_masculine
94,male_masculine
843,male_masculine
11446,male_masculine
894,male_masculine
17716,male_masculine
17013,male_masculine
13467,male_masculine
45499,female_feminine
43152,female_feminine
47533,female_feminine
55162,female_feminine
6950,male_masculine
48473,female_feminine
18648,male_masculine
10474,male_masculine
40162,female_feminine
45789,female_feminine
42208,female_feminine
17010,male_masculine
47945,female_feminine
47718,female_feminine
5649,male_masculine
734,male_masculine
47649,female_feminine
18252,male_masculine
16139,male_masculine
53565,female_feminine
46207,female_feminine
47381,female_feminine
42992,female_feminine
15962,male_masculine
46735,female_feminine
15930,male_masculine
47462,female_feminine
234,male_masculine
46387,female_feminine
40270,female_feminine
44560,female_feminine
10498,male_masculine
10377,male_masculine
40116,female_feminine
9937,male_masculine
55848,female_feminine
16310,male_masculine
16672,male_masculine
38854,female_feminine
10425,male_masculine
38075,female_feminine
44582,female_feminine
45844,female_feminine
10851,male_masculine
151,male_masculine
13603,male_masculine
38338,female_feminine
43942,female_feminine
14961,male_masculine
16014,male_masculine
9693,male_masculine
9729,male_masculine
10119,male_masculine
9495,male_masculine
15694,male_masculine
11080,male_masculine
10824,male_masculine
47958,female_feminine
55119,female_feminine
5950,male_masculine
18275,male_masculine
46748,female_feminine
10227,male_masculine
960,male_masculine
55888,female_feminine
13503,male_masculine
14983,male_masculine
16292,male_masculine
40498,female_feminine
38404,female_feminine
45187,female_feminine
46286,female_feminine
52185,female_feminine
573,male_masculine
41943,female_feminine
16885,male_masculine
55430,female_feminine
41999,female_feminine
544,male_masculine
38143,female_feminine
39604,female_feminine
6571,male_masculine
43354,female_feminine
43532,female_feminine
417,male_masculine
50152,female_feminine
10727,male_masculine
17454,male_masculine
15579,male_masculine
11781,male_masculine
1025,male_masculine
40375,female_feminine
15782,male_masculine
44694,female_feminine
5989,male_masculine
41756,female_feminine
48159,female_feminine
50290,female_feminine
43869,female_feminine
16240,male_masculine
44956,female_feminine
48129,female_feminine
38184,female_feminine
55829,female_feminine
45082,female_feminine
38268,female_feminine
16698,male_masculine
40366,female_feminine
18495,male_masculine
16009,male_masculine
14977,male_masculine
48351,female_feminine
38709,female_feminine
47487,female_feminine
41596,female_feminine
40622,female_feminine
11503,male_masculine
9641,male_masculine
42303,female_feminine
48276,female_feminine
41746,female_feminine
18651,male_masculine
15938,male_masculine
42533,female_feminine
45259,female_feminine
1458,male_masculine
38106,female_feminine
38993,female_feminine
15461,male_masculine
10754,male_masculine
7201,male_masculine
6305,male_masculine
43725,female_feminine
11239,male_masculine
11319,male_masculine
48036,female_feminine
45087,female_feminine
13592,male_masculine
16331,male_masculine
9260,male_masculine
18056,male_masculine
549,male_masculine
13710,male_masculine
38879,female_feminine
47535,female_feminine
17749,male_masculine
44096,female_feminine
43888,female_feminine
47024,female_feminine
47292,female_feminine
53715,female_feminine
48089,female_feminine
40546,female_feminine
18033,male_masculine
15558,male_masculine
42864,female_feminine
14750,male_masculine
43467,female_feminine
42014,female_feminine
16767,male_masculine
18395,male_masculine
9765,male_masculine
6165,male_masculine
42189,female_feminine
46228,female_feminine
41053,female_feminine
14824,male_masculine
18256,male_masculine
40275,female_feminine
55091,female_feminine
6903,male_masculine
45280,female_feminine
45248,female_feminine
13258,male_masculine
47979,female_feminine
44715,female_feminine
43435,female_feminine
38710,female_feminine
39301,female_feminine
39918,female_feminine
38391,female_feminine
10291,male_masculine
5933,male_masculine
11182,male_masculine
7085,male_masculine
39734,female_feminine
46327,female_feminine
11184,male_masculine
42410,female_feminine
17563,male_masculine
7278,male_masculine
6438,male_masculine
1407,male_masculine
837,male_masculine
16245,male_masculine
42417,female_feminine
7135,male_masculine
50292,female_feminine
39400,female_feminine
16508,male_masculine
38175,female_feminine
9274,male_masculine
41497,female_feminine
43880,female_feminine
45647,female_feminine
53785,female_feminine
38207,female_feminine
48388,female_feminine
46222,female_feminine
38608,female_feminine
38448,female_feminine
41997,female_feminine
15025,male_masculine
55606,female_feminine
6795,male_masculine
9520,male_masculine
55752,female_feminine
45854,female_feminine
11276,male_masculine
48047,female_feminine
46196,female_feminine
15259,male_masculine
42737,female_feminine
16468,male_masculine
45949,female_feminine
18291,male_masculine
47771,female_feminine
13678,male_masculine
18489,male_masculine
41964,female_feminine
1621,male_masculine
38366,female_feminine
55319,female_feminine
39445,female_feminine
41805,female_feminine
46514,female_feminine
43388,female_feminine
1187,male_masculine
45282,female_feminine
15735,male_masculine
288,male_masculine
38198,female_feminine
40459,female_feminine
204,male_masculine
46739,female_feminine
9663,male_masculine
55977,female_feminine
17055,male_masculine
17409,male_masculine
14783,male_masculine
45332,female_feminine
48278,female_feminine
15111,male_masculine
6185,male_masculine
6513,male_masculine
6372,male_masculine
10378,male_masculine
45353,female_feminine
38430,female_feminine
17760,male_masculine
39867,female_feminine
398,male_masculine
17461,male_masculine
44482,female_feminine
47989,female_feminine
55144,female_feminine
39256,female_feminine
16626,male_masculine
15,male_masculine
38457,female_feminine
40957,female_feminine
39215,female_feminine
15051,male_masculine
10265,male_masculine
16977,male_masculine
9855,male_masculine
1487,male_masculine
44035,female_feminine
38984,female_feminine
38092,female_feminine
1159,male_masculine
46349,female_feminine
40178,female_feminine
41567,female_feminine
13042,male_masculine
39428,female_feminine
6458,male_masculine
15899,male_masculine
1329,male_masculine
5988,male_masculine
128,male_masculine
1222,male_masculine
44310,female_feminine
44170,female_feminine
9335,male_masculine
5881,male_masculine
42210,female_feminine
39012,female_feminine
55257,female_feminine
17348,male_masculine
12099,male_masculine
14982,male_masculine
38335,female_feminine
45232,female_feminine
15052,male_masculine
40624,female_feminine
45513,female_feminine
11976,male_masculine
43868,female_feminine
15530,male_masculine
38068,female_feminine
15351,male_masculine
40490,female_feminine
54110,female_feminine
1936,male_masculine
15521,male_masculine
38578,female_feminine
15469,male_masculine
152,male_masculine
47983,female_feminine
795,male_masculine
17362,male_masculine
16128,male_masculine
10781,male_masculine
14755,male_masculine
43632,female_feminine
661,male_masculine
6783,male_masculine
41254,female_feminine
55633,female_feminine
47571,female_feminine
16620,male_masculine
6333,male_masculine
41458,female_feminine
47324,female_feminine
42721,female_feminine
45440,female_feminine
41628,female_feminine
7188,male_masculine
10651,male_masculine
18473,male_masculine
44068,female_feminine
12139,male_masculine
10350,male_masculine
38077,female_feminine
40211,female_feminine
40564,female_feminine
16962,male_masculine
44740,female_feminine
40562,female_feminine
15341,male_masculine
39651,female_feminine
38080,female_feminine
6495,male_masculine
5640,male_masculine
18054,male_masculine
15114,male_masculine
16258,male_masculine
16131,male_masculine
53619,female_feminine
15855,male_masculine
6015,male_masculine
42795,female_feminine
44115,female_feminine
53931,female_feminine
43656,female_feminine
17925,male_masculine
6338,male_masculine
55251,female_feminine
16130,male_masculine
10538,male_masculine
17394,male_masculine
47910,female_feminine
6227,male_masculine
15737,male_masculine
11438,male_masculine
9545,male_masculine
6645,male_masculine
46743,female_feminine
13559,male_masculine
16696,male_masculine
16517,male_masculine
43640,female_feminine
45254,female_feminine
6648,male_masculine
14898,male_masculine
53567,female_feminine
14817,male_masculine
12966,male_masculine
14729,male_masculine
46068,female_feminine
44065,female_feminine
45158,female_feminine
12170,male_masculine
12039,male_masculine
9180,male_masculine
6762,male_masculine
50331,female_feminine
676,male_masculine
14809,male_masculine
55347,female_feminine
46816,female_feminine
9632,male_masculine
15140,male_masculine
45023,female_feminine
17208,male_masculine
11929,male_masculine
6804,male_masculine
47361,female_feminine
17676,male_masculine
46103,female_feminine
44017,female_feminine
39915,female_feminine
39169,female_feminine
44063,female_feminine
41166,female_feminine
11277,male_masculine
10499,male_masculine
6409,male_masculine
7057,male_masculine
39131,female_feminine
14811,male_masculine
5448,male_masculine
12926,male_masculine
45085,female_feminine
43530,female_feminine
16720,male_masculine
15133,male_masculine
10174,male_masculine
14958,male_masculine
50349,female_feminine
43947,female_feminine
17260,male_masculine
43446,female_feminine
42800,female_feminine
13686,male_masculine
43667,female_feminine
48373,female_feminine
5722,male_masculine
43429,female_feminine
11008,male_masculine
38866,female_feminine
41375,female_feminine
41233,female_feminine
38325,female_feminine
11158,male_masculine
16154,male_masculine
13036,male_masculine
6754,male_masculine
6040,male_masculine
38651,female_feminine
47233,female_feminine
42163,female_feminine
47946,female_feminine
47151,female_feminine
44611,female_feminine
5893,male_masculine
16828,male_masculine
39898,female_feminine
47810,female_feminine
5303,male_masculine
55025,female_feminine
45008,female_feminine
39917,female_feminine
6221,male_masculine
41355,female_feminine
46581,female_feminine
55,male_masculine
55256,female_feminine
53590,female_feminine
1085,male_masculine
39932,female_feminine
17709,male_masculine
18499,male_masculine
47347,female_feminine
48360,female_feminine
11130,male_masculine
43754,female_feminine
42813,female_feminine
40783,female_feminine
53587,female_feminine
45131,female_feminine
42222,female_feminine
6913,male_masculine
5942,male_masculine
43180,female_feminine
40775,female_feminine
46598,female_feminine
40815,female_feminine
164,male_masculine
13421,male_masculine
44126,female_feminine
15975,male_masculine
7351,male_masculine
12383,male_masculine
6718,male_masculine
46230,female_feminine
10579,male_masculine
53682,female_feminine
38370,female_feminine
40070,female_feminine
39496,female_feminine
1079,male_masculine
732,male_masculine
38252,female_feminine
41831,female_feminine
48218,female_feminine
39670,female_feminine
45531,female_feminine
5700,male_masculine
47993,female_feminine
38388,female_feminine
13312,male_masculine
39758,female_feminine
9899,male_masculine
44332,female_feminine
283,male_masculine
1269,male_masculine
46973,female_feminine
41472,female_feminine
42260,female_feminine
53722,female_feminine
7,male_masculine
10451,male_masculine
1296,male_masculine
11515,male_masculine
38754,female_feminine
6904,male_masculine
43257,female_feminine
10401,male_masculine
40813,female_feminine
45018,female_feminine
38238,female_feminine
39991,female_feminine
55463,female_feminine
7091,male_masculine
16272,male_masculine
40550,female_feminine
10912,male_masculine
10849,male_masculine
201,male_masculine
6441,male_masculine
15769,male_masculine
15304,male_masculine
14743,male_masculine
46684,female_feminine
5829,male_masculine
18374,male_masculine
39342,female_feminine
40295,female_feminine
13297,male_masculine
18362,male_masculine
54055,female_feminine
46069,female_feminine
13368,male_masculine
41894,female_feminine
9280,male_masculine
47560,female_feminine
47029,female_feminine
43016,female_feminine
16691,male_masculine
44483,female_feminine
48080,female_feminine
16515,male_masculine
17288,male_masculine
44639,female_feminine
6230,male_masculine
39043,female_feminine
1242,male_masculine
213,male_masculine
38636,female_feminine
11777,male_masculine
42858,female_feminine
54090,female_feminine
9958,male_masculine
239,male_masculine
6139,male_masculine
9267,male_masculine
6922,male_masculine
11353,male_masculine
44442,female_feminine
10330,male_masculine
11964,male_masculine
18562,male_masculine
39777,female_feminine
789,male_masculine
11313,male_masculine
9930,male_masculine
11419,male_masculine
44528,female_feminine
16324,male_masculine
45162,female_feminine
10632,male_masculine
13071,male_masculine
6642,male_masculine
18290,male_masculine
48169,female_feminine
5897,male_masculine
41313,female_feminine
13385,male_masculine
42622,female_feminine
41807,female_feminine
6563,male_masculine
46708,female_feminine
44062,female_feminine
50304,female_feminine
6314,male_masculine
43569,female_feminine
12301,male_masculine
17335,male_masculine
18322,male_masculine
18365,male_masculine
42023,female_feminine
55090,female_feminine
48177,female_feminine
5264,male_masculine
1412,male_masculine
628,male_masculine
17596,male_masculine
17019,male_masculine
48347,female_feminine
11143,male_masculine
15723,male_masculine
14727,male_masculine
42262,female_feminine
41037,female_feminine
17023,male_masculine
15774,male_masculine
9358,male_masculine
42406,female_feminine
5671,male_masculine
41250,female_feminine
40751,female_feminine
47949,female_feminine
15382,male_masculine
13350,male_masculine
16371,male_masculine
17225,male_masculine
50245,female_feminine
43042,female_feminine
48142,female_feminine
5224,male_masculine
42128,female_feminine
10946,male_masculine
40725,female_feminine
55263,female_feminine
46657,female_feminine
10398,male_masculine
16091,male_masculine
41157,female_feminine
41927,female_feminine
15093,male_masculine
11791,male_masculine
17018,male_masculine
45193,female_feminine
47446,female_feminine
47418,female_feminine
1408,male_masculine
6057,male_masculine
15658,male_masculine
46544,female_feminine
39403,female_feminine
1614,male_masculine
11533,male_masculine
47447,female_feminine
46213,female_feminine
6407,male_masculine
5904,male_masculine
10956,male_masculine
47878,female_feminine
47617,female_feminine
1287,male_masculine
45404,female_feminine
1022,male_masculine
13504,male_masculine
18313,male_masculine
122,male_masculine
18509,male_masculine
10621,male_masculine
44405,female_feminine
10924,male_masculine
53978,female_feminine
38989,female_feminine
41258,female_feminine
1383,male_masculine
10563,male_masculine
6508,male_masculine
53769,female_feminine
44745,female_feminine
42072,female_feminine
9962,male_masculine
28,male_masculine
41057,female_feminine
785,male_masculine
39111,female_feminine
38860,female_feminine
47980,female_feminine
48077,female_feminine
38073,female_feminine
13356,male_masculine
5819,male_masculine
50175,female_feminine
47818,female_feminine
40700,female_feminine
47303,female_feminine
16847,male_masculine
11415,male_masculine
39943,female_feminine
18653,male_masculine
44498,female_feminine
55772,female_feminine
39255,female_feminine
45258,female_feminine
42889,female_feminine
13328,male_masculine
45459,female_feminine
46492,female_feminine
42068,female_feminine
5326,male_masculine
42002,female_feminine
16780,male_masculine
42214,female_feminine
42942,female_feminine
16788,male_masculine
46521,female_feminine
13156,male_masculine
10270,male_masculine
44157,female_feminine
11461,male_masculine
7334,male_masculine
41942,female_feminine
44986,female_feminine
18484,male_masculine
17520,male_masculine
44693,female_feminine
15792,male_masculine
6272,male_masculine
43196,female_feminine
16129,male_masculine
40726,female_feminine
18457,male_masculine
6014,male_masculine
53561,female_feminine
48298,female_feminine
17287,male_masculine
40778,female_feminine
55442,female_feminine
53607,female_feminine
39893,female_feminine
1465,male_masculine
44494,female_feminine
45819,female_feminine
40780,female_feminine
45856,female_feminine
13764,male_masculine
42536,female_feminine
42455,female_feminine
47455,female_feminine
11136,male_masculine
45727,female_feminine
18463,male_masculine
16552,male_masculine
43999,female_feminine
78,male_masculine
16523,male_masculine
43501,female_feminine
50314,female_feminine
200,male_masculine
44477,female_feminine
6316,male_masculine
42718,female_feminine
48128,female_feminine
6977,male_masculine
40728,female_feminine
856,male_masculine
42215,female_feminine
53979,female_feminine
39540,female_feminine
41264,female_feminine
40357,female_feminine
13248,male_masculine
9928,male_masculine
38813,female_feminine
39629,female_feminine
10788,male_masculine
6690,male_masculine
42054,female_feminine
38543,female_feminine
1286,male_masculine
44918,female_feminine
41141,female_feminine
17159,male_masculine
41267,female_feminine
5324,male_masculine
55696,female_feminine
10080,male_masculine
18631,male_masculine
42762,female_feminine
11332,male_masculine
15330,male_masculine
10795,male_masculine
7155,male_masculine
41485,female_feminine
5415,male_masculine
38228,female_feminine
15614,male_masculine
16070,male_masculine
41867,female_feminine
55076,female_feminine
18673,male_masculine
9301,male_masculine
39452,female_feminine
42117,female_feminine
14730,male_masculine
39642,female_feminine
15443,male_masculine
12998,male_masculine
10778,male_masculine
18247,male_masculine
12398,male_masculine
15987,male_masculine
5669,male_masculine
15835,male_masculine
47316,female_feminine
507,male_masculine
129,male_masculine
38841,female_feminine
17460,male_masculine
13234,male_masculine
47875,female_feminine
10317,male_masculine
16453,male_masculine
13012,male_masculine
9932,male_masculine
18709,male_masculine
11355,male_masculine
43335,female_feminine
50169,female_feminine
10959,male_masculine
47805,female_feminine
40086,female_feminine
53852,female_feminine
45116,female_feminine
6142,male_masculine
6699,male_masculine
47274,female_feminine
5935,male_masculine
42865,female_feminine
101,male_masculine
6605,male_masculine
53756,female_feminine
40326,female_feminine
13303,male_masculine
16625,male_masculine
15436,male_masculine
46788,female_feminine
1036,male_masculine
40670,female_feminine
53692,female_feminine
50340,female_feminine
55026,female_feminine
41470,female_feminine
18605,male_masculine
50214,female_feminine
18206,male_masculine
48179,female_feminine
43170,female_feminine
11646,male_masculine
45399,female_feminine
10212,male_masculine
13582,male_masculine
11676,male_masculine
44396,female_feminine
41316,female_feminine
42364,female_feminine
46065,female_feminine
17172,male_masculine
55149,female_feminine
6757,male_masculine
17907,male_masculine
41418,female_feminine
5720,male_masculine
10368,male_masculine
55087,female_feminine
17539,male_masculine
48097,female_feminine
15789,male_masculine
43582,female_feminine
38809,female_feminine
618,male_masculine
11655,male_masculine
41504,female_feminine
45644,female_feminine
5516,male_masculine
6736,male_masculine
11821,male_masculine
1619,male_masculine
16585,male_masculine
42786,female_feminine
17068,male_masculine
38610,female_feminine
48,male_masculine
46502,female_feminine
42937,female_feminine
7061,male_masculine
5221,male_masculine
45936,female_feminine
46507,female_feminine
42505,female_feminine
43316,female_feminine
6194,male_masculine
17861,male_masculine
39286,female_feminine
46910,female_feminine
15318,male_masculine
44467,female_feminine
40651,female_feminine
7349,male_masculine
9259,male_masculine
1451,male_masculine
6981,male_masculine
810,male_masculine
5668,male_masculine
38872,female_feminine
18538,male_masculine
17234,male_masculine
39287,female_feminine
15618,male_masculine
11834,male_masculine
9888,male_masculine
10706,male_masculine
39339,female_feminine
11376,male_masculine
46982,female_feminine
41371,female_feminine
55951,female_feminine
17954,male_masculine
39359,female_feminine
44676,female_feminine
6952,male_masculine
38667,female_feminine
16939,male_masculine
42487,female_feminine
11742,male_masculine
47647,female_feminine
41124,female_feminine
43007,female_feminine
45363,female_feminine
18133,male_masculine
44577,female_feminine
47919,female_feminine
40560,female_feminine
45081,female_feminine
5815,male_masculine
41495,female_feminine
45681,female_feminine
40737,female_feminine
10680,male_masculine
17392,male_masculine
39323,female_feminine
6884,male_masculine
6292,male_masculine
55807,female_feminine
522,male_masculine
15825,male_masculine
41361,female_feminine
822,male_masculine
17541,male_masculine
5578,male_masculine
46968,female_feminine
17826,male_masculine
18074,male_masculine
15338,male_masculine
5585,male_masculine
6816,male_masculine
45886,female_feminine
40798,female_feminine
40197,female_feminine
55451,female_feminine
10134,male_masculine
15606,male_masculine
42975,female_feminine
41098,female_feminine
43738,female_feminine
47162,female_feminine
17057,male_masculine
46557,female_feminine
45352,female_feminine
43357,female_feminine
6897,male_masculine
247,male_masculine
44468,female_feminine
40356,female_feminine
53543,female_feminine
45937,female_feminine
16377,male_masculine
18524,male_masculine
48026,female_feminine
45877,female_feminine
55174,female_feminine
45088,female_feminine
55872,female_feminine
15041,male_masculine
46498,female_feminine
16895,male_masculine
5391,male_masculine
11616,male_masculine
17922,male_masculine
38595,female_feminine
10158,male_masculine
665,male_masculine
47548,female_feminine
43330,female_feminine
48174,female_feminine
9540,male_masculine
45380,female_feminine
9893,male_masculine
45537,female_feminine
6384,male_masculine
18663,male_masculine
17253,male_masculine
16903,male_masculine
16935,male_masculine
46648,female_feminine
41595,female_feminine
967,male_masculine
16159,male_masculine
17804,male_masculine
44536,female_feminine
40527,female_feminine
18094,male_masculine
46899,female_feminine
10303,male_masculine
47850,female_feminine
11402,male_masculine
387,male_masculine
43037,female_feminine
17150,male_masculine
16265,male_masculine
13585,male_masculine
5235,male_masculine
15418,male_masculine
10150,male_masculine
41320,female_feminine
41949,female_feminine
46922,female_feminine
18324,male_masculine
18305,male_masculine
42384,female_feminine
39152,female_feminine
42484,female_feminine
46302,female_feminine
473,male_masculine
10202,male_masculine
7307,male_masculine
45312,female_feminine
18202,male_masculine
16174,male_masculine
12113,male_masculine
156,male_masculine
12058,male_masculine
1938,male_masculine
12956,male_masculine
53556,female_feminine
38795,female_feminine
47663,female_feminine
48193,female_feminine
45108,female_feminine
42632,female_feminine
453,male_masculine
13024,male_masculine
12025,male_masculine
50271,female_feminine
10443,male_masculine
15113,male_masculine
9198,male_masculine
55207,female_feminine
47642,female_feminine
10210,male_masculine
46573,female_feminine
6628,male_masculine
9991,male_masculine
9868,male_masculine
45386,female_feminine
39211,female_feminine
44656,female_feminine
43886,female_feminine
12158,male_masculine
18588,male_masculine
5589,male_masculine
42147,female_feminine
55280,female_feminine
16040,male_masculine
6406,male_masculine
6043,male_masculine
13542,male_masculine
11462,male_masculine
41085,female_feminine
10209,male_masculine
17783,male_masculine
41566,female_feminine
45614,female_feminine
6620,male_masculine
10419,male_masculine
40322,female_feminine
39397,female_feminine
39200,female_feminine
55314,female_feminine
45874,female_feminine
55051,female_feminine
12186,male_masculine
44921,female_feminine
47817,female_feminine
5782,male_masculine
46339,female_feminine
17007,male_masculine
9499,male_masculine
50167,female_feminine
47242,female_feminine
40618,female_feminine
55676,female_feminine
17657,male_masculine
13606,male_masculine
53777,female_feminine
46620,female_feminine
43805,female_feminine
38135,female_feminine
39382,female_feminine
11829,male_masculine
15337,male_masculine
43245,female_feminine
48107,female_feminine
11095,male_masculine
11623,male_masculine
42677,female_feminine
1530,male_masculine
38905,female_feminine
55730,female_feminine
53555,female_feminine
54001,female_feminine
40229,female_feminine
171,male_masculine
15943,male_masculine
6382,male_masculine
40609,female_feminine
6476,male_masculine
10077,male_masculine
39979,female_feminine
42347,female_feminine
42757,female_feminine
18075,male_masculine
45913,female_feminine
1039,male_masculine
16415,male_masculine
44754,female_feminine
44890,female_feminine
11730,male_masculine
995,male_masculine
41689,female_feminine
15185,male_masculine
18139,male_masculine
47842,female_feminine
6614,male_masculine
46745,female_feminine
43518,female_feminine
53831,female_feminine
42911,female_feminine
10337,male_masculine
45646,female_feminine
38686,female_feminine
13015,male_masculine
38309,female_feminine
16390,male_masculine
39120,female_feminine
46559,female_feminine
38976,female_feminine
43921,female_feminine
6878,male_masculine
38876,female_feminine
5953,male_masculine
17767,male_masculine
13629,male_masculine
5659,male_masculine
6996,male_masculine
48248,female_feminine
6667,male_masculine
50328,female_feminine
43816,female_feminine
11475,male_masculine
15716,male_masculine
43694,female_feminine
772,male_masculine
41649,female_feminine
43875,female_feminine
43044,female_feminine
7178,male_masculine
47269,female_feminine
40913,female_feminine
47505,female_feminine
16467,male_masculine
38825,female_feminine
43008,female_feminine
15537,male_masculine
13206,male_masculine
47814,female_feminine
17740,male_masculine
11065,male_masculine
44831,female_feminine
38726,female_feminine
41452,female_feminine
39497,female_feminine
957,male_masculine
53929,female_feminine
53932,female_feminine
38157,female_feminine
11172,male_masculine
1078,male_masculine
43147,female_feminine
55803,female_feminine
40053,female_feminine
48069,female_feminine
45083,female_feminine
6974,male_masculine
39613,female_feminine
43965,female_feminine
39243,female_feminine
205,male_masculine
15616,male_masculine
17310,male_masculine
6858,male_masculine
55460,female_feminine
42127,female_feminine
9854,male_masculine
41607,female_feminine
46323,female_feminine
13353,male_masculine
44816,female_feminine
16949,male_masculine
45124,female_feminine
39117,female_feminine
45948,female_feminine
53571,female_feminine
38079,female_feminine
774,male_masculine
46992,female_feminine
9822,male_masculine
13172,male_masculine
44721,female_feminine
6930,male_masculine
15468,male_masculine
48337,female_feminine
55057,female_feminine
40886,female_feminine
55113,female_feminine
41654,female_feminine
41082,female_feminine
9730,male_masculine
48407,female_feminine
6319,male_masculine
42544,female_feminine
5884,male_masculine
5912,male_masculine
41434,female_feminine
5592,male_masculine
18658,male_masculine
15874,male_masculine
50348,female_feminine
10840,male_masculine
40488,female_feminine
14987,male_masculine
17118,male_masculine
47697,female_feminine
46391,female_feminine
47136,female_feminine
39119,female_feminine
45469,female_feminine
5569,male_masculine
16714,male_masculine
11738,male_masculine
16322,male_masculine
48305,female_feminine
16973,male_masculine
47238,female_feminine
10278,male_masculine
17514,male_masculine
55675,female_feminine
47362,female_feminine
44224,female_feminine
15778,male_masculine
6217,male_masculine
44049,female_feminine
39520,female_feminine
7021,male_masculine
39173,female_feminine
53549,female_feminine
12147,male_masculine
39439,female_feminine
17789,male_masculine
43593,female_feminine
47967,female_feminine
42243,female_feminine
39017,female_feminine
47139,female_feminine
45862,female_feminine
55465,female_feminine
17457,male_masculine
16658,male_masculine
16093,male_masculine
43789,female_feminine
6403,male_masculine
39456,female_feminine
42525,female_feminine
10030,male_masculine
55089,female_feminine
13546,male_masculine
44929,female_feminine
44984,female_feminine
40522,female_feminine
10534,male_masculine
267,male_masculine
18553,male_masculine
42515,female_feminine
12288,male_masculine
44222,female_feminine
43917,female_feminine
40988,female_feminine
38487,female_feminine
449,male_masculine
40640,female_feminine
9852,male_masculine
13729,male_masculine
44047,female_feminine
17337,male_masculine
17919,male_masculine
52163,female_feminine
53985,female_feminine
47514,female_feminine
55122,female_feminine
46482,female_feminine
42700,female_feminine
656,male_masculine
41155,female_feminine
40802,female_feminine
40812,female_feminine
7124,male_masculine
41022,female_feminine
6826,male_masculine
55422,female_feminine
55885,female_feminine
38225,female_feminine
40106,female_feminine
13707,male_masculine
38491,female_feminine
47755,female_feminine
11339,male_masculine
45229,female_feminine
7268,male_masculine
11797,male_masculine
11720,male_masculine
6785,male_masculine
15202,male_masculine
42805,female_feminine
18116,male_masculine
931,male_masculine
11179,male_masculine
10615,male_masculine
38553,female_feminine
44322,female_feminine
43317,female_feminine
41422,female_feminine
958,male_masculine
9626,male_masculine
55022,female_feminine
11512,male_masculine
531,male_masculine
6308,male_masculine
6201,male_masculine
12910,male_masculine
46197,female_feminine
17187,male_masculine
42867,female_feminine
47740,female_feminine
11596,male_masculine
235,male_masculine
13651,male_masculine
43302,female_feminine
46141,female_feminine
53949,female_feminine
12380,male_masculine
625,male_masculine
45442,female_feminine
18520,male_masculine
455,male_masculine
10307,male_masculine
46765,female_feminine
10266,male_masculine
38329,female_feminine
53833,female_feminine
15233,male_masculine
1152,male_masculine
718,male_masculine
43072,female_feminine
1198,male_masculine
39733,female_feminine
1112,male_masculine
393,male_masculine
41102,female_feminine
6490,male_masculine
44236,female_feminine
18590,male_masculine
6105,male_masculine
53799,female_feminine
43407,female_feminine
11628,male_masculine
45335,female_feminine
18176,male_masculine
17807,male_masculine
53907,female_feminine
46029,female_feminine
546,male_masculine
10475,male_masculine
41753,female_feminine
47041,female_feminine
46724,female_feminine
45603,female_feminine
50162,female_feminine
47205,female_feminine
6873,male_masculine
53602,female_feminine
1097,male_masculine
54114,female_feminine
55278,female_feminine
13487,male_masculine
41004,female_feminine
10718,male_masculine
11626,male_masculine
10954,male_masculine
5460,male_masculine
45409,female_feminine
17192,male_masculine
11036,male_masculine
10211,male_masculine
7387,male_masculine
43654,female_feminine
11326,male_masculine
18581,male_masculine
5737,male_masculine
53942,female_feminine
40310,female_feminine
40345,female_feminine
13212,male_masculine
55055,female_feminine
14762,male_masculine
45898,female_feminine
18548,male_masculine
6523,male_masculine
277,male_masculine
43166,female_feminine
15055,male_masculine
12987,male_masculine
278,male_masculine
10402,male_masculine
9316,male_masculine
48030,female_feminine
53663,female_feminine
140,male_masculine
10569,male_masculine
1064,male_masculine
11102,male_masculine
55261,female_feminine
45857,female_feminine
14984,male_masculine
18635,male_masculine
9619,male_masculine
10999,male_masculine
43402,female_feminine
15577,male_masculine
47354,female_feminine
15197,male_masculine
667,male_masculine
52168,female_feminine
39122,female_feminine
44416,female_feminine
11789,male_masculine
801,male_masculine
14912,male_masculine
10791,male_masculine
43034,female_feminine
11580,male_masculine
39432,female_feminine
16278,male_masculine
45699,female_feminine
40765,female_feminine
5484,male_masculine
38896,female_feminine
5566,male_masculine
47315,female_feminine
564,male_masculine
10079,male_masculine
17161,male_masculine
7216,male_masculine
17708,male_masculine
47924,female_feminine
18332,male_masculine
11898,male_masculine
5328,male_masculine
15574,male_masculine
7279,male_masculine
41429,female_feminine
13334,male_masculine
46904,female_feminine
17345,male_masculine
17471,male_masculine
591,male_masculine
43839,female_feminine
45253,female_feminine
55892,female_feminine
47661,female_feminine
38230,female_feminine
43638,female_feminine
41727,female_feminine
46251,female_feminine
11880,male_masculine
38585,female_feminine
13106,male_masculine
42432,female_feminine
16287,male_masculine
15807,male_masculine
41334,female_feminine
9362,male_masculine
46882,female_feminine
40712,female_feminine
6545,male_masculine
38742,female_feminine
13587,male_masculine
5869,male_masculine
7314,male_masculine
45595,female_feminine
47600,female_feminine
5445,male_masculine
44337,female_feminine
44638,female_feminine
11981,male_masculine
46886,female_feminine
16718,male_masculine
38836,female_feminine
46208,female_feminine
15879,male_masculine
13508,male_masculine
218,male_masculine
10622,male_masculine
18739,male_masculine
598,male_masculine
5803,male_masculine
40097,female_feminine
42146,female_feminine
42402,female_feminine
41857,female_feminine
17768,male_masculine
6394,male_masculine
54053,female_feminine
15706,male_masculine
635,male_masculine
46265,female_feminine
43369,female_feminine
45585,female_feminine
42496,female_feminine
15664,male_masculine
6599,male_masculine
448,male_masculine
17112,male_masculine
402,male_masculine
43063,female_feminine
10572,male_masculine
1368,male_masculine
38521,female_feminine
38095,female_feminine
17834,male_masculine
47426,female_feminine
17944,male_masculine
6452,male_masculine
42169,female_feminine
55920,female_feminine
5876,male_masculine
10842,male_masculine
43565,female_feminine
5363,male_masculine
38570,female_feminine
9287,male_masculine
5647,male_masculine
11744,male_masculine
9359,male_masculine
39189,female_feminine
44217,female_feminine
18104,male_masculine
11772,male_masculine
16191,male_masculine
11141,male_masculine
55287,female_feminine
9957,male_masculine
55982,female_feminine
44547,female_feminine
55974,female_feminine
6909,male_masculine
46279,female_feminine
15693,male_masculine
38363,female_feminine
13544,male_masculine
42783,female_feminine
44032,female_feminine
40013,female_feminine
45086,female_feminine
5215,male_masculine
45556,female_feminine
9559,male_masculine
7113,male_masculine
10961,male_masculine
18025,male_masculine
55111,female_feminine
55846,female_feminine
6560,male_masculine
45626,female_feminine
66,male_masculine
55570,female_feminine
38634,female_feminine
5855,male_masculine
10121,male_masculine
44610,female_feminine
44524,female_feminine
45145,female_feminine
44283,female_feminine
7364,male_masculine
43657,female_feminine
16481,male_masculine
246,male_masculine
46027,female_feminine
571,male_masculine
43325,female_feminine
55431,female_feminine
50317,female_feminine
44625,female_feminine
47499,female_feminine
40682,female_feminine
11191,male_masculine
43343,female_feminine
1157,male_masculine
55167,female_feminine
13428,male_masculine
44878,female_feminine
388,male_masculine
357,male_masculine
55379,female_feminine
55284,female_feminine
5575,male_masculine
40338,female_feminine
5552,male_masculine
38127,female_feminine
1445,male_masculine
9629,male_masculine
38621,female_feminine
12167,male_masculine
38807,female_feminine
3592,male_masculine
17443,male_masculine
17147,male_masculine
17681,male_masculine
50233,female_feminine
46406,female_feminine
47852,female_feminine
12376,male_masculine
40468,female_feminine
55378,female_feminine
39509,female_feminine
5764,male_masculine
15509,male_masculine
15888,male_masculine
39358,female_feminine
9176,male_masculine
47570,female_feminine
40666,female_feminine
55058,female_feminine
45354,female_feminine
40607,female_feminine
18254,male_masculine
11105,male_masculine
623,male_masculine
48284,female_feminine
12269,male_masculine
40289,female_feminine
16445,male_masculine
53837,female_feminine
433,male_masculine
44686,female_feminine
45776,female_feminine
38533,female_feminine
38650,female_feminine
1470,male_masculine
47427,female_feminine
13225,male_masculine
13049,male_masculine
17412,male_masculine
10906,male_masculine
38171,female_feminine
47773,female_feminine
15446,male_masculine
16830,male_masculine
39702,female_feminine
6028,male_masculine
38373,female_feminine
366,male_masculine
38917,female_feminine
50302,female_feminine
55556,female_feminine
47711,female_feminine
18377,male_masculine
43111,female_feminine
50210,female_feminine
13569,male_masculine
11579,male_masculine
45927,female_feminine
5306,male_masculine
55067,female_feminine
38330,female_feminine
17894,male_masculine
11956,male_masculine
39823,female_feminine
46754,female_feminine
39267,female_feminine
9969,male_masculine
41520,female_feminine
44206,female_feminine
44435,female_feminine
44168,female_feminine
11362,male_masculine
43776,female_feminine
10334,male_masculine
6094,male_masculine
46370,female_feminine
12216,male_masculine
15592,male_masculine
41678,female_feminine
5369,male_masculine
48024,female_feminine
47659,female_feminine
10887,male_masculine
5394,male_masculine
44423,female_feminine
40334,female_feminine
54121,female_feminine
41691,female_feminine
15372,male_masculine
16486,male_masculine
50318,female_feminine
13572,male_masculine
43022,female_feminine
6405,male_masculine
53981,female_feminine
40405,female_feminine
39570,female_feminine
47618,female_feminine
50265,female_feminine
226,male_masculine
17314,male_masculine
47463,female_feminine
10427,male_masculine
42221,female_feminine
6867,male_masculine
5352,male_masculine
11315,male_masculine
14735,male_masculine
1218,male_masculine
13741,male_masculine
38411,female_feminine
45544,female_feminine
5999,male_masculine
42829,female_feminine
16810,male_masculine
1591,male_masculine
16821,male_masculine
44733,female_feminine
39015,female_feminine
47373,female_feminine
55075,female_feminine
55984,female_feminine
5309,male_masculine
6204,male_masculine
1100,male_masculine
18067,male_masculine
42241,female_feminine
16730,male_masculine
40867,female_feminine
39360,female_feminine
39369,female_feminine
1098,male_masculine
42684,female_feminine
13218,male_masculine
14871,male_masculine
38637,female_feminine
15130,male_masculine
47047,female_feminine
680,male_masculine
53862,female_feminine
43306,female_feminine
44491,female_feminine
15228,male_masculine
43372,female_feminine
691,male_masculine
41045,female_feminine
39404,female_feminine
969,male_masculine
11492,male_masculine
15877,male_masculine
48013,female_feminine
59,male_masculine
10025,male_masculine
44592,female_feminine
6168,male_masculine
47794,female_feminine
46145,female_feminine
17619,male_masculine
47323,female_feminine
1129,male_masculine
15551,male_masculine
14724,male_masculine
13309,male_masculine
5729,male_masculine
46091,female_feminine
6111,male_masculine
17080,male_masculine
5594,male_masculine
17006,male_masculine
42472,female_feminine
46543,female_feminine
39819,female_feminine
39039,female_feminine
1496,male_masculine
18263,male_masculine
41791,female_feminine
17280,male_masculine
7209,male_masculine
41584,female_feminine
42670,female_feminine
42244,female_feminine
44501,female_feminine
13776,male_masculine
5574,male_masculine
10070,male_masculine
13612,male_masculine
15896,male_masculine
14970,male_masculine
42922,female_feminine
44799,female_feminine
7326,male_masculine
48029,female_feminine
41178,female_feminine
13193,male_masculine
44378,female_feminine
46354,female_feminine
55795,female_feminine
44863,female_feminine
839,male_masculine
1377,male_masculine
55227,female_feminine
44100,female_feminine
44270,female_feminine
15240,male_masculine
55138,female_feminine
5699,male_masculine
12130,male_masculine
39537,female_feminine
10347,male_masculine
39975,female_feminine
11177,male_masculine
10524,male_masculine
55426,female_feminine
48027,female_feminine
43808,female_feminine
13286,male_masculine
47458,female_feminine
41912,female_feminine
10383,male_masculine
47247,female_feminine
48221,female_feminine
55222,female_feminine
10035,male_masculine
42818,female_feminine
45960,female_feminine
12063,male_masculine
41132,female_feminine
18308,male_masculine
16340,male_masculine
17365,male_masculine
53618,female_feminine
39393,female_feminine
46960,female_feminine
53896,female_feminine
43270,female_feminine
53724,female_feminine
15754,male_masculine
53884,female_feminine
15473,male_masculine
7184,male_masculine
9998,male_masculine
39037,female_feminine
10325,male_masculine
42576,female_feminine
42101,female_feminine
15150,male_masculine
40415,female_feminine
16919,male_masculine
41206,female_feminine
50277,female_feminine
38190,female_feminine
10137,male_masculine
47609,female_feminine
47501,female_feminine
41020,female_feminine
813,male_masculine
41391,female_feminine
17511,male_masculine
45385,female_feminine
11062,male_masculine
46774,female_feminine
6138,male_masculine
16955,male_masculine
230,male_masculine
6484,male_masculine
6037,male_masculine
40752,female_feminine
41149,female_feminine
11892,male_masculine
13186,male_masculine
17620,male_masculine
47317,female_feminine
47753,female_feminine
42365,female_feminine
15652,male_masculine
13462,male_masculine
38810,female_feminine
38274,female_feminine
18273,male_masculine
12996,male_masculine
47525,female_feminine
18346,male_masculine
17189,male_masculine
15870,male_masculine
41354,female_feminine
50238,female_feminine
48386,female_feminine
16478,male_masculine
40519,female_feminine
38956,female_feminine
40718,female_feminine
44394,female_feminine
10454,male_masculine
39723,female_feminine
10949,male_masculine
55757,female_feminine
39536,female_feminine
55035,female_feminine
5660,male_masculine
40327,female_feminine
43648,female_feminine
17642,male_masculine
12986,male_masculine
38627,female_feminine
41307,female_feminine
38816,female_feminine
16393,male_masculine
18051,male_masculine
15347,male_masculine
11609,male_masculine
15757,male_masculine
237,male_masculine
10245,male_masculine
12057,male_masculine
14742,male_masculine
48151,female_feminine
16562,male_masculine
15091,male_masculine
44608,female_feminine
9686,male_masculine
17560,male_masculine
293,male_masculine
42134,female_feminine
10998,male_masculine
674,male_masculine
42606,female_feminine
11782,male_masculine
12259,male_masculine
43307,female_feminine
16862,male_masculine
17817,male_masculine
38897,female_feminine
47042,female_feminine
15838,male_masculine
41457,female_feminine
16749,male_masculine
17911,male_masculine
6934,male_masculine
9234,male_masculine
10403,male_masculine
48053,female_feminine
10127,male_masculine
11333,male_masculine
17796,male_masculine
6253,male_masculine
42311,female_feminine
47620,female_feminine
6470,male_masculine
7290,male_masculine
41,male_masculine
47843,female_feminine
10092,male_masculine
10269,male_masculine
16806,male_masculine
44601,female_feminine
40119,female_feminine
39447,female_feminine
40417,female_feminine
17126,male_masculine
17987,male_masculine
17525,male_masculine
42131,female_feminine
47168,female_feminine
47212,female_feminine
1406,male_masculine
53739,female_feminine
633,male_masculine
46056,female_feminine
17446,male_masculine
47510,female_feminine
55692,female_feminine
39195,female_feminine
5254,male_masculine
15198,male_masculine
5276,male_masculine
11666,male_masculine
38564,female_feminine
17309,male_masculine
48420,female_feminine
47545,female_feminine
43865,female_feminine
47542,female_feminine
15631,male_masculine
17585,male_masculine
46610,female_feminine
43489,female_feminine
725,male_masculine
41253,female_feminine
45274,female_feminine
45064,female_feminine
40809,female_feminine
16723,male_masculine
768,male_masculine
13551,male_masculine
42240,female_feminine
10823,male_masculine
48237,female_feminine
55907,female_feminine
39729,female_feminine
126,male_masculine
41235,female_feminine
42810,female_feminine
39669,female_feminine
44937,female_feminine
44685,female_feminine
15220,male_masculine
42753,female_feminine
55506,female_feminine
9496,male_masculine
15581,male_masculine
6982,male_masculine
5790,male_masculine
16823,male_masculine
17706,male_masculine
42226,female_feminine
17119,male_masculine
45468,female_feminine
15456,male_masculine
10521,male_masculine
48120,female_feminine
46820,female_feminine
9197,male_masculine
55499,female_feminine
44119,female_feminine
55168,female_feminine
50239,female_feminine
6866,male_masculine
55502,female_feminine
11949,male_masculine
41629,female_feminine
16076,male_masculine
39316,female_feminine
42167,female_feminine
1011,male_masculine
55409,female_feminine
55697,female_feminine
46360,female_feminine
38751,female_feminine
13673,male_masculine
45004,female_feminine
43365,female_feminine
39831,female_feminine
1373,male_masculine
168,male_masculine
46793,female_feminine
6408,male_masculine
38527,female_feminine
6416,male_masculine
5924,male_masculine
55123,female_feminine
977,male_masculine
5731,male_masculine
46536,female_feminine
18600,male_masculine
15438,male_masculine
6157,male_masculine
47917,female_feminine
881,male_masculine
15058,male_masculine
48304,female_feminine
39440,female_feminine
50334,female_feminine
15328,male_masculine
40941,female_feminine
50146,female_feminine
10141,male_masculine
10048,male_masculine
13564,male_masculine
7128,male_masculine
12196,male_masculine
13552,male_masculine
11955,male_masculine
17106,male_masculine
225,male_masculine
16540,male_masculine
9879,male_masculine
9983,male_masculine
42038,female_feminine
47388,female_feminine
7156,male_masculine
45340,female_feminine
15699,male_masculine
50178,female_feminine
55377,female_feminine
13773,male_masculine
39626,female_feminine
44466,female_feminine
16756,male_masculine
16896,male_masculine
15630,male_masculine
42983,female_feminine
42876,female_feminine
14937,male_masculine
44673,female_feminine
1440,male_masculine
17728,male_masculine
13167,male_masculine
6621,male_masculine
46240,female_feminine
41634,female_feminine
16003,male_masculine
42620,female_feminine
6310,male_masculine
11312,male_masculine
15221,male_masculine
5337,male_masculine
5796,male_masculine
1578,male_masculine
42520,female_feminine
6637,male_masculine
11002,male_masculine
9592,male_masculine
39335,female_feminine
47797,female_feminine
11930,male_masculine
43186,female_feminine
13500,male_masculine
39349,female_feminine
11087,male_masculine
18518,male_masculine
55833,female_feminine
13284,male_masculine
1394,male_masculine
12041,male_masculine
45716,female_feminine
1126,male_masculine
44005,female_feminine
39557,female_feminine
7036,male_masculine
43914,female_feminine
48071,female_feminine
15369,male_masculine
18314,male_masculine
5,male_masculine
46224,female_feminine
48122,female_feminine
16507,male_masculine
46220,female_feminine
43522,female_feminine
44844,female_feminine
46736,female_feminine
40474,female_feminine
45196,female_feminine
9571,male_masculine
6447,male_masculine
42228,female_feminine
271,male_masculine
5450,male_masculine
779,male_masculine
40811,female_feminine
15545,male_masculine
46706,female_feminine
15586,male_masculine
14758,male_masculine
48253,female_feminine
47147,female_feminine
55658,female_feminine
42289,female_feminine
10128,male_masculine
42611,female_feminine
895,male_masculine
39138,female_feminine
16934,male_masculine
16742,male_masculine
733,male_masculine
305,male_masculine
47921,female_feminine
567,male_masculine
15705,male_masculine
17164,male_masculine
46249,female_feminine
5403,male_masculine
15471,male_masculine
38994,female_feminine
46933,female_feminine
18579,male_masculine
16925,male_masculine
10481,male_masculine
38878,female_feminine
17543,male_masculine
9748,male_masculine
18734,male_masculine
38286,female_feminine
16971,male_masculine
44499,female_feminine
41427,female_feminine
20125,female_feminine
38859,female_feminine
38600,female_feminine
16362,male_masculine
10012,male_masculine
13391,male_masculine
48000,female_feminine
53684,female_feminine
9308,male_masculine
474,male_masculine
46937,female_feminine
13339,male_masculine
6746,male_masculine
5343,male_masculine
39502,female_feminine
38577,female_feminine
41979,female_feminine
38541,female_feminine
10988,male_masculine
9772,male_masculine
5628,male_masculine
6036,male_masculine
6283,male_masculine
17731,male_masculine
38046,female_feminine
16966,male_masculine
44817,female_feminine
42972,female_feminine
15282,male_masculine
18209,male_masculine
46974,female_feminine
17466,male_masculine
44248,female_feminine
10100,male_masculine
18641,male_masculine
45222,female_feminine
11683,male_masculine
42287,female_feminine
17485,male_masculine
14939,male_masculine
44407,female_feminine
9791,male_masculine
39657,female_feminine
9873,male_masculine
9366,male_masculine
11421,male_masculine
10258,male_masculine
11838,male_masculine
55561,female_feminine
43002,female_feminine
48366,female_feminine
41010,female_feminine
14952,male_masculine
15665,male_masculine
3562,male_masculine
52182,female_feminine
9582,male_masculine
14943,male_masculine
6186,male_masculine
44402,female_feminine
10738,male_masculine
14844,male_masculine
44578,female_feminine
41875,female_feminine
41167,female_feminine
38853,female_feminine
45382,female_feminine
44613,female_feminine
9735,male_masculine
32,male_masculine
40199,female_feminine
5435,male_masculine
43634,female_feminine
44094,female_feminine
15483,male_masculine
42616,female_feminine
1533,male_masculine
48320,female_feminine
11234,male_masculine
6711,male_masculine
188,male_masculine
42314,female_feminine
46768,female_feminine
10631,male_masculine
5854,male_masculine
44334,female_feminine
39789,female_feminine
54091,female_feminine
53584,female_feminine
5367,male_masculine
43240,female_feminine
16053,male_masculine
40853,female_feminine
6429,male_masculine
799,male_masculine
47213,female_feminine
12264,male_masculine
17477,male_masculine
46791,female_feminine
12092,male_masculine
47837,female_feminine
7265,male_masculine
41138,female_feminine
16844,male_masculine
40214,female_feminine
40842,female_feminine
17122,male_masculine
41034,female_feminine
44977,female_feminine
5495,male_masculine
39958,female_feminine
10698,male_masculine
15918,male_masculine
1151,male_masculine
15675,male_masculine
7321,male_masculine
44869,female_feminine
47689,female_feminine
44470,female_feminine
44926,female_feminine
17707,male_masculine
43303,female_feminine
83,male_masculine
5791,male_masculine
41665,female_feminine
39550,female_feminine
15809,male_masculine
12324,male_masculine
17564,male_masculine
39151,female_feminine
10798,male_masculine
55200,female_feminine
53921,female_feminine
10986,male_masculine
42429,female_feminine
55616,female_feminine
42372,female_feminine
11014,male_masculine
13762,male_masculine
38371,female_feminine
41919,female_feminine
42153,female_feminine
40138,female_feminine
55683,female_feminine
16690,male_masculine
40774,female_feminine
39939,female_feminine
13417,male_masculine
1176,male_masculine
42302,female_feminine
16753,male_masculine
10045,male_masculine
38950,female_feminine
38880,female_feminine
39136,female_feminine
38683,female_feminine
804,male_masculine
6092,male_masculine
50322,female_feminine
46215,female_feminine
38123,female_feminine
14801,male_masculine
47757,female_feminine
43854,female_feminine
42309,female_feminine
41137,female_feminine
42434,female_feminine
38145,female_feminine
187,male_masculine
45235,female_feminine
925,male_masculine
39222,female_feminine
48261,female_feminine
6600,male_masculine
16976,male_masculine
10833,male_masculine
17289,male_masculine
16373,male_masculine
45301,female_feminine
15294,male_masculine
5741,male_masculine
18516,male_masculine
11045,male_masculine
10178,male_masculine
41661,female_feminine
45768,female_feminine
11680,male_masculine
38061,female_feminine
42335,female_feminine
12112,male_masculine
39071,female_feminine
10287,male_masculine
43210,female_feminine
45950,female_feminine
15504,male_masculine
48294,female_feminine
43096,female_feminine
5520,male_masculine
11669,male_masculine
15590,male_masculine
41794,female_feminine
9195,male_masculine
40344,female_feminine
42501,female_feminine
40701,female_feminine
41824,female_feminine
46596,female_feminine
42662,female_feminine
15818,male_masculine
16794,male_masculine
45488,female_feminine
46348,female_feminine
14834,male_masculine
6296,male_masculine
17696,male_masculine
44789,female_feminine
939,male_masculine
46668,female_feminine
18221,male_masculine
11853,male_masculine
7009,male_masculine
11872,male_masculine
10779,male_masculine
47068,female_feminine
48109,female_feminine
43359,female_feminine
45660,female_feminine
16239,male_masculine
47059,female_feminine
13589,male_masculine
17322,male_masculine
12935,male_masculine
9185,male_masculine
41285,female_feminine
42517,female_feminine
7132,male_masculine
38406,female_feminine
5252,male_masculine
15125,male_masculine
40924,female_feminine
40633,female_feminine
5280,male_masculine
18021,male_masculine
47117,female_feminine
40781,female_feminine
41392,female_feminine
6728,male_masculine
9631,male_masculine
482,male_masculine
668,male_masculine
40019,female_feminine
44948,female_feminine
7007,male_masculine
39242,female_feminine
1354,male_masculine
42613,female_feminine
53712,female_feminine
84,male_masculine
38397,female_feminine
9432,male_masculine
17592,male_masculine
6161,male_masculine
17711,male_masculine
43178,female_feminine
40561,female_feminine
48285,female_feminine
6045,male_masculine
6468,male_masculine
11308,male_masculine
40931,female_feminine
44746,female_feminine
55399,female_feminine
45150,female_feminine
44307,female_feminine
55479,female_feminine
43829,female_feminine
9205,male_masculine
47916,female_feminine
40531,female_feminine
18006,male_masculine
46851,female_feminine
9734,male_masculine
42747,female_feminine
47234,female_feminine
46972,female_feminine
39123,female_feminine
14841,male_masculine
55509,female_feminine
39329,female_feminine
6693,male_masculine
7138,male_masculine
13252,male_masculine
45379,female_feminine
16012,male_masculine
42486,female_feminine
39202,female_feminine
13631,male_masculine
45583,female_feminine
918,male_masculine
53578,female_feminine
46561,female_feminine
40064,female_feminine
12402,male_masculine
43318,female_feminine
9959,male_masculine
42479,female_feminine
55636,female_feminine
10027,male_masculine
11594,male_masculine
41111,female_feminine
46923,female_feminine
55077,female_feminine
40744,female_feminine
44624,female_feminine
39438,female_feminine
41787,female_feminine
16640,male_masculine
39875,female_feminine
40034,female_feminine
9388,male_masculine
5551,male_masculine
44787,female_feminine
12391,male_masculine
10066,male_masculine
42956,female_feminine
46160,female_feminine
11963,male_masculine
41561,female_feminine
865,male_masculine
50172,female_feminine
6976,male_masculine
10744,male_masculine
42165,female_feminine
15061,male_masculine
5619,male_masculine
45407,female_feminine
39379,female_feminine
42220,female_feminine
13399,male_masculine
15264,male_masculine
13425,male_masculine
40819,female_feminine
44792,female_feminine
40960,female_feminine
40523,female_feminine
16722,male_masculine
10140,male_masculine
53566,female_feminine
42781,female_feminine
45324,female_feminine
41326,female_feminine
5212,male_masculine
6960,male_masculine
11841,male_masculine
16872,male_masculine
900,male_masculine
55098,female_feminine
45368,female_feminine
44117,female_feminine
651,male_masculine
9824,male_masculine
53673,female_feminine
16396,male_masculine
45767,female_feminine
10418,male_masculine
6534,male_masculine
9479,male_masculine
17188,male_masculine
43719,female_feminine
17985,male_masculine
17794,male_masculine
42708,female_feminine
39401,female_feminine
16033,male_masculine
55203,female_feminine
55511,female_feminine
40238,female_feminine
45355,female_feminine
39295,female_feminine
47275,female_feminine
43053,female_feminine
1947,male_masculine
6927,male_masculine
9997,male_masculine
41736,female_feminine
38324,female_feminine
14777,male_masculine
50212,female_feminine
44198,female_feminine
5894,male_masculine
40110,female_feminine
5690,male_masculine
44219,female_feminine
38708,female_feminine
55059,female_feminine
13244,male_masculine
16039,male_masculine
55918,female_feminine
1565,male_masculine
38152,female_feminine
44983,female_feminine
17498,male_masculine
55153,female_feminine
39676,female_feminine
5771,male_masculine
38674,female_feminine
47319,female_feminine
41148,female_feminine
330,male_masculine
9289,male_masculine
48468,female_feminine
10559,male_masculine
17846,male_masculine
15491,male_masculine
17755,male_masculine
50337,female_feminine
13403,male_masculine
16489,male_masculine
55165,female_feminine
5579,male_masculine
15018,male_masculine
5793,male_masculine
16120,male_masculine
47106,female_feminine
11884,male_masculine
13195,male_masculine
13139,male_masculine
1034,male_masculine
44347,female_feminine
5563,male_masculine
6679,male_masculine
41714,female_feminine
400,male_masculine
39053,female_feminine
6358,male_masculine
50284,female_feminine
41786,female_feminine
1279,male_masculine
38316,female_feminine
46964,female_feminine
38530,female_feminine
55401,female_feminine
9246,male_masculine
38948,female_feminine
18392,male_masculine
45520,female_feminine
16135,male_masculine
42528,female_feminine
55047,female_feminine
10845,male_masculine
18603,male_masculine
10038,male_masculine
9424,male_masculine
53732,female_feminine
12195,male_masculine
7190,male_masculine
5852,male_masculine
42381,female_feminine
18609,male_masculine
16996,male_masculine
15988,male_masculine
42638,female_feminine
14985,male_masculine
43061,female_feminine
41001,female_feminine
40885,female_feminine
50224,female_feminine
52160,female_feminine
45997,female_feminine
39107,female_feminine
47437,female_feminine
44360,female_feminine
11213,male_masculine
46351,female_feminine
42736,female_feminine
12403,male_masculine
1385,male_masculine
43979,female_feminine
6315,male_masculine
95,male_masculine
6466,male_masculine
1437,male_masculine
38265,female_feminine
11138,male_masculine
1559,male_masculine
53945,female_feminine
15745,male_masculine
12179,male_masculine
15313,male_masculine
16727,male_masculine
17275,male_masculine
41272,female_feminine
42713,female_feminine
7208,male_masculine
11360,male_masculine
43160,female_feminine
48322,female_feminine
10311,male_masculine
43138,female_feminine
11359,male_masculine
15511,male_masculine
16249,male_masculine
5418,male_masculine
40454,female_feminine
17812,male_masculine
15738,male_masculine
17356,male_masculine
18417,male_masculine
44370,female_feminine
44174,female_feminine
39611,female_feminine
10591,male_masculine
10122,male_masculine
18446,male_masculine
17198,male_masculine
89,male_masculine
5719,male_masculine
41360,female_feminine
38721,female_feminine
10855,male_masculine
39091,female_feminine
6328,male_masculine
1481,male_masculine
40146,female_feminine
973,male_masculine
44704,female_feminine
11575,male_masculine
41396,female_feminine
9283,male_masculine
7006,male_masculine
14997,male_masculine
45281,female_feminine
18121,male_masculine
55922,female_feminine
55080,female_feminine
10384,male_masculine
38561,female_feminine
45961,female_feminine
46087,female_feminine
6132,male_masculine
55246,female_feminine
40940,female_feminine
9190,male_masculine
16276,male_masculine
15024,male_masculine
551,male_masculine
16548,male_masculine
10179,male_masculine
12942,male_masculine
46182,female_feminine
18120,male_masculine
18419,male_masculine
39634,female_feminine
41814,female_feminine
41230,female_feminine
40648,female_feminine
42033,female_feminine
47517,female_feminine
43266,female_feminine
48421,female_feminine
55032,female_feminine
55635,female_feminine
17355,male_masculine
40646,female_feminine
46199,female_feminine
9952,male_masculine
55990,female_feminine
10274,male_masculine
39879,female_feminine
17827,male_masculine
10601,male_masculine
52150,female_feminine
15889,male_masculine
53804,female_feminine
16045,male_masculine
45636,female_feminine
47700,female_feminine
16475,male_masculine
6356,male_masculine
18185,male_masculine
9263,male_masculine
15186,male_masculine
53893,female_feminine
46497,female_feminine
18560,male_masculine
41603,female_feminine
885,male_masculine
17741,male_masculine
9865,male_masculine
17194,male_masculine
47641,female_feminine
16662,male_masculine
39778,female_feminine
17799,male_masculine
55094,female_feminine
41480,female_feminine
15512,male_masculine
10494,male_masculine
53735,female_feminine
42077,female_feminine
17033,male_masculine
48265,female_feminine
5262,male_masculine
17762,male_masculine
5713,male_masculine
48469,female_feminine
45231,female_feminine
10973,male_masculine
11336,male_masculine
14980,male_masculine
5395,male_masculine
10435,male_masculine
15199,male_masculine
10117,male_masculine
15584,male_masculine
40557,female_feminine
43957,female_feminine
44282,female_feminine
44988,female_feminine
41732,female_feminine
16224,male_masculine
18036,male_masculine
42958,female_feminine
13545,male_masculine
39616,female_feminine
39212,female_feminine
13360,male_masculine
50307,female_feminine
39844,female_feminine
38120,female_feminine
39275,female_feminine
17863,male_masculine
6526,male_masculine
39593,female_feminine
519,male_masculine
53612,female_feminine
48115,female_feminine
18741,male_masculine
44991,female_feminine
50150,female_feminine
43333,female_feminine
7322,male_masculine
52179,female_feminine
18388,male_masculine
11597,male_masculine
9211,male_masculine
6619,male_masculine
38295,female_feminine
7207,male_masculine
55327,female_feminine
44375,female_feminine
45078,female_feminine
42066,female_feminine
45847,female_feminine
18359,male_masculine
14904,male_masculine
39056,female_feminine
16710,male_masculine
38112,female_feminine
42333,female_feminine
45818,female_feminine
40184,female_feminine
45855,female_feminine
47589,female_feminine
39022,female_feminine
47375,female_feminine
48363,female_feminine
55039,female_feminine
13600,male_masculine
5947,male_masculine
47464,female_feminine
42094,female_feminine
6381,male_masculine
6688,male_masculine
18274,male_masculine
47383,female_feminine
47730,female_feminine
40695,female_feminine
43898,female_feminine
39936,female_feminine
40062,female_feminine
55921,female_feminine
46808,female_feminine
39229,female_feminine
45200,female_feminine
15549,male_masculine
40959,female_feminine
47678,female_feminine
43938,female_feminine
18248,male_masculine
1546,male_masculine
45823,female_feminine
55773,female_feminine
5663,male_masculine
3550,male_masculine
41924,female_feminine
10220,male_masculine
1251,male_masculine
15637,male_masculine
10342,male_masculine
43853,female_feminine
9678,male_masculine
46255,female_feminine
40939,female_feminine
10630,male_masculine
48247,female_feminine
40099,female_feminine
18154,male_masculine
43563,female_feminine
18691,male_masculine
46382,female_feminine
43959,female_feminine
10929,male_masculine
55418,female_feminine
9351,male_masculine
252,male_masculine
6285,male_masculine
3572,male_masculine
53918,female_feminine
43455,female_feminine
42282,female_feminine
40600,female_feminine
12174,male_masculine
11350,male_masculine
53778,female_feminine
11085,male_masculine
15164,male_masculine
16086,male_masculine
41186,female_feminine
55656,female_feminine
13291,male_masculine
47193,female_feminine
40168,female_feminine
43094,female_feminine
44540,female_feminine
17320,male_masculine
10619,male_masculine
15367,male_masculine
53905,female_feminine
44617,female_feminine
5588,male_masculine
46695,female_feminine
44210,female_feminine
43395,female_feminine
46461,female_feminine
3547,male_masculine
42914,female_feminine
50211,female_feminine
38438,female_feminine
10463,male_masculine
5405,male_masculine
6360,male_masculine
41482,female_feminine
815,male_masculine
9364,male_masculine
46329,female_feminine
53858,female_feminine
44853,female_feminine
9570,male_masculine
902,male_masculine
9406,male_masculine
40524,female_feminine
55685,female_feminine
48195,female_feminine
41169,female_feminine
47978,female_feminine
39241,female_feminine
15262,male_masculine
15291,male_masculine
38613,female_feminine
14999,male_masculine
43560,female_feminine
16119,male_masculine
10411,male_masculine
44530,female_feminine
14767,male_masculine
9956,male_masculine
47692,female_feminine
5772,male_masculine
17393,male_masculine
5732,male_masculine
12047,male_masculine
7352,male_masculine
10011,male_masculine
5975,male_masculine
10001,male_masculine
6493,male_masculine
17887,male_masculine
43519,female_feminine
41872,female_feminine
20119,female_feminine
13581,male_masculine
39707,female_feminine
7305,male_masculine
966,male_masculine
13183,male_masculine
1032,male_masculine
304,male_masculine
41280,female_feminine
44889,female_feminine
10705,male_masculine
47610,female_feminine
7343,male_masculine
17872,male_masculine
1289,male_masculine
39549,female_feminine
40185,female_feminine
48186,female_feminine
5318,male_masculine
16167,male_masculine
38346,female_feminine
39186,female_feminine
17526,male_masculine
43106,female_feminine
5958,male_masculine
7294,male_masculine
48262,female_feminine
45665,female_feminine
57,male_masculine
17297,male_masculine
42270,female_feminine
15143,male_masculine
46081,female_feminine
44203,female_feminine
44128,female_feminine
55508,female_feminine
16893,male_masculine
41948,female_feminine
15890,male_masculine
42133,female_feminine
46908,female_feminine
15067,male_masculine
18245,male_masculine
1010,male_masculine
41933,female_feminine
46379,female_feminine
16619,male_masculine
678,male_masculine
55161,female_feminine
39736,female_feminine
46675,female_feminine
43156,female_feminine
16057,male_masculine
54078,female_feminine
46682,female_feminine
17467,male_masculine
632,male_masculine
46112,female_feminine
55873,female_feminine
43543,female_feminine
1189,male_masculine
9330,male_masculine
5294,male_masculine
9324,male_masculine
14975,male_masculine
46037,female_feminine
39683,female_feminine
12354,male_masculine
44932,female_feminine
43523,female_feminine
6769,male_masculine
16898,male_masculine
44696,female_feminine
1110,male_masculine
43730,female_feminine
46527,female_feminine
43601,female_feminine
16217,male_masculine
41946,female_feminine
55240,female_feminine
46422,female_feminine
475,male_masculine
47579,female_feminine
42941,female_feminine
13228,male_masculine
6784,male_masculine
10827,male_masculine
9224,male_masculine
44634,female_feminine
44548,female_feminine
15712,male_masculine
17876,male_masculine
14746,male_masculine
38549,female_feminine
11147,male_masculine
12108,male_masculine
9439,male_masculine
43284,female_feminine
10250,male_masculine
18128,male_masculine
11157,male_masculine
9777,male_masculine
10294,male_masculine
7170,male_masculine
6555,male_masculine
10717,male_masculine
1059,male_masculine
43030,female_feminine
55881,female_feminine
50301,female_feminine
7295,male_masculine
46975,female_feminine
16869,male_masculine
6613,male_masculine
1363,male_masculine
10190,male_masculine
45451,female_feminine
46835,female_feminine
53545,female_feminine
48204,female_feminine
7183,male_masculine
41447,female_feminine
5866,male_masculine
5773,male_masculine
9920,male_masculine
43495,female_feminine
41775,female_feminine
44518,female_feminine
39057,female_feminine
1093,male_masculine
40385,female_feminine
10142,male_masculine
10320,male_masculine
45788,female_feminine
41489,female_feminine
42026,female_feminine
39801,female_feminine
41838,female_feminine
41249,female_feminine
41032,female_feminine
46990,female_feminine
6039,male_masculine
12017,male_masculine
41370,female_feminine
16755,male_masculine
40779,female_feminine
13477,male_masculine
15749,male_masculine
10074,male_masculine
47705,female_feminine
18194,male_masculine
55120,female_feminine
43956,female_feminine
47911,female_feminine
47803,female_feminine
41491,female_feminine
41018,female_feminine
39485,female_feminine
55262,female_feminine
46225,female_feminine
13122,male_masculine
18326,male_masculine
16581,male_masculine
38979,female_feminine
5696,male_masculine
39035,female_feminine
6038,male_masculine
41578,female_feminine
18444,male_masculine
48255,female_feminine
12941,male_masculine
18466,male_masculine
55812,female_feminine
41450,female_feminine
7292,male_masculine
10069,male_masculine
16107,male_masculine
790,male_masculine
43896,female_feminine
13474,male_masculine
15777,male_masculine
9405,male_masculine
39060,female_feminine
41761,female_feminine
7330,male_masculine
38299,female_feminine
38322,female_feminine
47327,female_feminine
6357,male_masculine
18574,male_masculine
16928,male_masculine
38178,female_feminine
15171,male_masculine
6686,male_masculine
10664,male_masculine
348,male_masculine
47188,female_feminine
12224,male_masculine
10360,male_masculine
6803,male_masculine
44207,female_feminine
5249,male_masculine
17833,male_masculine
48074,female_feminine
53747,female_feminine
18257,male_masculine
13190,male_masculine
55244,female_feminine
13187,male_masculine
50288,female_feminine
47684,female_feminine
44992,female_feminine
38484,female_feminine
38862,female_feminine
39170,female_feminine
11925,male_masculine
55388,female_feminine
45109,female_feminine
44504,female_feminine
40341,female_feminine
41763,female_feminine
18384,male_masculine
13287,male_masculine
6507,male_masculine
5385,male_masculine
16567,male_masculine
38972,female_feminine
43983,female_feminine
17556,male_masculine
41688,female_feminine
39797,female_feminine
46862,female_feminine
18156,male_masculine
6859,male_masculine
42159,female_feminine
42315,female_feminine
10381,male_masculine
6516,male_masculine
43711,female_feminine
14972,male_masculine
729,male_masculine
45252,female_feminine
55659,female_feminine
12939,male_masculine
723,male_masculine
44237,female_feminine
43001,female_feminine
47807,female_feminine
938,male_masculine
41236,female_feminine
55869,female_feminine
13736,male_masculine
16286,male_masculine
12923,male_masculine
16013,male_masculine
38144,female_feminine
16412,male_masculine
46074,female_feminine
50247,female_feminine
41455,female_feminine
42976,female_feminine
15945,male_masculine
48446,female_feminine
12103,male_masculine
5817,male_masculine
638,male_masculine
1154,male_masculine
12367,male_masculine
47194,female_feminine
43420,female_feminine
55034,female_feminine
18436,male_masculine
12294,male_masculine
18569,male_masculine
44462,female_feminine
5239,male_masculine
39912,female_feminine
9788,male_masculine
13054,male_masculine
10972,male_masculine
6973,male_masculine
6708,male_masculine
42150,female_feminine
40467,female_feminine
17359,male_masculine
47406,female_feminine
38428,female_feminine
16420,male_masculine
39696,female_feminine
782,male_masculine
6097,male_masculine
42619,female_feminine
47790,female_feminine
47742,female_feminine
6675,male_masculine
16787,male_masculine
1332,male_masculine
6854,male_masculine
55266,female_feminine
55728,female_feminine
11167,male_masculine
5596,male_masculine
55991,female_feminine
47861,female_feminine
44108,female_feminine
42769,female_feminine
1301,male_masculine
18288,male_masculine
11882,male_masculine
9720,male_masculine
6301,male_masculine
1038,male_masculine
9818,male_masculine
10295,male_masculine
48395,female_feminine
15842,male_masculine
44583,female_feminine
5633,male_masculine
620,male_masculine
9780,male_masculine
46810,female_feminine
10836,male_masculine
6102,male_masculine
44159,female_feminine
47668,female_feminine
18729,male_masculine
9698,male_masculine
47113,female_feminine
55965,female_feminine
13536,male_masculine
7070,male_masculine
9562,male_masculine
10513,male_masculine
40966,female_feminine
55727,female_feminine
15054,male_masculine
55217,female_feminine
179,male_masculine
47974,female_feminine
15376,male_masculine
46374,female_feminine
38827,female_feminine
46602,female_feminine
12161,male_masculine
12340,male_masculine
41937,female_feminine
7076,male_masculine
6110,male_masculine
11792,male_masculine
48014,female_feminine
43485,female_feminine
11057,male_masculine
7256,male_masculine
950,male_masculine
11688,male_masculine
7284,male_masculine
15554,male_masculine
41822,female_feminine
55105,female_feminine
55176,female_feminine
46994,female_feminine
9842,male_masculine
39828,female_feminine
14737,male_masculine
38129,female_feminine
16210,male_masculine
6459,male_masculine
7097,male_masculine
6633,male_masculine
9186,male_masculine
13660,male_masculine
41910,female_feminine
43690,female_feminine
55478,female_feminine
43181,female_feminine
700,male_masculine
15293,male_masculine
11292,male_masculine
38419,female_feminine
16334,male_masculine
16384,male_masculine
38761,female_feminine
13519,male_masculine
41345,female_feminine
465,male_masculine
45785,female_feminine
43108,female_feminine
887,male_masculine
45566,female_feminine
47752,female_feminine
38987,female_feminine
40089,female_feminine
6137,male_masculine
10091,male_masculine
45532,female_feminine
16513,male_masculine
10367,male_masculine
38139,female_feminine
41950,female_feminine
42724,female_feminine
186,male_masculine
54077,female_feminine
44888,female_feminine
5478,male_masculine
47053,female_feminine
46421,female_feminine
43433,female_feminine
9804,male_masculine
39963,female_feminine
39078,female_feminine
42997,female_feminine
47364,female_feminine
10205,male_masculine
52189,female_feminine
41297,female_feminine
15836,male_masculine
42693,female_feminine
6584,male_masculine
11235,male_masculine
44290,female_feminine
16989,male_masculine
42705,female_feminine
17435,male_masculine
40551,female_feminine
10219,male_masculine
45169,female_feminine
13011,male_masculine
12088,male_masculine
41608,female_feminine
6885,male_masculine
10133,male_masculine
5347,male_masculine
12961,male_masculine
6840,male_masculine
40073,female_feminine
42550,female_feminine
17178,male_masculine
5780,male_masculine
15331,male_masculine
42768,female_feminine
10558,male_masculine
45906,female_feminine
39994,female_feminine
13088,male_masculine
46906,female_feminine
46455,female_feminine
10581,male_masculine
6294,male_masculine
350,male_masculine
6721,male_masculine
9222,male_masculine
47125,female_feminine
11016,male_masculine
5331,male_masculine
41502,female_feminine
48422,female_feminine
5846,male_masculine
41882,female_feminine
16521,male_masculine
47120,female_feminine
44024,female_feminine
15959,male_masculine
47371,female_feminine
5918,male_masculine
47731,female_feminine
6073,male_masculine
432,male_masculine
1320,male_masculine
18526,male_masculine
40736,female_feminine
42310,female_feminine
38093,female_feminine
39334,female_feminine
606,male_masculine
274,male_masculine
17700,male_masculine
10050,male_masculine
43644,female_feminine
11879,male_masculine
688,male_masculine
44225,female_feminine
12922,male_masculine
44365,female_feminine
535,male_masculine
39268,female_feminine
58,male_masculine
414,male_masculine
16257,male_masculine
46389,female_feminine
18633,male_masculine
53790,female_feminine
46728,female_feminine
16737,male_masculine
12156,male_masculine
47166,female_feminine
43272,female_feminine
10995,male_masculine
14795,male_masculine
1564,male_masculine
10930,male_masculine
15267,male_masculine
5340,male_masculine
45300,female_feminine
42073,female_feminine
47971,female_feminine
53935,female_feminine
41864,female_feminine
55650,female_feminine
39694,female_feminine
38165,female_feminine
6849,male_masculine
45039,female_feminine
17452,male_masculine
15433,male_masculine
44371,female_feminine
46720,female_feminine
13444,male_masculine
46781,female_feminine
50236,female_feminine
1194,male_masculine
15961,male_masculine
11684,male_masculine
174,male_masculine
18349,male_masculine
42283,female_feminine
3566,male_masculine
16509,male_masculine
16686,male_masculine
15490,male_masculine
38783,female_feminine
44766,female_feminine
6701,male_masculine
5481,male_masculine
13461,male_masculine
55191,female_feminine
45135,female_feminine
12333,male_masculine
53649,female_feminine
7283,male_masculine
5728,male_masculine
15387,male_masculine
831,male_masculine
6035,male_masculine
45678,female_feminine
41922,female_feminine
43129,female_feminine
11169,male_masculine
53603,female_feminine
38958,female_feminine
14778,male_masculine
10774,male_masculine
6222,male_masculine
315,male_masculine
41104,female_feminine
42512,female_feminine
43024,female_feminine
17344,male_masculine
39058,female_feminine
6152,male_masculine
46797,female_feminine
48133,female_feminine
10839,male_masculine
1302,male_masculine
42155,female_feminine
17293,male_masculine
45210,female_feminine
41403,female_feminine
40563,female_feminine
6006,male_masculine
45165,female_feminine
40455,female_feminine
45923,female_feminine
10874,male_masculine
15409,male_masculine
9640,male_masculine
1423,male_masculine
41687,female_feminine
11875,male_masculine
55353,female_feminine
39380,female_feminine
13346,male_masculine
41751,female_feminine
16608,male_masculine
47333,female_feminine
45920,female_feminine
17923,male_masculine
55103,female_feminine
38935,female_feminine
42869,female_feminine
13147,male_masculine
17852,male_masculine
38698,female_feminine
44609,female_feminine
38875,female_feminine
39988,female_feminine
48163,female_feminine
40605,female_feminine
48051,female_feminine
16074,male_masculine
55637,female_feminine
41322,female_feminine
728,male_masculine
928,male_masculine
38024,female_feminine
40127,female_feminine
42084,female_feminine
48067,female_feminine
55277,female_feminine
53723,female_feminine
53593,female_feminine
47694,female_feminine
46233,female_feminine
55095,female_feminine
44279,female_feminine
45696,female_feminine
16441,male_masculine
17968,male_masculine
16336,male_masculine
5656,male_masculine
15620,male_masculine
18145,male_masculine
11133,male_masculine
10913,male_masculine
15173,male_masculine
18134,male_masculine
10406,male_masculine
47027,female_feminine
13118,male_masculine
935,male_masculine
44163,female_feminine
41278,female_feminine
1167,male_masculine
46570,female_feminine
16351,male_masculine
1240,male_masculine
13633,male_masculine
346,male_masculine
48171,female_feminine
39874,female_feminine
15251,male_masculine
47710,female_feminine
12087,male_masculine
10247,male_masculine
45357,female_feminine
17806,male_masculine
6717,male_masculine
13181,male_masculine
53658,female_feminine
9270,male_masculine
481,male_masculine
9590,male_masculine
1274,male_masculine
17875,male_masculine
38968,female_feminine
12345,male_masculine
40510,female_feminine
43015,female_feminine
11995,male_masculine
17532,male_masculine
45465,female_feminine
40667,female_feminine
7020,male_masculine
16630,male_masculine
47356,female_feminine
6625,male_masculine
39803,female_feminine
10919,male_masculine
43731,female_feminine
48328,female_feminine
38801,female_feminine
7202,male_masculine
16965,male_masculine
5862,male_masculine
14925,male_masculine
15837,male_masculine
11395,male_masculine
41712,female_feminine
1312,male_masculine
748,male_masculine
39937,female_feminine
1563,male_masculine
39929,female_feminine
16237,male_masculine
40991,female_feminine
1057,male_masculine
17860,male_masculine
17635,male_masculine
44009,female_feminine
53670,female_feminine
40715,female_feminine
47017,female_feminine
55808,female_feminine
14915,male_masculine
41888,female_feminine
5733,male_masculine
5706,male_masculine
379,male_masculine
16060,male_masculine
39675,female_feminine
287,male_masculine
47959,female_feminine
15525,male_masculine
15322,male_masculine
9523,male_masculine
44220,female_feminine
11195,male_masculine
16214,male_masculine
5601,male_masculine
12343,male_masculine
48300,female_feminine
53626,female_feminine
11671,male_masculine
386,male_masculine
55370,female_feminine
17720,male_masculine
46626,female_feminine
44412,female_feminine
5386,male_masculine
43459,female_feminine
38609,female_feminine
42627,female_feminine
46129,female_feminine
40836,female_feminine
5401,male_masculine
6843,male_masculine
42211,female_feminine
9194,male_masculine
717,male_masculine
39864,female_feminine
462,male_masculine
41019,female_feminine
55532,female_feminine
45919,female_feminine
17232,male_masculine
46942,female_feminine
39888,female_feminine
11760,male_masculine
11818,male_masculine
17196,male_masculine
16434,male_masculine
40472,female_feminine
45959,female_feminine
50140,female_feminine
39722,female_feminine
38928,female_feminine
15798,male_masculine
39351,female_feminine
11391,male_masculine
47201,female_feminine
5290,male_masculine
16915,male_masculine
41539,female_feminine
42701,female_feminine
16948,male_masculine
10404,male_masculine
12377,male_masculine
7226,male_masculine
38343,female_feminine
42947,female_feminine
15643,male_masculine
55854,female_feminine
16173,male_masculine
677,male_masculine
15314,male_masculine
13279,male_masculine
53672,female_feminine
50282,female_feminine
6302,male_masculine
41952,female_feminine
40771,female_feminine
12272,male_masculine
3584,male_masculine
6918,male_masculine
39992,female_feminine
11508,male_masculine
46491,female_feminine
40320,female_feminine
15610,male_masculine
45428,female_feminine
15526,male_masculine
40067,female_feminine
42853,female_feminine
1429,male_masculine
14829,male_masculine
6658,male_masculine
7141,male_masculine
50199,female_feminine
7363,male_masculine
43591,female_feminine
915,male_masculine
50148,female_feminine
7392,male_masculine
14870,male_masculine
43806,female_feminine
55092,female_feminine
40963,female_feminine
15365,male_masculine
6307,male_masculine
45473,female_feminine
9939,male_masculine
7219,male_masculine
48466,female_feminine
53621,female_feminine
42236,female_feminine
48431,female_feminine
55947,female_feminine
1951,male_masculine
40753,female_feminine
6964,male_masculine
40066,female_feminine
16065,male_masculine
40054,female_feminine
38514,female_feminine
1309,male_masculine
42506,female_feminine
45375,female_feminine
15947,male_masculine
45214,female_feminine
7166,male_masculine
11145,male_masculine
38026,female_feminine
41108,female_feminine
10373,male_masculine
11219,male_masculine
248,male_masculine
53910,female_feminine
45241,female_feminine
15684,male_masculine
5541,male_masculine
41806,female_feminine
40628,female_feminine
55710,female_feminine
38556,female_feminine
55518,female_feminine
16366,male_masculine
42025,female_feminine
9519,male_masculine
41514,female_feminine
771,male_masculine
39280,female_feminine
16504,male_masculine
18383,male_masculine
47308,female_feminine
10691,male_masculine
39204,female_feminine
44109,female_feminine
14903,male_masculine
7223,male_masculine
44797,female_feminine
55832,female_feminine
45199,female_feminine
53976,female_feminine
10939,male_masculine
43452,female_feminine
45988,female_feminine
55316,female_feminine
48056,female_feminine
46634,female_feminine
39503,female_feminine
39491,female_feminine
5487,male_masculine
1538,male_masculine
40895,female_feminine
11225,male_masculine
39546,female_feminine
15897,male_masculine
45424,female_feminine
43617,female_feminine
46395,female_feminine
45152,female_feminine
15627,male_masculine
11232,male_masculine
42024,female_feminine
14800,male_masculine
38400,female_feminine
45535,female_feminine
10235,male_masculine
46601,female_feminine
38908,female_feminine
10660,male_masculine
6994,male_masculine
15736,male_masculine
39270,female_feminine
11445,male_masculine
14989,male_masculine
42534,female_feminine
44670,female_feminine
13427,male_masculine
47977,female_feminine
16591,male_masculine
742,male_masculine
13394,male_masculine
46040,female_feminine
55694,female_feminine
44761,female_feminine
44603,female_feminine
38678,female_feminine
46019,female_feminine
741,male_masculine
44302,female_feminine
55701,female_feminine
1542,male_masculine
12385,male_masculine
48358,female_feminine
47863,female_feminine
479,male_masculine
5759,male_masculine
54107,female_feminine
46301,female_feminine
45286,female_feminine
47141,female_feminine
47480,female_feminine
17305,male_masculine
45909,female_feminine
510,male_masculine
16144,male_masculine
38396,female_feminine
47770,female_feminine
45963,female_feminine
42451,female_feminine
13307,male_masculine
40756,female_feminine
47621,female_feminine
40032,female_feminine
53659,female_feminine
1502,male_masculine
46044,female_feminine
39596,female_feminine
499,male_masculine
12050,male_masculine
15797,male_masculine
18501,male_masculine
5570,male_masculine
16066,male_masculine
40434,female_feminine
45485,female_feminine
15254,male_masculine
46752,female_feminine
45228,female_feminine
52140,female_feminine
40029,female_feminine
40635,female_feminine
12911,male_masculine
43576,female_feminine
41790,female_feminine
41588,female_feminine
10366,male_masculine
6280,male_masculine
13539,male_masculine
1230,male_masculine
40309,female_feminine
42522,female_feminine
47202,female_feminine
12248,male_masculine
55691,female_feminine
10304,male_masculine
47237,female_feminine
39986,female_feminine
13141,male_masculine
352,male_masculine
43809,female_feminine
45621,female_feminine
17027,male_masculine
39980,female_feminine
45436,female_feminine
6777,male_masculine
16482,male_masculine
55897,female_feminine
47577,female_feminine
15650,male_masculine
43708,female_feminine
50343,female_feminine
55425,female_feminine
47902,female_feminine
43870,female_feminine
44271,female_feminine
18459,male_masculine
1397,male_masculine
5281,male_masculine
11637,male_masculine
40835,female_feminine
1147,male_masculine
42121,female_feminine
46237,female_feminine
53646,female_feminine
40508,female_feminine
38720,female_feminine
53930,female_feminine
12162,male_masculine
48244,female_feminine
39172,female_feminine
40445,female_feminine
45479,female_feminine
17087,male_masculine
42056,female_feminine
47488,female_feminine
44014,female_feminine
40001,female_feminine
13674,male_masculine
46106,female_feminine
46744,female_feminine
42190,female_feminine
12132,male_masculine
47197,female_feminine
15686,male_masculine
18003,male_masculine
40971,female_feminine
44452,female_feminine
5243,male_masculine
55343,female_feminine
43386,female_feminine
5716,male_masculine
6192,male_masculine
47296,female_feminine
45077,female_feminine
39740,female_feminine
39841,female_feminine
39055,female_feminine
5856,male_masculine
18601,male_masculine
12038,male_masculine
41372,female_feminine
5634,male_masculine
5470,male_masculine
44143,female_feminine
42164,female_feminine
43920,female_feminine
55114,female_feminine
1075,male_masculine
45289,female_feminine
9975,male_masculine
38868,female_feminine
42938,female_feminine
45542,female_feminine
10191,male_masculine
9192,male_masculine
41428,female_feminine
46832,female_feminine
47743,female_feminine
38665,female_feminine
48450,female_feminine
44800,female_feminine
5490,male_masculine
47289,female_feminine
7187,male_masculine
42933,female_feminine
7098,male_masculine
11041,male_masculine
16665,male_masculine
46541,female_feminine
13540,male_masculine
7359,male_masculine
10770,male_masculine
16656,male_masculine
38523,female_feminine
10522,male_masculine
47075,female_feminine
6832,male_masculine
39735,female_feminine
44649,female_feminine
38266,female_feminine
45968,female_feminine
17565,male_masculine
47119,female_feminine
55070,female_feminine
18505,male_masculine
12006,male_masculine
5476,male_masculine
6235,male_masculine
38675,female_feminine
3554,male_masculine
13016,male_masculine
6770,male_masculine
40276,female_feminine
10696,male_masculine
17772,male_masculine
984,male_masculine
923,male_masculine
46764,female_feminine
47417,female_feminine
17504,male_masculine
39627,female_feminine
44534,female_feminine
55871,female_feminine
48290,female_feminine
11137,male_masculine
55328,female_feminine
16950,male_masculine
46927,female_feminine
55267,female_feminine
9966,male_masculine
9697,male_masculine
17758,male_masculine
11885,male_masculine
47340,female_feminine
55155,female_feminine
6822,male_masculine
17300,male_masculine
6610,male_masculine
44753,female_feminine
43698,female_feminine
45144,female_feminine
18059,male_masculine
53871,female_feminine
6729,male_masculine
41582,female_feminine
53761,female_feminine
38432,female_feminine
44363,female_feminine
55448,female_feminine
5831,male_masculine
662,male_masculine
44779,female_feminine
9650,male_masculine
1200,male_masculine
42849,female_feminine
43191,female_feminine
18629,male_masculine
6154,male_masculine
5355,male_masculine
40071,female_feminine
54092,female_feminine
1124,male_masculine
40277,female_feminine
42969,female_feminine
17000,male_masculine
44044,female_feminine
17170,male_masculine
5749,male_masculine
5630,male_masculine
39266,female_feminine
46278,female_feminine
43858,female_feminine
1574,male_masculine
12283,male_masculine
46060,female_feminine
47137,female_feminine
18022,male_masculine
38821,female_feminine
50294,female_feminine
6731,male_masculine
42602,female_feminine
42946,female_feminine
16230,male_masculine
40808,female_feminine
46959,female_feminine
47007,female_feminine
9343,male_masculine
17210,male_masculine
53990,female_feminine
1519,male_masculine
38185,female_feminine
11408,male_masculine
55759,female_feminine
16726,male_masculine
42158,female_feminine
11010,male_masculine
17645,male_masculine
43575,female_feminine
5507,male_masculine
5834,male_masculine
46958,female_feminine
38545,female_feminine
43228,female_feminine
45679,female_feminine
852,male_masculine
38628,female_feminine
55600,female_feminine
52149,female_feminine
15239,male_masculine
12137,male_masculine
55093,female_feminine
18052,male_masculine
42205,female_feminine
17291,male_masculine
47490,female_feminine
55963,female_feminine
9807,male_masculine
47940,female_feminine
16652,male_masculine
16064,male_masculine
10459,male_masculine
40814,female_feminine
45403,female_feminine
40256,female_feminine
43484,female_feminine
17562,male_masculine
47416,female_feminine
1012,male_masculine
1142,male_masculine
47172,female_feminine
13528,male_masculine
1259,male_masculine
50136,female_feminine
41209,female_feminine
41990,female_feminine
39475,female_feminine
46761,female_feminine
43169,female_feminine
5937,male_masculine
47280,female_feminine
41119,female_feminine
13638,male_masculine
11659,male_masculine
6528,male_masculine
16266,male_masculine
11245,male_masculine
9904,male_masculine
18702,male_masculine
16350,male_masculine
13524,male_masculine
39390,female_feminine
17990,male_masculine
13082,male_masculine
46721,female_feminine
13295,male_masculine
15886,male_masculine
55411,female_feminine
5629,male_masculine
17036,male_masculine
45745,female_feminine
44541,female_feminine
12240,male_masculine
13647,male_masculine
43620,female_feminine
42856,female_feminine
9484,male_masculine
47228,female_feminine
40250,female_feminine
44675,female_feminine
5946,male_masculine
5425,male_masculine
42561,female_feminine
17367,male_masculine
41406,female_feminine
43546,female_feminine
13296,male_masculine
55136,female_feminine
685,male_masculine
14847,male_masculine
48297,female_feminine
44336,female_feminine
48357,female_feminine
11005,male_masculine
17973,male_masculine
40570,female_feminine
41065,female_feminine
18523,male_masculine
15155,male_masculine
629,male_masculine
42249,female_feminine
44551,female_feminine
47158,female_feminine
6240,male_masculine
46977,female_feminine
9900,male_masculine
6243,male_masculine
55128,female_feminine
55363,female_feminine
42007,female_feminine
10157,male_masculine
6273,male_masculine
1316,male_masculine
15075,male_masculine
6282,male_masculine
9425,male_masculine
14806,male_masculine
47336,female_feminine
16006,male_masculine
397,male_masculine
43815,female_feminine
11287,male_masculine
10647,male_masculine
11077,male_masculine
39810,female_feminine
9177,male_masculine
48190,female_feminine
38823,female_feminine
9306,male_masculine
55243,female_feminine
13447,male_masculine
46936,female_feminine
43204,female_feminine
47760,female_feminine
42172,female_feminine
47294,female_feminine
18087,male_masculine
46510,female_feminine
10460,male_masculine
7042,male_masculine
40174,female_feminine
47080,female_feminine
45694,female_feminine
10363,male_masculine
45371,female_feminine
43107,female_feminine
99,male_masculine
41306,female_feminine
40268,female_feminine
40347,female_feminine
11450,male_masculine
6877,male_masculine
15755,male_masculine
45097,female_feminine
17790,male_masculine
17992,male_masculine
42719,female_feminine
15827,male_masculine
38938,female_feminine
5726,male_masculine
40155,female_feminine
10753,male_masculine
504,male_masculine
55802,female_feminine
5863,male_masculine
44724,female_feminine
40907,female_feminine
45674,female_feminine
10286,male_masculine
9204,male_masculine
11358,male_masculine
40933,female_feminine
15023,male_masculine
47561,female_feminine
17606,male_masculine
44970,female_feminine
48031,female_feminine
45625,female_feminine
38294,female_feminine
13408,male_masculine
170,male_masculine
5683,male_masculine
40539,female_feminine
5888,male_masculine
10093,male_masculine
47815,female_feminine
6829,male_masculine
12172,male_masculine
14874,male_masculine
40920,female_feminine
41903,female_feminine
5760,male_masculine
39999,female_feminine
10506,male_masculine
10580,male_masculine
42554,female_feminine
11023,male_masculine
48038,female_feminine
39004,female_feminine
10837,male_masculine
38784,female_feminine
46411,female_feminine
45995,female_feminine
48334,female_feminine
5226,male_masculine
43838,female_feminine
17523,male_masculine
39450,female_feminine
10519,male_masculine
47262,female_feminine
12168,male_masculine
50219,female_feminine
45833,female_feminine
39946,female_feminine
38415,female_feminine
45422,female_feminine
55348,female_feminine
48296,female_feminine
12241,male_masculine
10159,male_masculine
15623,male_masculine
9533,male_masculine
11967,male_masculine
9236,male_masculine
653,male_masculine
43571,female_feminine
55664,female_feminine
9768,male_masculine
10898,male_masculine
46263,female_feminine
5231,male_masculine
16406,male_masculine
6454,male_masculine
55747,female_feminine
9620,male_masculine
5245,male_masculine
14787,male_masculine
16179,male_masculine
10185,male_masculine
13616,male_masculine
44059,female_feminine
47966,female_feminine
43756,female_feminine
47643,female_feminine
41013,female_feminine
11810,male_masculine
9282,male_masculine
42888,female_feminine
714,male_masculine
43454,female_feminine
40936,female_feminine
46870,female_feminine
18475,male_masculine
39630,female_feminine
624,male_masculine
45656,female_feminine
41064,female_feminine
11439,male_masculine
54066,female_feminine
17673,male_masculine
437,male_masculine
55565,female_feminine
40956,female_feminine
307,male_masculine
16960,male_masculine
53782,female_feminine
39033,female_feminine
50316,female_feminine
11974,male_masculine
16978,male_masculine
15072,male_masculine
10300,male_masculine
43218,female_feminine
42350,female_feminine
40674,female_feminine
9953,male_masculine
18597,male_masculine
652,male_masculine
15270,male_masculine
6099,male_masculine
1473,male_masculine
46857,female_feminine
43587,female_feminine
41170,female_feminine
1607,male_masculine
1174,male_masculine
11916,male_masculine
540,male_masculine
38782,female_feminine
17734,male_masculine
1046,male_masculine
40407,female_feminine
45980,female_feminine
40014,female_feminine
17933,male_masculine
39987,female_feminine
6969,male_masculine
55614,female_feminine
17677,male_masculine
40088,female_feminine
47259,female_feminine
9491,male_masculine
39453,female_feminine
6737,male_masculine
47318,female_feminine
15117,male_masculine
17406,male_masculine
47314,female_feminine
15933,male_masculine
12995,male_masculine
53604,female_feminine
13290,male_masculine
38470,female_feminine
11989,male_masculine
6945,male_masculine
45041,female_feminine
6056,male_masculine
16274,male_masculine
39712,female_feminine
39674,female_feminine
1490,male_masculine
55449,female_feminine
15260,male_masculine
41621,female_feminine
42227,female_feminine
47482,female_feminine
38047,female_feminine
53597,female_feminine
6362,male_masculine
48057,female_feminine
257,male_masculine
45426,female_feminine
13658,male_masculine
44618,female_feminine
16716,male_masculine
55334,female_feminine
17201,male_masculine
44843,female_feminine
46256,female_feminine
16770,male_masculine
55988,female_feminine
38967,female_feminine
39051,female_feminine
44008,female_feminine
11267,male_masculine
10339,male_masculine
553,male_masculine
55739,female_feminine
7241,male_masculine
53892,female_feminine
15624,male_masculine
12358,male_masculine
44919,female_feminine
50262,female_feminine
43740,female_feminine
53596,female_feminine
45725,female_feminine
55260,female_feminine
44287,female_feminine
42565,female_feminine
38461,female_feminine
17505,male_masculine
15076,male_masculine
40689,female_feminine
13276,male_masculine
44079,female_feminine
6572,male_masculine
1202,male_masculine
18158,male_masculine
649,male_masculine
1474,male_masculine
43813,female_feminine
38414,female_feminine
15017,male_masculine
356,male_masculine
12930,male_masculine
11017,male_masculine
43800,female_feminine
14860,male_masculine
43803,female_feminine
43585,female_feminine
18298,male_masculine
42185,female_feminine
42439,female_feminine
45040,female_feminine
38839,female_feminine
13084,male_masculine
41414,female_feminine
7004,male_masculine
44012,female_feminine
55289,female_feminine
39964,female_feminine
16177,male_masculine
18211,male_masculine
10394,male_masculine
55494,female_feminine
41968,female_feminine
6287,male_masculine
43512,female_feminine
38150,female_feminine
16029,male_masculine
826,male_masculine
10871,male_masculine
55653,female_feminine
39876,female_feminine
46622,female_feminine
39134,female_feminine
10160,male_masculine
41328,female_feminine
47284,female_feminine
11127,male_masculine
45518,female_feminine
11564,male_masculine
6696,male_masculine
38153,female_feminine
40735,female_feminine
43704,female_feminine
18126,male_masculine
10853,male_masculine
1390,male_masculine
38056,female_feminine
9999,male_masculine
18703,male_masculine
46158,female_feminine
11096,male_masculine
43984,female_feminine
44627,female_feminine
38317,female_feminine
16302,male_masculine
55784,female_feminine
41366,female_feminine
38167,female_feminine
43636,female_feminine
17576,male_masculine
11285,male_masculine
38099,female_feminine
38757,female_feminine
44509,female_feminine
39962,female_feminine
40311,female_feminine
461,male_masculine
11670,male_masculine
17962,male_masculine
55798,female_feminine
11847,male_masculine
47680,female_feminine
6939,male_masculine
38369,female_feminine
10940,male_masculine
40108,female_feminine
45618,female_feminine
265,male_masculine
9586,male_masculine
46181,female_feminine
53640,female_feminine
47839,female_feminine
43940,female_feminine
10993,male_masculine
1443,male_masculine
40833,female_feminine
10668,male_masculine
13257,male_masculine
18082,male_masculine
55571,female_feminine
13509,male_masculine
12183,male_masculine
53731,female_feminine
1345,male_masculine
11451,male_masculine
11101,male_masculine
18477,male_masculine
44886,female_feminine
47050,female_feminine
6506,male_masculine
45217,female_feminine
47122,female_feminine
44672,female_feminine
38524,female_feminine
43962,female_feminine
14,male_masculine
11557,male_masculine
40503,female_feminine
46826,female_feminine
46621,female_feminine
10417,male_masculine
7355,male_masculine
53860,female_feminine
44923,female_feminine
47775,female_feminine
55178,female_feminine
50154,female_feminine
9304,male_masculine
41692,female_feminine
48157,female_feminine
5688,male_masculine
17900,male_masculine
45505,female_feminine
46677,female_feminine
6733,male_masculine
1133,male_masculine
770,male_masculine
43604,female_feminine
7258,male_masculine
47741,female_feminine
53615,female_feminine
329,male_masculine
46689,female_feminine
16750,male_masculine
11771,male_masculine
39821,female_feminine
40265,female_feminine
15921,male_masculine
47586,female_feminine
11747,male_masculine
15056,male_masculine
47666,female_feminine
17015,male_masculine
53680,female_feminine
45599,female_feminine
16623,male_masculine
47001,female_feminine
18487,male_masculine
1491,male_masculine
38244,female_feminine
46204,female_feminine
17781,male_masculine
55325,female_feminine
42140,female_feminine
16941,male_masculine
6991,male_masculine
42396,female_feminine
6012,male_masculine
45441,female_feminine
43570,female_feminine
10757,male_masculine
55726,female_feminine
38990,female_feminine
15995,male_masculine
10283,male_masculine
11007,male_masculine
42523,female_feminine
42295,female_feminine
43225,female_feminine
55180,female_feminine
13045,male_masculine
50179,female_feminine
18712,male_masculine
48238,female_feminine
15832,male_masculine
44113,female_feminine
54067,female_feminine
1261,male_masculine
17595,male_masculine
38189,female_feminine
38312,female_feminine
1950,male_masculine
55758,female_feminine
16132,male_masculine
13377,male_masculine
55346,female_feminine
11278,male_masculine
47758,female_feminine
104,male_masculine
45261,female_feminine
11826,male_masculine
15426,male_masculine
47009,female_feminine
16524,male_masculine
45215,female_feminine
10473,male_masculine
48336,female_feminine
10712,male_masculine
42276,female_feminine
11114,male_masculine
13750,male_masculine
5335,male_masculine
50138,female_feminine
13499,male_masculine
292,male_masculine
53773,female_feminine
16707,male_masculine
46363,female_feminine
17372,male_masculine
11585,male_masculine
7121,male_masculine
16725,male_masculine
6145,male_masculine
45539,female_feminine
10256,male_masculine
38724,female_feminine
16664,male_masculine
38558,female_feminine
39720,female_feminine
5982,male_masculine
15135,male_masculine
16967,male_masculine
42927,female_feminine
12012,male_masculine
9346,male_masculine
5667,male_masculine
45132,female_feminine
47769,female_feminine
40572,female_feminine
38718,female_feminine
14906,male_masculine
1353,male_masculine
17895,male_masculine
17110,male_masculine
46979,female_feminine
7315,male_masculine
18307,male_masculine
10618,male_masculine
13217,male_masculine
335,male_masculine
16815,male_masculine
67,male_masculine
40049,female_feminine
38084,female_feminine
42111,female_feminine
418,male_masculine
46760,female_feminine
39278,female_feminine
42953,female_feminine
43745,female_feminine
12155,male_masculine
11380,male_masculine
40901,female_feminine
12124,male_masculine
41083,female_feminine
41970,female_feminine
11071,male_masculine
1054,male_masculine
44054,female_feminine
44449,female_feminine
11807,male_masculine
12270,male_masculine
43610,female_feminine
38239,female_feminine
588,male_masculine
55106,female_feminine
46773,female_feminine
47376,female_feminine
5813,male_masculine
13103,male_masculine
11920,male_masculine
38342,female_feminine
6223,male_masculine
39805,female_feminine
11735,male_masculine
43348,female_feminine
15257,male_masculine
1313,male_masculine
5860,male_masculine
13550,male_masculine
47536,female_feminine
46650,female_feminine
1223,male_masculine
12932,male_masculine
18272,male_masculine
5298,male_masculine
38113,female_feminine
6842,male_masculine
39098,female_feminine
16498,male_masculine
10905,male_masculine
43198,female_feminine
13690,male_masculine
13478,male_masculine
38933,female_feminine
62,male_masculine
50142,female_feminine
12101,male_masculine
43867,female_feminine
50273,female_feminine
46429,female_feminine
16746,male_masculine
40234,female_feminine
9294,male_masculine
39513,female_feminine
47802,female_feminine
13102,male_masculine
38762,female_feminine
42465,female_feminine
485,male_masculine
16470,male_masculine
55546,female_feminine
55769,female_feminine
15448,male_masculine
44736,female_feminine
43606,female_feminine
18043,male_masculine
41954,female_feminine
1177,male_masculine
1023,male_masculine
15455,male_masculine
12022,male_masculine
14832,male_masculine
46946,female_feminine
54105,female_feminine
46954,female_feminine
12126,male_masculine
42676,female_feminine
41600,female_feminine
7264,male_masculine
46146,female_feminine
53746,female_feminine
378,male_masculine
38038,female_feminine
10942,male_masculine
42903,female_feminine
6836,male_masculine
6121,male_masculine
39609,female_feminine
10167,male_masculine
43309,female_feminine
9971,male_masculine
55672,female_feminine
46084,female_feminine
43814,female_feminine
38308,female_feminine
16387,male_masculine
6537,male_masculine
47370,female_feminine
43153,female_feminine
46493,female_feminine
39768,female_feminine
12302,male_masculine
42683,female_feminine
40694,female_feminine
15126,male_masculine
18096,male_masculine
17281,male_masculine
1208,male_masculine
10979,male_masculine
1579,male_masculine
45341,female_feminine
43837,female_feminine
41902,female_feminine
55208,female_feminine
45602,female_feminine
15498,male_masculine
41987,female_feminine
1580,male_masculine
17340,male_masculine
38656,female_feminine
46644,female_feminine
9871,male_masculine
16669,male_masculine
15244,male_masculine
43416,female_feminine
15822,male_masculine
5412,male_masculine
1257,male_masculine
41177,female_feminine
16692,male_masculine
1344,male_masculine
44552,female_feminine
46032,female_feminine
44382,female_feminine
9265,male_masculine
44235,female_feminine
44214,female_feminine
15450,male_masculine
9272,male_masculine
7069,male_masculine
17509,male_masculine
46649,female_feminine
17866,male_masculine
43173,female_feminine
55917,female_feminine
44662,female_feminine
17693,male_masculine
6810,male_masculine
45014,female_feminine
5258,male_masculine
45167,female_feminine
41672,female_feminine
11588,male_masculine
9349,male_masculine
6498,male_masculine
7037,male_masculine
39203,female_feminine
39410,female_feminine
6938,male_masculine
40989,female_feminine
1553,male_masculine
12153,male_masculine
9652,male_masculine
16175,male_masculine
15386,male_masculine
18165,male_masculine
10163,male_masculine
41785,female_feminine
38382,female_feminine
17088,male_masculine
13268,male_masculine
15674,male_masculine
38733,female_feminine
43932,female_feminine
11227,male_masculine
10075,male_masculine
48414,female_feminine
55607,female_feminine
42760,female_feminine
1471,male_masculine
46122,female_feminine
15810,male_masculine
17960,male_masculine
15542,male_masculine
17058,male_masculine
259,male_masculine
40120,female_feminine
14909,male_masculine
15893,male_masculine
55134,female_feminine
11153,male_masculine
16596,male_masculine
43770,female_feminine
11003,male_masculine
43751,female_feminine
38516,female_feminine
40857,female_feminine
14923,male_masculine
40475,female_feminine
42264,female_feminine
17815,male_masculine
40177,female_feminine
16609,male_masculine
39297,female_feminine
15502,male_masculine
63,male_masculine
12361,male_masculine
38945,female_feminine
42696,female_feminine
46419,female_feminine
17163,male_masculine
43939,female_feminine
12253,male_masculine
43159,female_feminine
17153,male_masculine
7049,male_masculine
45899,female_feminine
16176,male_masculine
6694,male_masculine
45565,female_feminine
18222,male_masculine
38241,female_feminine
43271,female_feminine
9798,male_masculine
41129,female_feminine
39995,female_feminine
9622,male_masculine
13448,male_masculine
41026,female_feminine
44755,female_feminine
44951,female_feminine
16496,male_masculine
18357,male_masculine
12120,male_masculine
42725,female_feminine
42621,female_feminine
41782,female_feminine
55264,female_feminine
55387,female_feminine
11739,male_masculine
40248,female_feminine
42435,female_feminine
5991,male_masculine
14979,male_masculine
55865,female_feminine
6597,male_masculine
17432,male_masculine
47478,female_feminine
40060,female_feminine
13395,male_masculine
6957,male_masculine
39319,female_feminine
17638,male_masculine
43385,female_feminine
14763,male_masculine
53616,female_feminine
40058,female_feminine
46451,female_feminine
6445,male_masculine
45838,female_feminine
39311,female_feminine
11273,male_masculine
15508,male_masculine
15339,male_masculine
40011,female_feminine
1338,male_masculine
45864,female_feminine
42838,female_feminine
18253,male_masculine
41723,female_feminine
42980,female_feminine
10891,male_masculine
41809,female_feminine
42177,female_feminine
11547,male_masculine
45342,female_feminine
1486,male_masculine
6325,male_masculine
12292,male_masculine
13689,male_masculine
39125,female_feminine
38094,female_feminine
42232,female_feminine
43713,female_feminine
10536,male_masculine
148,male_masculine
43750,female_feminine
46784,female_feminine
42239,female_feminine
13313,male_masculine
10437,male_masculine
13469,male_masculine
39213,female_feminine
52183,female_feminine
38059,female_feminine
17144,male_masculine
43226,female_feminine
45659,female_feminine
43494,female_feminine
11528,male_masculine
43443,female_feminine
17730,male_masculine
43619,female_feminine
38660,female_feminine
16531,male_masculine
5414,male_masculine
16551,male_masculine
982,male_masculine
10763,male_masculine
38199,female_feminine
6281,male_masculine
10516,male_masculine
45791,female_feminine
6678,male_masculine
41570,female_feminine
13347,male_masculine
7388,male_masculine
40376,female_feminine
38717,female_feminine
47925,female_feminine
7347,male_masculine
44004,female_feminine
5489,male_masculine
5714,male_masculine
17096,male_masculine
40020,female_feminine
11372,male_masculine
10480,male_masculine
45330,female_feminine
46792,female_feminine
10115,male_masculine
487,male_masculine
13009,male_masculine
39273,female_feminine
16192,male_masculine
538,male_masculine
1121,male_masculine
18736,male_masculine
38576,female_feminine
39216,female_feminine
47484,female_feminine
7164,male_masculine
15750,male_masculine
16877,male_masculine
16902,male_masculine
45731,female_feminine
11075,male_masculine
16709,male_masculine
10598,male_masculine
55904,female_feminine
38560,female_feminine
39960,female_feminine
16804,male_masculine
17882,male_masculine
10288,male_masculine
13299,male_masculine
44102,female_feminine
43511,female_feminine
39070,female_feminine
16462,male_masculine
40703,female_feminine
40152,female_feminine
15732,male_masculine
13142,male_masculine
40981,female_feminine
3549,male_masculine
16298,male_masculine
40128,female_feminine
16208,male_masculine
55146,female_feminine
42016,female_feminine
42751,female_feminine
48213,female_feminine
18241,male_masculine
1017,male_masculine
6427,male_masculine
38689,female_feminine
43315,female_feminine
53813,female_feminine
1048,male_masculine
39614,female_feminine
10098,male_masculine
40626,female_feminine
48293,female_feminine
13632,male_masculine
55740,female_feminine
46013,female_feminine
11266,male_masculine
38367,female_feminine
10528,male_masculine
47460,female_feminine
6860,male_masculine
45016,female_feminine
44772,female_feminine
41853,female_feminine
5925,male_masculine
43396,female_feminine
13563,male_masculine
9481,male_masculine
39799,female_feminine
13634,male_masculine
16798,male_masculine
18415,male_masculine
9733,male_masculine
42441,female_feminine
43727,female_feminine
45737,female_feminine
359,male_masculine
16841,male_masculine
38460,female_feminine
9587,male_masculine
10863,male_masculine
40280,female_feminine
42290,female_feminine
16170,male_masculine
17273,male_masculine
10276,male_masculine
6336,male_masculine
46588,female_feminine
40028,female_feminine
44127,female_feminine
53742,female_feminine
40948,female_feminine
38800,female_feminine
11054,male_masculine
45107,female_feminine
42059,female_feminine
6747,male_masculine
141,male_masculine
1545,male_masculine
38937,female_feminine
14794,male_masculine
46565,female_feminine
55640,female_feminine
14791,male_masculine
6474,male_masculine
211,male_masculine
5381,male_masculine
47076,female_feminine
18042,male_masculine
44016,female_feminine
10047,male_masculine
16201,male_masculine
43017,female_feminine
40784,female_feminine
6548,male_masculine
45037,female_feminine
43986,female_feminine
39021,female_feminine
17,male_masculine
289,male_masculine
10955,male_masculine
45528,female_feminine
40849,female_feminine
5783,male_masculine
5439,male_masculine
9797,male_masculine
18428,male_masculine
9728,male_masculine
54000,female_feminine
15311,male_masculine
42782,female_feminine
13701,male_masculine
648,male_masculine
1290,male_masculine
10803,male_masculine
46153,female_feminine
17715,male_masculine
38025,female_feminine
38040,female_feminine
46988,female_feminine
18401,male_masculine
16433,male_masculine
40386,female_feminine
1409,male_masculine
53975,female_feminine
18091,male_masculine
38867,female_feminine
55249,female_feminine
47073,female_feminine
75,male_masculine
17547,male_masculine
48410,female_feminine
42591,female_feminine
13069,male_masculine
39731,female_feminine
54119,female_feminine
15752,male_masculine
9876,male_masculine
10867,male_masculine
13579,male_masculine
214,male_masculine
50198,female_feminine
13137,male_masculine
42407,female_feminine
18730,male_masculine
41969,female_feminine
9277,male_masculine
5398,male_masculine
17402,male_masculine
47144,female_feminine
42863,female_feminine
16233,male_masculine
6809,male_masculine
40297,female_feminine
14919,male_masculine
16425,male_masculine
46119,female_feminine
45707,female_feminine
38045,female_feminine
53581,female_feminine
46050,female_feminine
13270,male_masculine
532,male_masculine
40541,female_feminine
16314,male_masculine
40795,female_feminine
43583,female_feminine
11761,male_masculine
47707,female_feminine
43773,female_feminine
5964,male_masculine
6270,male_masculine
6643,male_masculine
5679,male_masculine
18255,male_masculine
53759,female_feminine
16921,male_masculine
16028,male_masculine
6681,male_masculine
18320,male_masculine
45648,female_feminine
17487,male_masculine
55220,female_feminine
46281,female_feminine
44401,female_feminine
3558,male_masculine
6122,male_masculine
16398,male_masculine
16360,male_masculine
46846,female_feminine
10915,male_masculine
55751,female_feminine
40575,female_feminine
817,male_masculine
15776,male_masculine
10892,male_masculine
18093,male_masculine
43783,female_feminine
16088,male_masculine
43367,female_feminine
10654,male_masculine
39949,female_feminine
17999,male_masculine
55968,female_feminine
41620,female_feminine
6778,male_masculine
1263,male_masculine
45034,female_feminine
47409,female_feminine
42339,female_feminine
42182,female_feminine
38579,female_feminine
41793,female_feminine
41871,female_feminine
44142,female_feminine
55724,female_feminine
43552,female_feminine
41770,female_feminine
39607,female_feminine
54060,female_feminine
17115,male_masculine
55272,female_feminine
42385,female_feminine
9245,male_masculine
7088,male_masculine
18212,male_masculine
47976,female_feminine
45649,female_feminine
9275,male_masculine
6100,male_masculine
11793,male_masculine
17231,male_masculine
10625,male_masculine
43099,female_feminine
212,male_masculine
41165,female_feminine
48354,female_feminine
6820,male_masculine
53877,female_feminine
5839,male_masculine
55688,female_feminine
17264,male_masculine
42265,female_feminine
43086,female_feminine
43027,female_feminine
42471,female_feminine
47229,female_feminine
45702,female_feminine
15900,male_masculine
42171,female_feminine
6041,male_masculine
42835,female_feminine
47100,female_feminine
15020,male_masculine
46967,female_feminine
55495,female_feminine
10623,male_masculine
39714,female_feminine
45362,female_feminine
13086,male_masculine
47853,female_feminine
39192,female_feminine
1197,male_masculine
47728,female_feminine
53894,female_feminine
16834,male_masculine
52157,female_feminine
43913,female_feminine
12948,male_masculine
14990,male_masculine
44292,female_feminine
5763,male_masculine
55677,female_feminine
6398,male_masculine
15621,male_masculine
54005,female_feminine
15958,male_masculine
50252,female_feminine
7167,male_masculine
9955,male_masculine
42815,female_feminine
43487,female_feminine
11249,male_masculine
46343,female_feminine
5556,male_masculine
6197,male_masculine
15902,male_masculine
15085,male_masculine
6768,male_masculine
47345,female_feminine
46377,female_feminine
48442,female_feminine
18714,male_masculine
9500,male_masculine
46184,female_feminine
43366,female_feminine
16648,male_masculine
15786,male_masculine
40660,female_feminine
9695,male_masculine
39889,female_feminine
38436,female_feminine
15354,male_masculine
44806,female_feminine
46825,female_feminine
47891,female_feminine
55787,female_feminine
15572,male_masculine
47776,female_feminine
39093,female_feminine
46128,female_feminine
10996,male_masculine
40278,female_feminine
42050,female_feminine
15005,male_masculine
16449,male_masculine
15931,male_masculine
18570,male_masculine
796,male_masculine
18545,male_masculine
16236,male_masculine
39766,female_feminine
39061,female_feminine
979,male_masculine
12375,male_masculine
46880,female_feminine
15966,male_masculine
43292,female_feminine
46384,female_feminine
41216,female_feminine
16151,male_masculine
44569,female_feminine
6268,male_masculine
16527,male_masculine
11116,male_masculine
47043,female_feminine
5461,male_masculine
55109,female_feminine
44847,female_feminine
17434,male_masculine
42097,female_feminine
14873,male_masculine
39288,female_feminine
55779,female_feminine
16317,male_masculine
9470,male_masculine
708,male_masculine
11174,male_masculine
40823,female_feminine
48391,female_feminine
17862,male_masculine
11262,male_masculine
6376,male_masculine
17951,male_masculine
12969,male_masculine
5695,male_masculine
15412,male_masculine
11977,male_masculine
6910,male_masculine
41109,female_feminine
1944,male_masculine
18471,male_masculine
167,male_masculine
39320,female_feminine
55862,female_feminine
13178,male_masculine
39840,female_feminine
18679,male_masculine
44465,female_feminine
7136,male_masculine
54129,female_feminine
42122,female_feminine
44195,female_feminine
12244,male_masculine
42542,female_feminine
18018,male_masculine
54098,female_feminine
40269,female_feminine
14830,male_masculine
55835,female_feminine
46446,female_feminine
16480,male_masculine
5880,male_masculine
41765,female_feminine
6932,male_masculine
46269,female_feminine
45439,female_feminine
41693,female_feminine
39416,female_feminine
6347,male_masculine
586,male_masculine
7230,male_masculine
47599,female_feminine
11291,male_masculine
11762,male_masculine
41439,female_feminine
11068,male_masculine
5929,male_masculine
18438,male_masculine
12209,male_masculine
42794,female_feminine
6821,male_masculine
18662,male_masculine
6010,male_masculine
42274,female_feminine
17328,male_masculine
42031,female_feminine
5493,male_masculine
6448,male_masculine
42994,female_feminine
18179,male_masculine
48116,female_feminine
46005,female_feminine
17422,male_masculine
6345,male_masculine
16685,male_masculine
45841,female_feminine
46094,female_feminine
48241,female_feminine
38319,female_feminine
13364,male_masculine
11357,male_masculine
16706,male_masculine
41303,female_feminine
13091,male_masculine
5800,male_masculine
41105,female_feminine
42792,female_feminine
11178,male_masculine
45987,female_feminine
17639,male_masculine
45247,female_feminine
11895,male_masculine
43901,female_feminine
44376,female_feminine
46053,female_feminine
38141,female_feminine
10416,male_masculine
6632,male_masculine
38259,female_feminine
44420,female_feminine
46692,female_feminine
40877,female_feminine
42011,female_feminine
47857,female_feminine
47939,female_feminine
6151,male_masculine
18102,male_masculine
48028,female_feminine
10279,male_masculine
10747,male_masculine
41996,female_feminine
44293,female_feminine
40355,female_feminine
44464,female_feminine
10780,male_masculine
55618,female_feminine
12188,male_masculine
9508,male_masculine
47415,female_feminine
50159,female_feminine
9909,male_masculine
39842,female_feminine
42559,female_feminine
48259,female_feminine
10586,male_masculine
16781,male_masculine
48432,female_feminine
38604,female_feminine
16963,male_masculine
11631,male_masculine
45297,female_feminine
6321,male_masculine
48240,female_feminine
43013,female_feminine
5503,male_masculine
18640,male_masculine
16985,male_masculine
13105,male_masculine
54087,female_feminine
5844,male_masculine
43724,female_feminine
41618,female_feminine
12984,male_masculine
50206,female_feminine
44841,female_feminine
6797,male_masculine
17388,male_masculine
18071,male_masculine
9511,male_masculine
16712,male_masculine
53821,female_feminine
17239,male_masculine
9249,male_masculine
12247,male_masculine
320,male_masculine
13739,male_masculine
16474,male_masculine
17582,male_masculine
15965,male_masculine
54059,female_feminine
65,male_masculine
15573,male_masculine
55301,female_feminine
17559,male_masculine
38837,female_feminine
17131,male_masculine
6141,male_masculine
6709,male_masculine
43820,female_feminine
16597,male_masculine
47034,female_feminine
43849,female_feminine
16136,male_masculine
39199,female_feminine
13434,male_masculine
47429,female_feminine
41658,female_feminine
18174,male_masculine
1615,male_masculine
15102,male_masculine
11897,male_masculine
751,male_masculine
42114,female_feminine
18669,male_masculine
45965,female_feminine
18011,male_masculine
6607,male_masculine
9303,male_masculine
15583,male_masculine
17290,male_masculine
41748,female_feminine
47729,female_feminine
7001,male_masculine
40038,female_feminine
39793,female_feminine
48052,female_feminine
228,male_masculine
9385,male_masculine
38552,female_feminine
9264,male_masculine
12215,male_masculine
41873,female_feminine
42299,female_feminine
43174,female_feminine
55630,female_feminine
40807,female_feminine
13772,male_masculine
41351,female_feminine
42822,female_feminine
17570,male_masculine
40351,female_feminine
7285,male_masculine
39361,female_feminine
16954,male_masculine
16808,male_masculine
45633,female_feminine
38635,female_feminine
46117,female_feminine
1413,male_masculine
9286,male_masculine
16180,male_masculine
44962,female_feminine
44158,female_feminine
39100,female_feminine
45508,female_feminine
47267,female_feminine
44330,female_feminine
43980,female_feminine
11619,male_masculine
11513,male_masculine
6293,male_masculine
14845,male_masculine
15222,male_masculine
470,male_masculine
40193,female_feminine
9750,male_masculine
42726,female_feminine
45503,female_feminine
6988,male_masculine
16221,male_masculine
17075,male_masculine
55967,female_feminine
43528,female_feminine
1455,male_masculine
38284,female_feminine
40969,female_feminine
48034,female_feminine
38125,female_feminine
46769,female_feminine
55864,female_feminine
48281,female_feminine
7157,male_masculine
43254,female_feminine
13151,male_masculine
45616,female_feminine
16797,male_masculine
45872,female_feminine
43997,female_feminine
15092,male_masculine
40828,female_feminine
13449,male_masculine
68,male_masculine
6003,male_masculine
3555,male_masculine
15078,male_masculine
10614,male_masculine
46051,female_feminine
42098,female_feminine
47764,female_feminine
46142,female_feminine
45559,female_feminine
40634,female_feminine
45486,female_feminine
17661,male_masculine
47431,female_feminine
6118,male_masculine
43273,female_feminine
55510,female_feminine
44208,female_feminine
39545,female_feminine
438,male_masculine
17820,male_masculine
39389,female_feminine
42261,female_feminine
13038,male_masculine
13323,male_masculine
50266,female_feminine
5680,male_masculine
44240,female_feminine
9790,male_masculine
1166,male_masculine
13436,male_masculine
12947,male_masculine
17506,male_masculine
9979,male_masculine
48044,female_feminine
13224,male_masculine
9310,male_masculine
16403,male_masculine
15850,male_masculine
11163,male_masculine
42928,female_feminine
536,male_masculine
15481,male_masculine
15496,male_masculine
41511,female_feminine
46477,female_feminine
15613,male_masculine
17654,male_masculine
43482,female_feminine
20124,female_feminine
7084,male_masculine
48376,female_feminine
10233,male_masculine
9251,male_masculine
41695,female_feminine
1454,male_masculine
18223,male_masculine
41774,female_feminine
45049,female_feminine
11600,male_masculine
50341,female_feminine
9395,male_masculine
39535,female_feminine
10529,male_masculine
6271,male_masculine
18636,male_masculine
41957,female_feminine
6175,male_masculine
9949,male_masculine
13485,male_masculine
50165,female_feminine
46450,female_feminine
41436,female_feminine
11790,male_masculine
39934,female_feminine
38078,female_feminine
851,male_masculine
43326,female_feminine
12307,male_masculine
43832,female_feminine
17465,male_masculine
39178,female_feminine
55321,female_feminine
47380,female_feminine
11329,male_masculine
13025,male_masculine
11803,male_masculine
16220,male_masculine
13749,male_masculine
12297,male_masculine
40192,female_feminine
10244,male_masculine
11554,male_masculine
40534,female_feminine
7340,male_masculine
14935,male_masculine
42569,female_feminine
819,male_masculine
50250,female_feminine
40502,female_feminine
38282,female_feminine
43683,female_feminine
5473,male_masculine
9338,male_masculine
44952,female_feminine
17202,male_masculine
15096,male_masculine
50183,female_feminine
38479,female_feminine
18016,male_masculine
42078,female_feminine
55573,female_feminine
44150,female_feminine
44383,female_feminine
42764,female_feminine
45534,female_feminine
42118,female_feminine
40843,female_feminine
6955,male_masculine
41174,female_feminine
45283,female_feminine
10852,male_masculine
9461,male_masculine
40659,female_feminine
6657,male_masculine
38847,female_feminine
13173,male_masculine
18113,male_masculine
11876,male_masculine
11386,male_masculine
55482,female_feminine
16354,male_masculine
16071,male_masculine
10980,male_masculine
11648,male_masculine
47369,female_feminine
5225,male_masculine
43642,female_feminine
983,male_masculine
10817,male_masculine
17496,male_masculine
15103,male_masculine
46428,female_feminine
55124,female_feminine
14900,male_masculine
11092,male_masculine
9823,male_masculine
6030,male_masculine
44432,female_feminine
48433,female_feminine
646,male_masculine
42583,female_feminine
45351,female_feminine
43874,female_feminine
18065,male_masculine
5859,male_masculine
44643,female_feminine
53734,female_feminine
897,male_masculine
41662,female_feminine
12194,male_masculine
15731,male_masculine
38850,female_feminine
10921,male_masculine
5642,male_masculine
43410,female_feminine
53908,female_feminine
5219,male_masculine
12909,male_masculine
55393,female_feminine
10806,male_masculine
48124,female_feminine
17666,male_masculine
17346,male_masculine
5327,male_masculine
17274,male_masculine
9298,male_masculine
5672,male_masculine
43665,female_feminine
44037,female_feminine
45882,female_feminine
41947,female_feminine
206,male_masculine
13013,male_masculine
16913,male_masculine
5900,male_masculine
55212,female_feminine
1570,male_masculine
13301,male_masculine
50223,female_feminine
6244,male_masculine
15039,male_masculine
1006,male_masculine
12337,male_masculine
16156,male_masculine
17259,male_masculine
13027,male_masculine
11999,male_masculine
6183,male_masculine
41643,female_feminine
41050,female_feminine
55079,female_feminine
77,male_masculine
5587,male_masculine
10992,male_masculine
44351,female_feminine
42819,female_feminine
41270,female_feminine
13732,male_masculine
45594,female_feminine
137,male_masculine
12988,male_masculine
6629,male_masculine
38798,female_feminine
48202,female_feminine
38680,female_feminine
9426,male_masculine
10669,male_masculine
41151,female_feminine
7262,male_masculine
45153,female_feminine
46495,female_feminine
7325,male_masculine
41094,female_feminine
313,male_masculine
45011,female_feminine
45326,female_feminine
11351,male_masculine
6953,male_masculine
42649,female_feminine
43697,female_feminine
18319,male_masculine
18556,male_masculine
11864,male_masculine
46827,female_feminine
6715,male_masculine
10699,male_masculine
10161,male_masculine
34,male_masculine
11459,male_masculine
45866,female_feminine
12059,male_masculine
42151,female_feminine
39020,female_feminine
17522,male_masculine
45372,female_feminine
39385,female_feminine
40683,female_feminine
15453,male_masculine
43259,female_feminine
11998,male_masculine
45613,female_feminine
44312,female_feminine
11388,male_masculine
46238,female_feminine
6714,male_masculine
15973,male_masculine
55060,female_feminine
46441,female_feminine
42603,female_feminine
47559,female_feminine
17976,male_masculine
53700,female_feminine
47736,female_feminine
13679,male_masculine
40906,female_feminine
38734,female_feminine
9738,male_masculine
7253,male_masculine
47712,female_feminine
50205,female_feminine
17810,male_masculine
18227,male_masculine
41885,female_feminine
45074,female_feminine
18612,male_masculine
41133,female_feminine
45662,female_feminine
55497,female_feminine
11487,male_masculine
10841,male_masculine
11581,male_masculine
40614,female_feminine
39347,female_feminine
13639,male_masculine
14757,male_masculine
55952,female_feminine
5469,male_masculine
17426,male_masculine
11505,male_masculine
48152,female_feminine
7056,male_masculine
41904,female_feminine
12308,male_masculine
47927,female_feminine
12204,male_masculine
40596,female_feminine
11912,male_masculine
53838,female_feminine
13259,male_masculine
10831,male_masculine
6103,male_masculine
17583,male_masculine
41557,female_feminine
9443,male_masculine
45478,female_feminine
44046,female_feminine
46717,female_feminine
17369,male_masculine
47252,female_feminine
46041,female_feminine
5472,male_masculine
6766,male_masculine
38992,female_feminine
46114,female_feminine
1096,male_masculine
7203,male_masculine
14813,male_masculine
46603,female_feminine
6417,male_masculine
39705,female_feminine
44338,female_feminine
39762,female_feminine
41488,female_feminine
13676,male_masculine
10944,male_masculine
11247,male_masculine
16203,male_masculine
16394,male_masculine
11969,male_masculine
53697,female_feminine
921,male_masculine
7296,male_masculine
55861,female_feminine
39086,female_feminine
41367,female_feminine
42112,female_feminine
47436,female_feminine
9504,male_masculine
15647,male_masculine
16501,male_masculine
10639,male_masculine
44944,female_feminine
5392,male_masculine
47691,female_feminine
42932,female_feminine
5896,male_masculine
40782,female_feminine
5316,male_masculine
40511,female_feminine
44960,female_feminine
47991,female_feminine
44487,female_feminine
15027,male_masculine
45529,female_feminine
41395,female_feminine
15415,male_masculine
55169,female_feminine
53959,female_feminine
17802,male_masculine
41755,female_feminine
16285,male_masculine
46209,female_feminine
5462,male_masculine
579,male_masculine
18035,male_masculine
6763,male_masculine
13515,male_masculine
48233,female_feminine
39162,female_feminine
55282,female_feminine
15161,male_masculine
39701,female_feminine
10299,male_masculine
47070,female_feminine
43812,female_feminine
15793,male_masculine
42949,female_feminine
38685,female_feminine
6649,male_masculine
45598,female_feminine
45388,female_feminine
45207,female_feminine
463,male_masculine
50147,female_feminine
1232,male_masculine
43931,female_feminine
39083,female_feminine
14888,male_masculine
38064,female_feminine
9951,male_masculine
38618,female_feminine
46553,female_feminine
12207,male_masculine
11250,male_masculine
40917,female_feminine
13468,male_masculine
10262,male_masculine
5220,male_masculine
15878,male_masculine
242,male_masculine
10657,male_masculine
47716,female_feminine
408,male_masculine
44505,female_feminine
15593,male_masculine
16469,male_masculine
46397,female_feminine
39118,female_feminine
11679,male_masculine
46085,female_feminine
55415,female_feminine
53764,female_feminine
17299,male_masculine
13000,male_masculine
15334,male_masculine
17200,male_masculine
43737,female_feminine
46872,female_feminine
9838,male_masculine
11678,male_masculine
18264,male_masculine
16715,male_masculine
17081,male_masculine
15380,male_masculine
1277,male_masculine
6473,male_masculine
18685,male_masculine
43660,female_feminine
6159,male_masculine
9544,male_masculine
12277,male_masculine
43059,female_feminine
47604,female_feminine
10103,male_masculine
40755,female_feminine
10975,male_masculine
40768,female_feminine
39881,female_feminine
6611,male_masculine
6047,male_masculine
4,male_masculine
11764,male_masculine
16306,male_masculine
16792,male_masculine
16618,male_masculine
38559,female_feminine
13277,male_masculine
5457,male_masculine
45780,female_feminine
9819,male_masculine
18386,male_masculine
10909,male_masculine
18742,male_masculine
53662,female_feminine
5753,male_masculine
17584,male_masculine
9440,male_masculine
18508,male_masculine
11346,male_masculine
43370,female_feminine
6497,male_masculine
11606,male_masculine
7317,male_masculine
15275,male_masculine
55533,female_feminine
39135,female_feminine
47502,female_feminine
46750,female_feminine
46463,female_feminine
9402,male_masculine
40923,female_feminine
13608,male_masculine
13099,male_masculine
5555,male_masculine
17458,male_masculine
41798,female_feminine
11828,male_masculine
15794,male_masculine
42453,female_feminine
501,male_masculine
311,male_masculine
42640,female_feminine
48048,female_feminine
7115,male_masculine
45446,female_feminine
5938,male_masculine
13035,male_masculine
18614,male_masculine
46190,female_feminine
55310,female_feminine
6120,male_masculine
11443,male_masculine
14922,male_masculine
38314,female_feminine
43320,female_feminine
44699,female_feminine
1389,male_masculine
16850,male_masculine
11107,male_masculine
9984,male_masculine
3557,male_masculine
14848,male_masculine
48144,female_feminine
6060,male_masculine
43401,female_feminine
45951,female_feminine
7232,male_masculine
48312,female_feminine
1539,male_masculine
11685,male_masculine
15423,male_masculine
9557,male_masculine
41462,female_feminine
47515,female_feminine
12344,male_masculine
15122,male_masculine
38425,female_feminine
53704,female_feminine
46508,female_feminine
40708,female_feminine
47099,female_feminine
6465,male_masculine
55152,female_feminine
40057,female_feminine
6779,male_masculine
5256,male_masculine
9811,male_masculine
13635,male_masculine
483,male_masculine
39097,female_feminine
41855,female_feminine
755,male_masculine
40878,female_feminine
47981,female_feminine
38587,female_feminine
18700,male_masculine
12374,male_masculine
53654,female_feminine
13771,male_masculine
13127,male_masculine
40619,female_feminine
41858,female_feminine
1092,male_masculine
48192,female_feminine
44275,female_feminine
47351,female_feminine
39423,female_feminine
920,male_masculine
38691,female_feminine
38590,female_feminine
55104,female_feminine
16747,male_masculine
13184,male_masculine
17377,male_masculine
17958,male_masculine
1066,male_masculine
50345,female_feminine
46155,female_feminine
47485,female_feminine
11664,male_masculine
46617,female_feminine
16740,male_masculine
45239,female_feminine
44846,female_feminine
39691,female_feminine
10911,male_masculine
42312,female_feminine
46381,female_feminine
40438,female_feminine
5816,male_masculine
9681,male_masculine
6924,male_masculine
13363,male_masculine
858,male_masculine
6732,male_masculine
459,male_masculine
17395,male_masculine
7300,male_masculine
6533,male_masculine
41223,female_feminine
13014,male_masculine
17472,male_masculine
45360,female_feminine
10628,male_masculine
44851,female_feminine
43840,female_feminine
10022,male_masculine
41219,female_feminine
45510,female_feminine
9595,male_masculine
16123,male_masculine
6654,male_masculine
766,male_masculine
41754,female_feminine
53973,female_feminine
14893,male_masculine
1532,male_masculine
13114,male_masculine
38508,female_feminine
41811,female_feminine
55273,female_feminine
40789,female_feminine
6773,male_masculine
5521,male_masculine
9639,male_masculine
17128,male_masculine
6173,male_masculine
44793,female_feminine
15131,male_masculine
40017,female_feminine
47419,female_feminine
1352,male_masculine
45401,female_feminine
1348,male_masculine
6724,male_masculine
10485,male_masculine
17930,male_masculine
39625,female_feminine
44778,female_feminine
46017,female_feminine
44314,female_feminine
40308,female_feminine
11980,male_masculine
13727,male_masculine
16631,male_masculine
12300,male_masculine
15212,male_masculine
40279,female_feminine
41834,female_feminine
16452,male_masculine
5808,male_masculine
47655,female_feminine
9968,male_masculine
18001,male_masculine
47138,female_feminine
46916,female_feminine
16832,male_masculine
43988,female_feminine
10908,male_masculine
15494,male_masculine
44906,female_feminine
11598,male_masculine
6143,male_masculine
17038,male_masculine
9451,male_masculine
5259,male_masculine
43834,female_feminine
6672,male_masculine
44472,female_feminine
46388,female_feminine
9193,male_masculine
12959,male_masculine
18,male_masculine
15141,male_masculine
15826,male_masculine
13124,male_masculine
45223,female_feminine
280,male_masculine
40852,female_feminine
42157,female_feminine
13197,male_masculine
6449,male_masculine
46509,female_feminine
5922,male_masculine
6284,male_masculine
38310,female_feminine
10872,male_masculine
18632,male_masculine
46299,female_feminine
38054,female_feminine
10004,male_masculine
38383,female_feminine
13055,male_masculine
47866,female_feminine
10607,male_masculine
6591,male_masculine
9796,male_masculine
45349,female_feminine
11639,male_masculine
41118,female_feminine
47673,female_feminine
16693,male_masculine
11032,male_masculine
43548,female_feminine
48032,female_feminine
45216,female_feminine
13410,male_masculine
9318,male_masculine
42804,female_feminine
6543,male_masculine
47005,female_feminine
5286,male_masculine
42053,female_feminine
38431,female_feminine
42357,female_feminine
38148,female_feminine
15074,male_masculine
1071,male_masculine
43188,female_feminine
44056,female_feminine
38437,female_feminine
55558,female_feminine
15362,male_masculine
6676,male_masculine
42374,female_feminine
17230,male_masculine
7353,male_masculine
17251,male_masculine
9910,male_masculine
46090,female_feminine
38961,female_feminine
45973,female_feminine
43513,female_feminine
39063,female_feminine
5542,male_masculine
47155,female_feminine
38019,female_feminine
619,male_masculine
268,male_masculine
41198,female_feminine
6868,male_masculine
55065,female_feminine
47249,female_feminine
39548,female_feminine
369,male_masculine
53592,female_feminine
10428,male_masculine
40477,female_feminine
45690,female_feminine
11913,male_masculine
43700,female_feminine
47124,female_feminine
17123,male_masculine
1328,male_masculine
48132,female_feminine
16580,male_masculine
40258,female_feminine
46150,female_feminine
18295,male_masculine
41114,female_feminine
55831,female_feminine
40526,female_feminine
47026,female_feminine
47784,female_feminine
13595,male_masculine
43155,female_feminine
6346,male_masculine
53583,female_feminine
18695,male_masculine
47479,female_feminine
42376,female_feminine
17272,male_masculine
5983,male_masculine
40170,female_feminine
11435,male_masculine
11707,male_masculine
48269,female_feminine
1472,male_masculine
39744,female_feminine
18515,male_masculine
16741,male_masculine
45273,female_feminine
39105,female_feminine
55631,female_feminine
1520,male_masculine
46618,female_feminine
18188,male_masculine
48401,female_feminine
54122,female_feminine
15437,male_masculine
11939,male_masculine
55395,female_feminine
46679,female_feminine
45021,female_feminine
43140,female_feminine
1334,male_masculine
16701,male_masculine
42458,female_feminine
6665,male_masculine
42245,female_feminine
988,male_masculine
15772,male_masculine
44961,female_feminine
17082,male_masculine
42653,female_feminine
7062,male_masculine
41908,female_feminine
10391,male_masculine
47516,female_feminine
394,male_masculine
47994,female_feminine
17932,male_masculine
10005,male_masculine
17613,male_masculine
16050,male_masculine
39421,female_feminine
6076,male_masculine
1523,male_masculine
16825,male_masculine
9946,male_masculine
9581,male_masculine
6349,male_masculine
15296,male_masculine
46947,female_feminine
55646,female_feminine
13735,male_masculine
41120,female_feminine
48002,female_feminine
55298,female_feminine
1575,male_masculine
18207,male_masculine
14947,male_masculine
55863,female_feminine
15242,male_masculine
12250,male_masculine
17649,male_masculine
6630,male_masculine
38053,female_feminine
54084,female_feminine
53709,female_feminine
1585,male_masculine
47704,female_feminine
5529,male_masculine
42470,female_feminine
9297,male_masculine
6959,male_masculine
47832,female_feminine
3589,male_masculine
42592,female_feminine
46459,female_feminine
41192,female_feminine
1333,male_masculine
11614,male_masculine
15385,male_masculine
1250,male_masculine
16305,male_masculine
42423,female_feminine
44354,female_feminine
43844,female_feminine
45369,female_feminine
46318,female_feminine
9436,male_masculine
11393,male_masculine
15683,male_masculine
42862,female_feminine
13413,male_masculine
55924,female_feminine
46430,female_feminine
53995,female_feminine
16769,male_masculine
52,male_masculine
43817,female_feminine
41007,female_feminine
5889,male_masculine
38873,female_feminine
39045,female_feminine
45718,female_feminine
1237,male_masculine
44436,female_feminine
1323,male_masculine
43023,female_feminine
10493,male_masculine
12268,male_masculine
7379,male_masculine
47014,female_feminine
38890,female_feminine
12043,male_masculine
13588,male_masculine
55778,female_feminine
40387,female_feminine
1162,male_masculine
45025,female_feminine
46713,female_feminine
17249,male_masculine
38102,female_feminine
39025,female_feminine
5868,male_masculine
1943,male_masculine
13057,male_masculine
47821,female_feminine
55684,female_feminine
12093,male_masculine
55595,female_feminine
7044,male_masculine
53842,female_feminine
38468,female_feminine
41049,female_feminine
39806,female_feminine
16001,male_masculine
40439,female_feminine
11649,male_masculine
47884,female_feminine
45993,female_feminine
44316,female_feminine
38661,female_feminine
10426,male_masculine
16248,male_masculine
45381,female_feminine
7276,male_masculine
42015,female_feminine
50168,female_feminine
45522,female_feminine
13031,male_masculine
11328,male_masculine
11030,male_masculine
11034,male_masculine
11270,male_masculine
40922,female_feminine
43653,female_feminine
18549,male_masculine
39860,female_feminine
50232,female_feminine
41337,female_feminine
42,male_masculine
932,male_masculine
53694,female_feminine
17703,male_masculine
16183,male_masculine
47780,female_feminine
16774,male_masculine
44190,female_feminine
38490,female_feminine
40337,female_feminine
5805,male_masculine
709,male_masculine
15862,male_masculine
5757,male_masculine
5725,male_masculine
43549,female_feminine
1281,male_masculine
44680,female_feminine
12171,male_masculine
42509,female_feminine
16426,male_masculine
10037,male_masculine
17313,male_masculine
44614,female_feminine
39798,female_feminine
46305,female_feminine
46818,female_feminine
1182,male_masculine
42032,female_feminine
13130,male_masculine
17455,male_masculine
48250,female_feminine
11542,male_masculine
13065,male_masculine
38652,female_feminine
9913,male_masculine
38542,female_feminine
52143,female_feminine
55680,female_feminine
15847,male_masculine
38886,female_feminine
42780,female_feminine
43031,female_feminine
41660,female_feminine
18265,male_masculine
45309,female_feminine
45946,female_feminine
12945,male_masculine
45250,female_feminine
16529,male_masculine
46609,female_feminine
50268,female_feminine
38420,female_feminine
41884,female_feminine
1600,male_masculine
39175,female_feminine
55344,female_feminine
47218,female_feminine
39575,female_feminine
16904,male_masculine
6749,male_masculine
41245,female_feminine
39459,female_feminine
46194,female_feminine
44706,female_feminine
15458,male_masculine
18551,male_masculine
10926,male_masculine
11562,male_masculine
13098,male_masculine
46416,female_feminine
45829,female_feminine
44620,female_feminine
11448,male_masculine
13574,male_masculine
40832,female_feminine
50251,female_feminine
10214,male_masculine
450,male_masculine
41033,female_feminine
44532,female_feminine
10570,male_masculine
10889,male_masculine
45366,female_feminine
46811,female_feminine
9329,male_masculine
14744,male_masculine
17389,male_masculine
18583,male_masculine
47442,female_feminine
9621,male_masculine
39388,female_feminine
47395,female_feminine
43637,female_feminine
17483,male_masculine
14991,male_masculine
6021,male_masculine
10487,male_masculine
17651,male_masculine
45865,female_feminine
6535,male_masculine
45912,female_feminine
6181,male_masculine
39530,female_feminine
6236,male_masculine
14856,male_masculine
41726,female_feminine
6902,male_masculine
44077,female_feminine
6824,male_masculine
54004,female_feminine
14792,male_masculine
55765,female_feminine
15522,male_masculine
39077,female_feminine
16530,male_masculine
43948,female_feminine
11203,male_masculine
17786,male_masculine
15205,male_masculine
15223,male_masculine
45701,female_feminine
13512,male_masculine
44572,female_feminine
9509,male_masculine
13108,male_masculine
11468,male_masculine
93,male_masculine
6682,male_masculine
40759,female_feminine
55789,female_feminine
6144,male_masculine
1435,male_masculine
40733,female_feminine
1432,male_masculine
5400,male_masculine
46631,female_feminine
40794,female_feminine
11799,male_masculine
1446,male_masculine
47965,female_feminine
38262,female_feminine
43553,female_feminine
55858,female_feminine
5356,male_masculine
16891,male_masculine
9757,male_masculine
39957,female_feminine
38975,female_feminine
45279,female_feminine
55555,female_feminine
1116,male_masculine
11946,male_masculine
9528,male_masculine
216,male_masculine
47331,female_feminine
6978,male_masculine
46259,female_feminine
40573,female_feminine
407,male_masculine
13030,male_masculine
47725,female_feminine
15452,male_masculine
7025,male_masculine
38065,female_feminine
47576,female_feminine
16417,male_masculine
44118,female_feminine
39985,female_feminine
17009,male_masculine
9858,male_masculine
1411,male_masculine
1239,male_masculine
41231,female_feminine
42142,female_feminine
10369,male_masculine
43123,female_feminine
17705,male_masculine
39792,female_feminine
48462,female_feminine
40272,female_feminine
18559,male_masculine
18101,male_masculine
10858,male_masculine
45406,female_feminine
15060,male_masculine
47084,female_feminine
44574,female_feminine
46787,female_feminine
46308,female_feminine
18246,male_masculine
46469,female_feminine
1055,male_masculine
47748,female_feminine
45953,female_feminine
41627,female_feminine
10702,male_masculine
41331,female_feminine
40021,female_feminine
5547,male_masculine
46077,female_feminine
10968,male_masculine
43036,female_feminine
6309,male_masculine
914,male_masculine
55860,female_feminine
18122,male_masculine
10537,male_masculine
14877,male_masculine
6595,male_masculine
16751,male_masculine
43167,female_feminine
43996,female_feminine
40741,female_feminine
48239,female_feminine
10879,male_masculine
11479,male_masculine
14894,male_masculine
53986,female_feminine
11176,male_masculine
10440,male_masculine
41349,female_feminine
47591,female_feminine
18470,male_masculine
43287,female_feminine
1013,male_masculine
9927,male_masculine
15980,male_masculine
11994,male_masculine
47403,female_feminine
17325,male_masculine
38439,female_feminine
44747,female_feminine
1298,male_masculine
11710,male_masculine
18462,male_masculine
17022,male_masculine
5271,male_masculine
17552,male_masculine
15707,male_masculine
16080,male_masculine
9391,male_masculine
18361,male_masculine
15653,male_masculine
47598,female_feminine
40085,female_feminine
40216,female_feminine
11839,male_masculine
41128,female_feminine
43677,female_feminine
43794,female_feminine
13120,male_masculine
53703,female_feminine
10432,male_masculine
5833,male_masculine
44384,female_feminine
377,male_masculine
38160,female_feminine
38304,female_feminine
55016,female_feminine
17754,male_masculine
41183,female_feminine
6608,male_masculine
13267,male_masculine
45911,female_feminine
46026,female_feminine
44437,female_feminine
41298,female_feminine
43392,female_feminine
17988,male_masculine
12370,male_masculine
16571,male_masculine
16649,male_masculine
46651,female_feminine
13324,male_masculine
11938,male_masculine
55603,female_feminine
500,male_masculine
38163,female_feminine
43060,female_feminine
55231,female_feminine
38829,female_feminine
11026,male_masculine
17983,male_masculine
44333,female_feminine
47044,female_feminine
42143,female_feminine
46300,female_feminine
7198,male_masculine
458,male_masculine
15159,male_masculine
40115,female_feminine
6568,male_masculine
39873,female_feminine
6536,male_masculine
47592,female_feminine
15384,male_masculine
15419,male_masculine
46849,female_feminine
17822,male_masculine
6517,male_masculine
46732,female_feminine
10255,male_masculine
18689,male_masculine
38071,female_feminine
11899,male_masculine
17903,male_masculine
16063,male_masculine
1431,male_masculine
55577,female_feminine
15692,male_masculine
40291,female_feminine
9453,male_masculine
45722,female_feminine
38943,female_feminine
53755,female_feminine
38525,female_feminine
7015,male_masculine
40307,female_feminine
40928,female_feminine
17581,male_masculine
9687,male_masculine
42987,female_feminine
946,male_masculine
55048,female_feminine
10131,male_masculine
18410,male_masculine
47219,female_feminine
53827,female_feminine
42099,female_feminine
55211,female_feminine
17418,male_masculine
10554,male_masculine
16150,male_masculine
5932,male_masculine
46000,female_feminine
45194,female_feminine
47239,female_feminine
47077,female_feminine
41448,female_feminine
39756,female_feminine
39688,female_feminine
11289,male_masculine
308,male_masculine
6078,male_masculine
1349,male_masculine
44177,female_feminine
13185,male_masculine
13126,male_masculine
42070,female_feminine
39028,female_feminine
45251,female_feminine
10434,male_masculine
55096,female_feminine
18378,male_masculine
963,male_masculine
55428,female_feminine
15996,male_masculine
11283,male_masculine
14901,male_masculine
10424,male_masculine
1056,male_masculine
16987,male_masculine
39791,female_feminine
12316,male_masculine
41931,female_feminine
41819,female_feminine
18306,male_masculine
5296,male_masculine
45734,female_feminine
10596,male_masculine
17982,male_masculine
18638,male_masculine
6065,male_masculine
46201,female_feminine
16612,male_masculine
5835,male_masculine
42175,female_feminine
55338,female_feminine
15414,male_masculine
17469,male_masculine
13112,male_masculine
17814,male_masculine
545,male_masculine
42678,female_feminine
55069,female_feminine
17261,male_masculine
16280,male_masculine
45586,female_feminine
42639,female_feminine
53794,female_feminine
10340,male_masculine
54102,female_feminine
47953,female_feminine
16247,male_masculine
1168,male_masculine
338,male_masculine
44596,female_feminine
38136,female_feminine
44061,female_feminine
1144,male_masculine
42641,female_feminine
1419,male_masculine
55588,female_feminine
41152,female_feminine
40761,female_feminine
47795,female_feminine
41716,female_feminine
13260,male_masculine
1180,male_masculine
45608,female_feminine
46540,female_feminine
16864,male_masculine
1488,male_masculine
55711,female_feminine
18624,male_masculine
9516,male_masculine
17143,male_masculine
46214,female_feminine
41275,female_feminine
46212,female_feminine
6174,male_masculine
42300,female_feminine
5602,male_masculine
11731,male_masculine
38540,female_feminine
76,male_masculine
43555,female_feminine
11447,male_masculine
5202,male_masculine
15216,male_masculine
55469,female_feminine
55913,female_feminine
41597,female_feminine
41572,female_feminine
40075,female_feminine
7386,male_masculine
42699,female_feminine
43538,female_feminine
45006,female_feminine
38331,female_feminine
41741,female_feminine
46633,female_feminine
53800,female_feminine
44741,female_feminine
39080,female_feminine
10720,male_masculine
44689,female_feminine
1434,male_masculine
6929,male_masculine
17644,male_masculine
7291,male_masculine
38802,female_feminine
1179,male_masculine
5285,male_masculine
13231,male_masculine
40059,female_feminine
690,male_masculine
40121,female_feminine
5787,male_masculine
1447,male_masculine
43985,female_feminine
40845,female_feminine
6004,male_masculine
43003,female_feminine
48150,female_feminine
15833,male_masculine
595,male_masculine
45398,female_feminine
11240,male_masculine
91,male_masculine
15568,male_masculine
47864,female_feminine
42663,female_feminine
38377,female_feminine
43930,female_feminine
17733,male_masculine
42629,female_feminine
16563,male_masculine
47391,female_feminine
15030,male_masculine
38298,female_feminine
845,male_masculine
45454,female_feminine
16682,male_masculine
53733,female_feminine
55545,female_feminine
10355,male_masculine
39785,female_feminine
846,male_masculine
6720,male_masculine
1395,male_masculine
15487,male_masculine
42336,female_feminine
42481,female_feminine
13650,male_masculine
10641,male_masculine
55371,female_feminine
15046,male_masculine
46401,female_feminine
6656,male_masculine
15565,male_masculine
10273,male_masculine
38201,female_feminine
1444,male_masculine
942,male_masculine
39558,female_feminine
38028,female_feminine
53962,female_feminine
6365,male_masculine
55330,female_feminine
13692,male_masculine
55485,female_feminine
39458,female_feminine
11269,male_masculine
41939,female_feminine
38476,female_feminine
42332,female_feminine
40530,female_feminine
15720,male_masculine
17277,male_masculine
47328,female_feminine
12077,male_masculine
16442,male_masculine
10737,male_masculine
42020,female_feminine
38070,female_feminine
17536,male_masculine
47394,female_feminine
46614,female_feminine
45175,female_feminine
38711,female_feminine
18260,male_masculine
53714,female_feminine
10910,male_masculine
38631,female_feminine
42419,female_feminine
13116,male_masculine
15371,male_masculine
215,male_masculine
44554,female_feminine
6233,male_masculine
6451,male_masculine
15265,male_masculine
46188,female_feminine
1291,male_masculine
47681,female_feminine
40125,female_feminine
17515,male_masculine
47896,female_feminine
39238,female_feminine
5209,male_masculine
16628,male_masculine
43945,female_feminine
39494,female_feminine
10144,male_masculine
47006,female_feminine
11089,male_masculine
6503,male_masculine
10866,male_masculine
43120,female_feminine
363,male_masculine
43811,female_feminine
9538,male_masculine
39343,female_feminine
55931,female_feminine
12238,male_masculine
39711,female_feminine
40643,female_feminine
6875,male_masculine
13523,male_masculine
17763,male_masculine
43866,female_feminine
47254,female_feminine
11224,male_masculine
48136,female_feminine
13557,male_masculine
45452,female_feminine
43207,female_feminine
7381,male_masculine
1369,male_masculine
38863,female_feminine
43826,female_feminine
47378,female_feminine
42055,female_feminine
11924,male_masculine
17694,male_masculine
43682,female_feminine
38176,female_feminine
43621,female_feminine
15031,male_masculine
44041,female_feminine
43098,female_feminine
44936,female_feminine
16719,male_masculine
45922,female_feminine
48382,female_feminine
45257,female_feminine
15137,male_masculine
46589,female_feminine
45742,female_feminine
42615,female_feminine
13294,male_masculine
45431,female_feminine
39576,female_feminine
44659,female_feminine
39737,female_feminine
39079,female_feminine
46402,female_feminine
39127,female_feminine
41304,female_feminine
41648,female_feminine
5288,male_masculine
38450,female_feminine
38914,female_feminine
42531,female_feminine
5609,male_masculine
10246,male_masculine
46020,female_feminine
39899,female_feminine
11706,male_masculine
11586,male_masculine
45708,female_feminine
6086,male_masculine
53610,female_feminine
43497,female_feminine
5689,male_masculine
694,male_masculine
41513,female_feminine
16646,male_masculine
45930,female_feminine
42442,female_feminine
45632,female_feminine
6414,male_masculine
13202,male_masculine
1478,male_masculine
39692,female_feminine
39866,female_feminine
17102,male_masculine
11220,male_masculine
13549,male_masculine
42984,female_feminine
577,male_masculine
760,male_masculine
38934,female_feminine
46547,female_feminine
16113,male_masculine
18370,male_masculine
16616,male_masculine
44418,female_feminine
9961,male_masculine
44818,female_feminine
1562,male_masculine
120,male_masculine
10878,male_masculine
12251,male_masculine
15781,male_masculine
17683,male_masculine
6068,male_masculine
5899,male_masculine
13705,male_masculine
15644,male_masculine
1534,male_masculine
351,male_masculine
15895,male_masculine
55467,female_feminine
12169,male_masculine
12144,male_masculine
10497,male_masculine
38089,female_feminine
55126,female_feminine
16027,male_masculine
9834,male_masculine
48343,female_feminine
15629,male_masculine
40556,female_feminine
40037,female_feminine
43192,female_feminine
954,male_masculine
41645,female_feminine
9718,male_masculine
13439,male_masculine
47039,female_feminine
6437,male_masculine
38901,female_feminine
321,male_masculine
46438,female_feminine
39174,female_feminine
16062,male_masculine
5675,male_masculine
44368,female_feminine
55579,female_feminine
44092,female_feminine
41017,female_feminine
11694,male_masculine
41615,female_feminine
16202,male_masculine
41068,female_feminine
15243,male_masculine
38746,female_feminine
46928,female_feminine
13203,male_masculine
10169,male_masculine
13275,male_masculine
6520,male_masculine
6559,male_masculine
38803,female_feminine
18340,male_masculine
17530,male_masculine
45350,female_feminine
17671,male_masculine
11290,male_masculine
48149,female_feminine
41048,female_feminine
54070,female_feminine
11252,male_masculine
16141,male_masculine
972,male_masculine
44607,female_feminine
16099,male_masculine
15194,male_masculine
11334,male_masculine
38598,female_feminine
48308,female_feminine
47872,female_feminine
16589,male_masculine
43521,female_feminine
15207,male_masculine
5205,male_masculine
17751,male_masculine
15439,male_masculine
5214,male_masculine
46232,female_feminine
38379,female_feminine
45267,female_feminine
15709,male_masculine
40080,female_feminine
6115,male_masculine
10028,male_masculine
10264,male_masculine
44438,female_feminine
50275,female_feminine
10854,male_masculine
12086,male_masculine
13182,male_masculine
53686,female_feminine
11748,male_masculine
53997,female_feminine
48092,female_feminine
55557,female_feminine
7106,male_masculine
1143,male_masculine
17591,male_masculine
70,male_masculine
10796,male_masculine
13007,male_masculine
11842,male_masculine
41742,female_feminine
18465,male_masculine
41589,female_feminine
15799,male_masculine
44156,female_feminine
43116,female_feminine
5379,male_masculine
40507,female_feminine
46845,female_feminine
18118,male_masculine
47248,female_feminine
11365,male_masculine
15064,male_masculine
11607,male_masculine
5346,male_masculine
54065,female_feminine
43092,female_feminine
48181,female_feminine
15300,male_masculine
45540,female_feminine
18348,male_masculine
9320,male_masculine
7159,male_masculine
44125,female_feminine
41310,female_feminine
39142,female_feminine
47152,female_feminine
5976,male_masculine
11555,male_masculine
5471,male_masculine
7079,male_masculine
60,male_masculine
15887,male_masculine
40899,female_feminine
38727,female_feminine
38074,female_feminine
46083,female_feminine
43419,female_feminine
12330,male_masculine
6609,male_masculine
55248,female_feminine
39677,female_feminine
46284,female_feminine
46334,female_feminine
916,male_masculine
18237,male_masculine
16267,male_masculine
38242,female_feminine
17439,male_masculine
411,male_masculine
18076,male_masculine
15538,male_masculine
1049,male_masculine
12056,male_masculine
6666,male_masculine
46398,female_feminine
46854,female_feminine
40742,female_feminine
45448,female_feminine
773,male_masculine
50237,female_feminine
39357,female_feminine
6351,male_masculine
41901,female_feminine
47828,female_feminine
9637,male_masculine
44954,female_feminine
43969,female_feminine
9345,male_masculine
735,male_masculine
17157,male_masculine
50283,female_feminine
48374,female_feminine
9598,male_masculine
40124,female_feminine
38745,female_feminine
13026,male_masculine
12201,male_masculine
15739,male_masculine
38137,female_feminine
50173,female_feminine
6340,male_masculine
10444,male_masculine
10375,male_masculine
40536,female_feminine
5879,male_masculine
18555,male_masculine
11953,male_masculine
13136,male_masculine
14942,male_masculine
48397,female_feminine
44508,female_feminine
18099,male_masculine
9611,male_masculine
17381,male_masculine
682,male_masculine
17746,male_masculine
53864,female_feminine
11658,male_masculine
45170,female_feminine
53624,female_feminine
15146,male_masculine
43722,female_feminine
6835,male_masculine
38423,female_feminine
44258,female_feminine
1234,male_masculine
16472,male_masculine
40166,female_feminine
18376,male_masculine
46599,female_feminine
18599,male_masculine
47060,female_feminine
10491,male_masculine
39483,female_feminine
16840,male_masculine
14926,male_masculine
47640,female_feminine
47629,female_feminine
45680,female_feminine
44212,female_feminine
10216,male_masculine
42424,female_feminine
39709,female_feminine
55718,female_feminine
42416,female_feminine
6180,male_masculine
9352,male_masculine
41035,female_feminine
43499,female_feminine
43462,female_feminine
41909,female_feminine
42979,female_feminine
13420,male_masculine
39892,female_feminine
626,male_masculine
17373,male_masculine
42006,female_feminine
11935,male_masculine
16544,male_masculine
42377,female_feminine
5208,male_masculine
16632,male_masculine
55302,female_feminine
45048,female_feminine
9326,male_masculine
45026,female_feminine
7148,male_masculine
46344,female_feminine
55024,female_feminine
5705,male_masculine
53639,female_feminine
6917,male_masculine
20,male_masculine
5758,male_masculine
44553,female_feminine
42474,female_feminine
14752,male_masculine
12100,male_masculine
55333,female_feminine
16436,male_masculine
17953,male_masculine
46902,female_feminine
43702,female_feminine
55489,female_feminine
18138,male_masculine
47581,female_feminine
39427,female_feminine
41579,female_feminine
18229,male_masculine
39741,female_feminine
47723,female_feminine
41346,female_feminine
43073,female_feminine
46364,female_feminine
46006,female_feminine
42079,female_feminine
55566,female_feminine
48205,female_feminine
1573,male_masculine
5639,male_masculine
41329,female_feminine
17874,male_masculine
39413,female_feminine
16910,male_masculine
11028,male_masculine
5232,male_masculine
38672,female_feminine
11635,male_masculine
41204,female_feminine
44701,female_feminine
788,male_masculine
45970,female_feminine
7193,male_masculine
13670,male_masculine
41011,female_feminine
105,male_masculine
17003,male_masculine
55265,female_feminine
54081,female_feminine
12978,male_masculine
10329,male_masculine
9826,male_masculine
45111,female_feminine
6418,male_masculine
40612,female_feminine
30,male_masculine
5920,male_masculine
46741,female_feminine
43906,female_feminine
16155,male_masculine
5514,male_masculine
55072,female_feminine
38206,female_feminine
17489,male_masculine
13029,male_masculine
46346,female_feminine
38755,female_feminine
16907,male_masculine
39577,female_feminine
39095,female_feminine
11926,male_masculine
48361,female_feminine
10965,male_masculine
40187,female_feminine
45517,female_feminine
15867,male_masculine
45137,female_feminine
15227,male_masculine
13416,male_masculine
15087,male_masculine
6683,male_masculine
46245,female_feminine
498,male_masculine
16105,male_masculine
38681,female_feminine
16288,male_masculine
39910,female_feminine
18238,male_masculine
42269,female_feminine
45320,female_feminine
41481,female_feminine
39965,female_feminine
18135,male_masculine
6670,male_masculine
10634,male_masculine
5823,male_masculine
10897,male_masculine
41808,female_feminine
38758,female_feminine
256,male_masculine
16578,male_masculine
1449,male_masculine
38172,female_feminine
43709,female_feminine
16017,male_masculine
42209,female_feminine
11534,male_masculine
55473,female_feminine
18062,male_masculine
16229,male_masculine
13149,male_masculine
47672,female_feminine
14774,male_masculine
17572,male_masculine
53903,female_feminine
45348,female_feminine
43641,female_feminine
53,male_masculine
40638,female_feminine
10184,male_masculine
42120,female_feminine
47140,female_feminine
55895,female_feminine
46733,female_feminine
10110,male_masculine
46693,female_feminine
41274,female_feminine
11627,male_masculine
40336,female_feminine
42964,female_feminine
41327,female_feminine
16503,male_masculine
42812,female_feminine
16629,male_masculine
17849,male_masculine
50287,female_feminine
44406,female_feminine
15633,male_masculine
41522,female_feminine
11576,male_masculine
38996,female_feminine
5502,male_masculine
43026,female_feminine
9410,male_masculine
46694,female_feminine
45178,female_feminine
38197,female_feminine
47801,female_feminine
53866,female_feminine
43185,female_feminine
46940,female_feminine
17655,male_masculine
44356,female_feminine
41659,female_feminine
9696,male_masculine
17735,male_masculine
16699,male_masculine
193,male_masculine
40587,female_feminine
46132,female_feminine
5990,male_masculine
48135,female_feminine
13129,male_masculine
40232,female_feminine
39717,female_feminine
9459,male_masculine
41703,female_feminine
43384,female_feminine
6547,male_masculine
12976,male_masculine
44757,female_feminine
38927,female_feminine
17668,male_masculine
42644,female_feminine
18537,male_masculine
38765,female_feminine
43258,female_feminine
44440,female_feminine
45027,female_feminine
50151,female_feminine
39258,female_feminine
9925,male_masculine
6386,male_masculine
18723,male_masculine
17464,male_masculine
42993,female_feminine
6170,male_masculine
38128,female_feminine
13204,male_masculine
55235,female_feminine
55406,female_feminine
44324,female_feminine
40801,female_feminine
13721,male_masculine
6002,male_masculine
45347,female_feminine
3560,male_masculine
48210,female_feminine
6898,male_masculine
13756,male_masculine
16595,male_masculine
45787,female_feminine
47970,female_feminine
53885,female_feminine
15466,male_masculine
38030,female_feminine
41651,female_feminine
41446,female_feminine
38328,female_feminine
18408,male_masculine
44266,female_feminine
841,male_masculine
11058,male_masculine
48001,female_feminine
11983,male_masculine
14872,male_masculine
40521,female_feminine
15612,male_masculine
15543,male_masculine
50241,female_feminine
42950,female_feminine
42179,female_feminine
38544,female_feminine
10922,male_masculine
47787,female_feminine
40702,female_feminine
48188,female_feminine
43035,female_feminine
42103,female_feminine
40264,female_feminine
15823,male_masculine
11873,male_masculine
46568,female_feminine
42968,female_feminine
18655,male_masculine
15008,male_masculine
10805,male_masculine
806,male_masculine
46280,female_feminine
44945,female_feminine
18584,male_masculine
53880,female_feminine
18363,male_masculine
1268,male_masculine
930,male_masculine
43572,female_feminine
41431,female_feminine
13570,male_masculine
11577,male_masculine
42136,female_feminine
42281,female_feminine
43163,female_feminine
6216,male_masculine
38455,female_feminine
5848,male_masculine
1183,male_masculine
9835,male_masculine
47386,female_feminine
47675,female_feminine
15949,male_masculine
40696,female_feminine
18688,male_masculine
44621,female_feminine
18686,male_masculine
15179,male_masculine
6677,male_masculine
45035,female_feminine
18117,male_masculine
40225,female_feminine
40209,female_feminine
13369,male_masculine
44448,female_feminine
39547,female_feminine
1134,male_masculine
15503,male_masculine
41854,female_feminine
16375,male_masculine
47747,female_feminine
16754,male_masculine
39018,female_feminine
7131,male_masculine
38936,female_feminine
43234,female_feminine
38353,female_feminine
41476,female_feminine
41051,female_feminine
11919,male_masculine
9829,male_masculine
15012,male_masculine
54069,female_feminine
17739,male_masculine
44882,female_feminine
16518,male_masculine
13697,male_masculine
10822,male_masculine
16238,male_masculine
17149,male_masculine
16733,male_masculine
41626,female_feminine
10649,male_masculine
1321,male_masculine
17071,male_masculine
16484,male_masculine
46272,female_feminine
5427,male_masculine
6355,male_masculine
14994,male_masculine
17092,male_masculine
1477,male_masculine
5228,male_masculine
47733,female_feminine
50204,female_feminine
47379,female_feminine
5436,male_masculine
17286,male_masculine
17380,male_masculine
1391,male_masculine
9458,male_masculine
41767,female_feminine
15120,male_masculine
41848,female_feminine
15416,male_masculine
13769,male_masculine
55776,female_feminine
9541,male_masculine
47608,female_feminine
15562,male_masculine
17459,male_masculine
582,male_masculine
12191,male_masculine
45271,female_feminine
46519,female_feminine
997,male_masculine
40671,female_feminine
17575,male_masculine
13414,male_masculine
1103,male_masculine
11467,male_masculine
15594,male_masculine
15317,male_masculine
1450,male_masculine
5393,male_masculine
15531,male_masculine
52144,female_feminine
46008,female_feminine
3565,male_masculine
54073,female_feminine
47737,female_feminine
18068,male_masculine
47063,female_feminine
14853,male_masculine
10496,male_masculine
43861,female_feminine
38939,female_feminine
15398,male_masculine
17008,male_masculine
5898,male_masculine
9273,male_masculine
50325,female_feminine
47161,female_feminine
13622,male_masculine
13547,male_masculine
40848,female_feminine
40724,female_feminine
534,male_masculine
9313,male_masculine
13207,male_masculine
15954,male_masculine
43083,female_feminine
18162,male_masculine
12990,male_masculine
38571,female_feminine
5247,male_masculine
45741,female_feminine
38279,female_feminine
47928,female_feminine
55038,female_feminine
17476,male_masculine
15601,male_masculine
11060,male_masculine
15858,male_masculine
17166,male_masculine
41185,female_feminine
10017,male_masculine
7358,male_masculine
53611,female_feminine
44756,female_feminine
6712,male_masculine
39637,female_feminine
42284,female_feminine
39493,female_feminine
16554,male_masculine
39299,female_feminine
55649,female_feminine
18398,male_masculine
802,male_masculine
46172,female_feminine
42067,female_feminine
41837,female_feminine
17845,male_masculine
40464,female_feminine
55742,female_feminine
43525,female_feminine
46033,female_feminine
55825,female_feminine
55291,female_feminine
6583,male_masculine
18637,male_masculine
38072,female_feminine
42156,female_feminine
1299,male_masculine
55335,female_feminine
5987,male_masculine
48439,female_feminine
11729,male_masculine
90,male_masculine
47774,female_feminine
39605,female_feminine
55286,female_feminine
38774,female_feminine
5945,male_masculine
5321,male_masculine
5201,male_masculine
18080,male_masculine
38644,female_feminine
10447,male_masculine
5508,male_masculine
53622,female_feminine
45126,female_feminine
55736,female_feminine
38632,female_feminine
48283,female_feminine
18004,male_masculine
53568,female_feminine
47607,female_feminine
9761,male_masculine
47107,female_feminine
11425,male_masculine
17186,male_masculine
43283,female_feminine
42207,female_feminine
508,male_masculine
17884,male_masculine
12146,male_masculine
45966,female_feminine
16875,male_masculine
12065,male_masculine
40810,female_feminine
39431,female_feminine
6261,male_masculine
9564,male_masculine
38499,female_feminine
41818,female_feminine
43028,female_feminine
44980,female_feminine
45611,female_feminine
46819,female_feminine
39128,female_feminine
38985,female_feminine
41878,female_feminine
1303,male_masculine
17312,male_masculine
47214,female_feminine
17223,male_masculine
46313,female_feminine
12223,male_masculine
14966,male_masculine
16651,male_masculine
6870,male_masculine
42123,female_feminine
45095,female_feminine
55639,female_feminine
38421,female_feminine
5505,male_masculine
45166,female_feminine
39747,female_feminine
11820,male_masculine
52154,female_feminine
6928,male_masculine
40360,female_feminine
45443,female_feminine
46353,female_feminine
53599,female_feminine
43729,female_feminine
45472,female_feminine
836,male_masculine
711,male_masculine
38410,female_feminine
45815,female_feminine
15348,male_masculine
45302,female_feminine
46983,female_feminine
41777,female_feminine
47320,female_feminine
13133,male_masculine
47566,female_feminine
44849,female_feminine
44199,female_feminine
12051,male_masculine
44511,female_feminine
44162,female_feminine
13654,male_masculine
17551,male_masculine
6209,male_masculine
38158,female_feminine
46681,female_feminine
14725,male_masculine
38963,female_feminine
55050,female_feminine
42636,female_feminine
17978,male_masculine
48287,female_feminine
40381,female_feminine
6188,male_masculine
41895,female_feminine
53793,female_feminine
44140,female_feminine
12053,male_masculine
38574,female_feminine
15963,male_masculine
17044,male_masculine
14840,male_masculine
38069,female_feminine
42799,female_feminine
46595,female_feminine
11025,male_masculine
15268,male_masculine
39249,female_feminine
11951,male_masculine
54106,female_feminine
15492,male_masculine
14967,male_masculine
38278,female_feminine
45417,female_feminine
6612,male_masculine
44544,female_feminine
47720,female_feminine
55358,female_feminine
44262,female_feminine
42898,female_feminine
55810,female_feminine
11822,male_masculine
703,male_masculine
42307,female_feminine
9947,male_masculine
42256,female_feminine
39322,female_feminine
39507,female_feminine
6627,male_masculine
11632,male_masculine
53993,female_feminine
12052,male_masculine
44392,female_feminine
39814,female_feminine
46154,female_feminine
47096,female_feminine
39346,female_feminine
38831,female_feminine
46100,female_feminine
10039,male_masculine
16349,male_masculine
40255,female_feminine
38339,female_feminine
16166,male_masculine
18109,male_masculine
44978,female_feminine
38889,female_feminine
10421,male_masculine
314,male_masculine
38434,female_feminine
44445,female_feminine
17376,male_masculine
12357,male_masculine
41399,female_feminine
42160,female_feminine
834,male_masculine
44276,female_feminine
16610,male_masculine
39750,female_feminine
38891,female_feminine
42104,female_feminine
15775,male_masculine
16997,male_masculine
16061,male_masculine
53754,female_feminine
9327,male_masculine
11909,male_masculine
42028,female_feminine
15660,male_masculine
40033,female_feminine
15711,male_masculine
45693,female_feminine
9550,male_masculine
55575,female_feminine
39312,female_feminine
15213,male_masculine
11780,male_masculine
44665,female_feminine
44996,female_feminine
15307,male_masculine
16894,male_masculine
10550,male_masculine
45764,female_feminine
1067,male_masculine
10589,male_masculine
55274,female_feminine
40548,female_feminine
15001,male_masculine
40074,female_feminine
46478,female_feminine
39978,female_feminine
50249,female_feminine
1211,male_masculine
38768,female_feminine
905,male_masculine
55436,female_feminine
45824,female_feminine
46242,female_feminine
47503,female_feminine
46863,female_feminine
47217,female_feminine
16476,male_masculine
9257,male_masculine
13152,male_masculine
48409,female_feminine
38362,female_feminine
10927,male_masculine
55884,female_feminine
41189,female_feminine
46529,female_feminine
43663,female_feminine
919,male_masculine
7030,male_masculine
13526,male_masculine
41087,female_feminine
11210,male_masculine
11615,male_masculine
47226,female_feminine
47425,female_feminine
11830,male_masculine
130,male_masculine
43935,female_feminine
6383,male_masculine
11109,male_masculine
6471,male_masculine
45038,female_feminine
15178,male_masculine
955,male_masculine
1414,male_masculine
47232,female_feminine
5892,male_masculine
12373,male_masculine
11945,male_masculine
16309,male_masculine
40749,female_feminine
45942,female_feminine
41685,female_feminine
16653,male_masculine
5360,male_masculine
15802,male_masculine
40582,female_feminine
48288,female_feminine
5969,male_masculine
43088,female_feminine
45572,female_feminine
46126,female_feminine
47253,female_feminine
10752,male_masculine
11316,male_masculine
11051,male_masculine
46552,female_feminine
40473,female_feminine
14784,male_masculine
47300,female_feminine
480,male_masculine
47786,female_feminine
53939,female_feminine
17630,male_masculine
46549,female_feminine
17501,male_masculine
48338,female_feminine
43833,female_feminine
39449,female_feminine
40987,female_feminine
45159,female_feminine
39579,female_feminine
11784,male_masculine
1510,male_masculine
13194,male_masculine
40207,female_feminine
10684,male_masculine
69,male_masculine
47298,female_feminine
11159,male_masculine
16311,male_masculine
39835,female_feminine
16312,male_masculine
11223,male_masculine
823,male_masculine
18620,male_masculine
42412,female_feminine
13484,male_masculine
41804,female_feminine
48396,female_feminine
38506,female_feminine
555,male_masculine
16222,male_masculine
10964,male_masculine
10948,male_masculine
17179,male_masculine
5822,male_masculine
45552,female_feminine
45639,female_feminine
41390,female_feminine
10104,male_masculine
40479,female_feminine
43492,female_feminine
10549,male_masculine
42739,female_feminine
427,male_masculine
46187,female_feminine
14779,male_masculine
39679,female_feminine
1317,male_masculine
55423,female_feminine
38566,female_feminine
47865,female_feminine
46558,female_feminine
13335,male_masculine
16199,male_masculine
5985,male_masculine
809,male_masculine
45140,female_feminine
44090,female_feminine
40241,female_feminine
47590,female_feminine
39748,female_feminine
55611,female_feminine
53653,female_feminine
14843,male_masculine
47844,female_feminine
45079,female_feminine
38217,female_feminine
43852,female_feminine
47052,female_feminine
41821,female_feminine
6944,male_masculine
46082,female_feminine
10026,male_masculine
40363,female_feminine
47727,female_feminine
13288,male_masculine
18106,male_masculine
44123,female_feminine
42418,female_feminine
13691,male_masculine
6525,male_masculine
39446,female_feminine
10609,male_masculine
45851,female_feminine
15743,male_masculine
55466,female_feminine
11444,male_masculine
46506,female_feminine
43164,female_feminine
15524,male_masculine
1248,male_masculine
16876,male_masculine
41797,female_feminine
39436,female_feminine
39140,female_feminine
5581,male_masculine
17228,male_masculine
44959,female_feminine
11521,male_masculine
15651,male_masculine
42814,female_feminine
38287,female_feminine
16163,male_masculine
47960,female_feminine
40007,female_feminine
55970,female_feminine
41410,female_feminine
39228,female_feminine
53924,female_feminine
13617,male_masculine
978,male_masculine
203,male_masculine
6585,male_masculine
1588,male_masculine
55148,female_feminine
38492,female_feminine
16760,male_masculine
1433,male_masculine
38357,female_feminine
50160,female_feminine
38778,female_feminine
11086,male_masculine
44434,female_feminine
698,male_masculine
12979,male_masculine
16025,male_masculine
55868,female_feminine
48160,female_feminine
40118,female_feminine
16711,male_masculine
39919,female_feminine
42013,female_feminine
44781,female_feminine
41836,female_feminine
46093,female_feminine
43244,female_feminine
16096,male_masculine
5334,male_masculine
17752,male_masculine
9656,male_masculine
41750,female_feminine
11456,male_masculine
11941,male_masculine
44069,female_feminine
444,male_masculine
10595,male_masculine
5717,male_masculine
10064,male_masculine
980,male_masculine
42129,female_feminine
46321,female_feminine
38226,female_feminine
15861,male_masculine
10061,male_masculine
45972,female_feminine
16705,male_masculine
55416,female_feminine
16383,male_masculine
7240,male_masculine
9954,male_masculine
5455,male_masculine
849,male_masculine
209,male_masculine
45278,female_feminine
50310,female_feminine
17140,male_masculine
47713,female_feminine
46423,female_feminine
12919,male_masculine
55239,female_feminine
38447,female_feminine
45624,female_feminine
6399,male_masculine
15350,male_masculine
16555,male_masculine
40745,female_feminine
6914,male_masculine
7269,male_masculine
55874,female_feminine
1421,male_masculine
46487,female_feminine
9422,male_masculine
42035,female_feminine
46659,female_feminine
44520,female_feminine
13305,male_masculine
54117,female_feminine
41136,female_feminine
15529,male_masculine
55226,female_feminine
681,male_masculine
10073,male_masculine
7040,male_masculine
44002,female_feminine
9628,male_masculine
40866,female_feminine
41009,female_feminine
44355,female_feminine
42093,female_feminine
38673,female_feminine
6669,male_masculine
53876,female_feminine
15744,male_masculine
45219,female_feminine
55183,female_feminine
45989,female_feminine
39239,female_feminine
604,male_masculine
44858,female_feminine
6430,male_masculine
45661,female_feminine
14786,male_masculine
40525,female_feminine
45703,female_feminine
47877,female_feminine
10557,male_masculine
39883,female_feminine
44833,female_feminine
38133,female_feminine
39794,female_feminine
13235,male_masculine
9589,male_masculine
44840,female_feminine
5877,male_masculine
40448,female_feminine
6639,male_masculine
7287,male_masculine
38215,female_feminine
42473,female_feminine
6569,male_masculine
42790,female_feminine
45293,female_feminine
42921,female_feminine
9753,male_masculine
39505,female_feminine
12181,male_masculine
47762,female_feminine
55735,female_feminine
6018,male_masculine
39761,female_feminine
15519,male_masculine
47448,female_feminine
45691,female_feminine
45501,female_feminine
15528,male_masculine
47637,female_feminine
11189,male_masculine
41172,female_feminine
45249,female_feminine
47942,female_feminine
1326,male_masculine
16458,male_masculine
42961,female_feminine
40413,female_feminine
44949,female_feminine
42695,female_feminine
44075,female_feminine
12963,male_masculine
44989,female_feminine
43635,female_feminine
17643,male_masculine
40312,female_feminine
43418,female_feminine
13556,male_masculine
16411,male_masculine
39062,female_feminine
48072,female_feminine
38131,female_feminine
9643,male_masculine
55723,female_feminine
42711,female_feminine
46375,female_feminine
17892,male_masculine
40691,female_feminine
18205,male_masculine
38926,female_feminine
15308,male_masculine
6367,male_masculine
10606,male_masculine
581,male_masculine
41523,female_feminine
41296,female_feminine
55356,female_feminine
42957,female_feminine
1382,male_masculine
10412,male_masculine
39115,female_feminine
7110,male_masculine
14936,male_masculine
18345,male_masculine
10821,male_masculine
44814,female_feminine
41554,female_feminine
38531,female_feminine
10707,male_masculine
520,male_masculine
45100,female_feminine
820,male_masculine
6260,male_masculine
41890,female_feminine
39808,female_feminine
11883,male_masculine
43990,female_feminine
10176,male_masculine
55205,female_feminine
41243,female_feminine
47932,female_feminine
47467,female_feminine
54082,female_feminine
53558,female_feminine
11260,male_masculine
38395,female_feminine
46320,female_feminine
40973,female_feminine
11090,male_masculine
11317,male_masculine
53570,female_feminine
12055,male_masculine
43509,female_feminine
5744,male_masculine
5984,male_masculine
44144,female_feminine
46985,female_feminine
53636,female_feminine
55133,female_feminine
399,male_masculine
13680,male_masculine
44802,female_feminine
9250,male_masculine
45044,female_feminine
43961,female_feminine
16811,male_masculine
9916,male_masculine
43043,female_feminine
41003,female_feminine
44786,female_feminine
48272,female_feminine
3575,male_masculine
43488,female_feminine
41413,female_feminine
6155,male_masculine
41845,female_feminine
737,male_masculine
43363,female_feminine
48194,female_feminine
43557,female_feminine
48046,female_feminine
608,male_masculine
17886,male_masculine
43237,female_feminine
17890,male_masculine
40764,female_feminine
38924,female_feminine
10766,male_masculine
692,male_masculine
9206,male_masculine
16565,male_masculine
47301,female_feminine
38952,female_feminine
16799,male_masculine
12918,male_masculine
41421,female_feminine
43344,female_feminine
47111,female_feminine
38960,female_feminine
46646,female_feminine
15588,male_masculine
6519,male_masculine
18387,male_masculine
54124,female_feminine
44605,female_feminine
40661,female_feminine
9390,male_masculine
9848,male_masculine
46359,female_feminine
41525,female_feminine
384,male_masculine
574,male_masculine
55793,female_feminine
44086,female_feminine
40655,female_feminine
17937,male_masculine
13216,male_masculine
41468,female_feminine
9944,male_masculine
53617,female_feminine
46584,female_feminine
41248,female_feminine
41348,female_feminine
43321,female_feminine
18063,male_masculine
16927,male_masculine
39872,female_feminine
16049,male_masculine
707,male_masculine
44252,female_feminine
16785,male_masculine
55887,female_feminine
47430,female_feminine
55400,female_feminine
6279,male_masculine
11978,male_masculine
39528,female_feminine
1003,male_masculine
40858,female_feminine
47645,female_feminine
42438,female_feminine
45042,female_feminine
693,male_masculine
46690,female_feminine
44837,female_feminine
46376,female_feminine
14976,male_masculine
82,male_masculine
42734,female_feminine
17659,male_masculine
11405,male_masculine
10058,male_masculine
39703,female_feminine
41768,female_feminine
43864,female_feminine
45721,female_feminine
47167,female_feminine
40583,female_feminine
45830,female_feminine
40430,female_feminine
45295,female_feminine
40961,female_feminine
18169,male_masculine
45620,female_feminine
38584,female_feminine
16942,male_masculine
43474,female_feminine
42809,female_feminine
47627,female_feminine
41565,female_feminine
9472,male_masculine
16140,male_masculine
14866,male_masculine
12048,male_masculine
9201,male_masculine
17554,male_masculine
39632,female_feminine
40692,female_feminine
55238,female_feminine
53946,female_feminine
18161,male_masculine
47013,female_feminine
39970,female_feminine
11400,male_masculine
15841,male_masculine
46356,female_feminine
12392,male_masculine
671,male_masculine
44892,female_feminine
44147,female_feminine
47183,female_feminine
17063,male_masculine
17204,male_masculine
9851,male_masculine
43131,female_feminine
42917,female_feminine
9223,male_masculine
46813,female_feminine
46554,female_feminine
40292,female_feminine
11417,male_masculine
38114,female_feminine
38684,female_feminine
7195,male_masculine
46116,female_feminine
18157,male_masculine
38679,female_feminine
41202,female_feminine
1128,male_masculine
40169,female_feminine
13001,male_masculine
18413,male_masculine
13397,male_masculine
47855,female_feminine
41449,female_feminine
45706,female_feminine
697,male_masculine
12917,male_masculine
46637,female_feminine
42604,female_feminine
50139,female_feminine
16342,male_masculine
5533,male_masculine
18521,male_masculine
7328,male_masculine
16516,male_masculine
1137,male_masculine
39065,female_feminine
42710,female_feminine
16189,male_masculine
15906,male_masculine
41066,female_feminine
7072,male_masculine
48455,female_feminine
5466,male_masculine
17713,male_masculine
42868,female_feminine
45634,female_feminine
424,male_masculine
11693,male_masculine
42359,female_feminine
6879,male_masculine
9350,male_masculine
10376,male_masculine
55383,female_feminine
14981,male_masculine
18029,male_masculine
6635,male_masculine
41928,female_feminine
11040,male_masculine
43427,female_feminine
11155,male_masculine
10661,male_masculine
16138,male_masculine
15332,male_masculine
9963,male_masculine
55657,female_feminine
6847,male_masculine
15463,male_masculine
41029,female_feminine
39578,female_feminine
6158,male_masculine
13143,male_masculine
10181,male_masculine
9673,male_masculine
10068,male_masculine
7158,male_masculine
792,male_masculine
39666,female_feminine
6544,male_masculine
11340,male_masculine
7094,male_masculine
41684,female_feminine
50213,female_feminine
40698,female_feminine
15925,male_masculine
43176,female_feminine
15478,male_masculine
43479,female_feminine
46861,female_feminine
42918,female_feminine
1456,male_masculine
18536,male_masculine
42974,female_feminine
42885,female_feminine
40555,female_feminine
16981,male_masculine
9503,male_masculine
6031,male_masculine
41113,female_feminine
55648,female_feminine
43505,female_feminine
7082,male_masculine
55503,female_feminine
38345,female_feminine
40727,female_feminine
17594,male_masculine
42600,female_feminine
42135,female_feminine
41261,female_feminine
17405,male_masculine
10748,male_masculine
10856,male_masculine
15868,male_masculine
45141,female_feminine
1127,male_masculine
14963,male_masculine
1375,male_masculine
9923,male_masculine
40653,female_feminine
44154,female_feminine
47230,female_feminine
6511,male_masculine
45983,female_feminine
10676,male_masculine
18424,male_masculine
43884,female_feminine
47285,female_feminine
40673,female_feminine
5295,male_masculine
41260,female_feminine
7032,male_masculine
44325,female_feminine
47299,female_feminine
53751,female_feminine
41397,female_feminine
254,male_masculine
55642,female_feminine
12210,male_masculine
45736,female_feminine
7390,male_masculine
47856,female_feminine
41533,female_feminine
45969,female_feminine
43668,female_feminine
43581,female_feminine
46061,female_feminine
45036,female_feminine
998,male_masculine
41876,female_feminine
42176,female_feminine
53936,female_feminine
47616,female_feminine
39900,female_feminine
39476,female_feminine
40230,female_feminine
5320,male_masculine
11968,male_masculine
10395,male_masculine
12225,male_masculine
41810,female_feminine
55375,female_feminine
10611,male_masculine
1551,male_masculine
5968,male_masculine
44861,female_feminine
17688,male_masculine
10671,male_masculine
44391,female_feminine
16702,male_masculine
55512,female_feminine
10932,male_masculine
47305,female_feminine
16661,male_masculine
6926,male_masculine
38999,female_feminine
43038,female_feminine
47015,female_feminine
16863,male_masculine
40303,female_feminine
17632,male_masculine
10576,male_masculine
17037,male_masculine
53886,female_feminine
46287,female_feminine
42343,female_feminine
39913,female_feminine
11865,male_masculine
42579,female_feminine
1598,male_masculine
18713,male_masculine
38426,female_feminine
6972,male_masculine
42483,female_feminine
55536,female_feminine
38296,female_feminine
48367,female_feminine
6087,male_masculine
43323,female_feminine
16463,male_masculine
11527,male_masculine
6071,male_masculine
47785,female_feminine
6651,male_masculine
53988,female_feminine
48403,female_feminine
42778,female_feminine
41290,female_feminine
41598,female_feminine
40719,female_feminine
39499,female_feminine
40896,female_feminine
43471,female_feminine
18474,male_masculine
55899,female_feminine
6812,male_masculine
14895,male_masculine
10997,male_masculine
43236,female_feminine
10217,male_masculine
11726,male_masculine
38670,female_feminine
46227,female_feminine
38970,female_feminine
11568,male_masculine
5708,male_masculine
6126,male_masculine
6200,male_masculine
347,male_masculine
15634,male_masculine
16536,male_masculine
13087,male_masculine
6337,male_masculine
1558,male_masculine
1601,male_masculine
44758,female_feminine
9269,male_masculine
6931,male_masculine
53706,female_feminine
46472,female_feminine
46517,female_feminine
11072,male_masculine
10682,male_masculine
47506,female_feminine
45744,female_feminine
44352,female_feminine
10354,male_masculine
43070,female_feminine
15396,male_masculine
44497,female_feminine
44963,female_feminine
13652,male_masculine
38210,female_feminine
46980,female_feminine
15105,male_masculine
45622,female_feminine
38350,female_feminine
48214,female_feminine
39103,female_feminine
460,male_masculine
7095,male_masculine
55439,female_feminine
7033,male_masculine
40443,female_feminine
46080,female_feminine
5798,male_masculine
45713,female_feminine
43707,female_feminine
17909,male_masculine
47848,female_feminine
47058,female_feminine
9347,male_masculine
18143,male_masculine
42491,female_feminine
42675,female_feminine
7350,male_masculine
15101,male_masculine
48301,female_feminine
1231,male_masculine
41614,female_feminine
9400,male_masculine
42500,female_feminine
48436,female_feminine
38104,female_feminine
986,male_masculine
5709,male_masculine
55880,female_feminine
10053,male_masculine
41816,female_feminine
16216,male_masculine
43161,female_feminine
43739,female_feminine
10571,male_masculine
15740,male_masculine
48383,female_feminine
55225,female_feminine
45188,female_feminine
45883,female_feminine
13064,male_masculine
41036,female_feminine
39384,female_feminine
43217,female_feminine
55721,female_feminine
353,male_masculine
43618,female_feminine
11460,male_masculine
42656,female_feminine
43109,female_feminine
42320,female_feminine
16776,male_masculine
16838,male_masculine
42193,female_feminine
217,male_masculine
12999,male_masculine
409,male_masculine
6644,male_masculine
42661,female_feminine
42233,female_feminine
39773,female_feminine
43732,female_feminine
5317,male_masculine
17545,male_masculine
16184,male_masculine
41287,female_feminine
55352,female_feminine
9255,male_masculine
42952,female_feminine
17641,male_masculine
45577,female_feminine
10982,male_masculine
48161,female_feminine
42046,female_feminine
15697,male_masculine
14905,male_masculine
41506,female_feminine
6578,male_masculine
40189,female_feminine
6827,male_masculine
55705,female_feminine
43951,female_feminine
16969,male_masculine
175,male_masculine
38323,female_feminine
7245,male_masculine
39588,female_feminine
15177,male_masculine
9489,male_masculine
6483,male_masculine
46229,female_feminine
16922,male_masculine
38231,female_feminine
42666,female_feminine
50166,female_feminine
39479,female_feminine
46417,female_feminine
43249,female_feminine
6063,male_masculine
5519,male_masculine
38805,female_feminine
42492,female_feminine
12275,male_masculine
38575,female_feminine
38375,female_feminine
15834,male_masculine
43590,female_feminine
11257,male_masculine
1469,male_masculine
44359,female_feminine
17054,male_masculine
16296,male_masculine
38834,female_feminine
10476,male_masculine
47793,female_feminine
55550,female_feminine
42330,female_feminine
45130,female_feminine
43764,female_feminine
44688,female_feminine
50188,female_feminine
40986,female_feminine
40222,female_feminine
38303,female_feminine
401,male_masculine
42907,female_feminine
38942,female_feminine
44516,female_feminine
18726,male_masculine
10812,male_masculine
44807,female_feminine
47475,female_feminine
38060,female_feminine
13656,male_masculine
14726,male_masculine
18675,male_masculine
18456,male_masculine
45684,female_feminine
44241,female_feminine
6894,male_masculine
53677,female_feminine
47171,female_feminine
48066,female_feminine
10952,male_masculine
11565,male_masculine
42478,female_feminine
47459,female_feminine
15863,male_masculine
10732,male_masculine
44808,female_feminine
5251,male_masculine
5878,male_masculine
1139,male_masculine
39633,female_feminine
47820,female_feminine
18455,male_masculine
38108,female_feminine
53757,female_feminine
16290,male_masculine
44566,female_feminine
6552,male_masculine
1228,male_masculine
43179,female_feminine
9534,male_masculine
45541,female_feminine
47904,female_feminine
15232,male_masculine
18467,male_masculine
12915,male_masculine
46028,female_feminine
41823,female_feminine
17296,male_masculine
18411,male_masculine
43699,female_feminine
41289,female_feminine
42363,female_feminine
39649,female_feminine
55223,female_feminine
1117,male_masculine
39190,female_feminine
39891,female_feminine
40830,female_feminine
5915,male_masculine
53740,female_feminine
13134,male_masculine
18578,male_masculine
45043,female_feminine
45492,female_feminine
18425,male_masculine
41415,female_feminine
10620,male_masculine
11877,male_masculine
44895,female_feminine
47693,female_feminine
43232,female_feminine
100,male_masculine
17512,male_masculine
11021,male_masculine
47281,female_feminine
6886,male_masculine
42463,female_feminine
55206,female_feminine
47702,female_feminine
18654,male_masculine
40135,female_feminine
18360,male_masculine
18244,male_masculine
47016,female_feminine
15852,male_masculine
5736,male_masculine
47988,female_feminine
41758,female_feminine
44651,female_feminine
43411,female_feminine
17329,male_masculine
46881,female_feminine
6265,male_masculine
16051,male_masculine
13005,male_masculine
44922,female_feminine
50155,female_feminine
41844,female_feminine
46638,female_feminine
53710,female_feminine
17109,male_masculine
42880,female_feminine
17939,male_masculine
17152,male_masculine
11704,male_masculine
17059,male_masculine
38603,female_feminine
15831,male_masculine
800,male_masculine
41121,female_feminine
41005,female_feminine
13166,male_masculine
18335,male_masculine
1119,male_masculine
9382,male_masculine
44550,female_feminine
40884,female_feminine
48140,female_feminine
17127,male_masculine
14798,male_masculine
39082,female_feminine
5458,male_masculine
1355,male_masculine
55706,female_feminine
6522,male_masculine
17650,male_masculine
15316,male_masculine
44285,female_feminine
43261,female_feminine
46392,female_feminine
11768,male_masculine
7139,male_masculine
39441,female_feminine
14889,male_masculine
43515,female_feminine
18502,male_masculine
46309,female_feminine
9401,male_masculine
9584,male_masculine
10637,male_masculine
50293,female_feminine
45932,female_feminine
15587,male_masculine
38646,female_feminine
16457,male_masculine
40006,female_feminine
45550,female_feminine
55689,female_feminine
1602,male_masculine
38775,female_feminine
43248,female_feminine
9574,male_masculine
41224,female_feminine
10862,male_masculine
43461,female_feminine
11709,male_masculine
45113,female_feminine
6989,male_masculine
45784,female_feminine
14846,male_masculine
13722,male_masculine
1934,male_masculine
53857,female_feminine
17915,male_masculine
48286,female_feminine
47781,female_feminine
40897,female_feminine
1258,male_masculine
13096,male_masculine
47273,female_feminine
1503,male_masculine
11934,male_masculine
17073,male_masculine
44812,female_feminine
3583,male_masculine
18660,male_masculine
41335,female_feminine
45084,female_feminine
18449,male_masculine
527,male_masculine
42444,female_feminine
12258,male_masculine
40150,female_feminine
40171,female_feminine
5431,male_masculine
39839,female_feminine
44427,female_feminine
48268,female_feminine
44101,female_feminine
42672,female_feminine
44901,female_feminine
47476,female_feminine
16819,male_masculine
38318,female_feminine
15957,male_masculine
44917,female_feminine
48156,female_feminine
16953,male_masculine
13300,male_masculine
48242,female_feminine
42788,female_feminine
18394,male_masculine
15869,male_masculine
17021,male_masculine
5830,male_masculine
41217,female_feminine
5275,male_masculine
47632,female_feminine
40610,female_feminine
6393,male_masculine
12075,male_masculine
45536,female_feminine
47822,female_feminine
9278,male_masculine
14927,male_masculine
14838,male_masculine
48463,female_feminine
46038,female_feminine
47578,female_feminine
9226,male_masculine
46664,female_feminine
6479,male_masculine
39732,female_feminine
13115,male_masculine
16644,male_masculine
16084,male_masculine
9667,male_masculine
10414,male_masculine
44381,female_feminine
5610,male_masculine
468,male_masculine
55964,female_feminine
40158,female_feminine
40506,female_feminine
5382,male_masculine
39868,female_feminine
55583,female_feminine
18511,male_masculine
11170,male_masculine
46431,female_feminine
41385,female_feminine
16424,male_masculine
44326,female_feminine
17474,male_masculine
466,male_masculine
1347,male_masculine
45940,female_feminine
1482,male_masculine
45012,female_feminine
39027,female_feminine
1497,male_masculine
6029,male_masculine
15445,male_masculine
1609,male_masculine
39433,female_feminine
38988,female_feminine
38703,female_feminine
16211,male_masculine
47413,female_feminine
43281,female_feminine
41160,female_feminine
15156,male_masculine
38429,female_feminine
17382,male_masculine
509,male_masculine
45523,female_feminine
45642,female_feminine
7194,male_masculine
47552,female_feminine
55329,female_feminine
10746,male_masculine
48114,female_feminine
38182,female_feminine
40113,female_feminine
43339,female_feminine
11196,male_masculine
53554,female_feminine
45748,female_feminine
5535,male_masculine
18334,male_masculine
47064,female_feminine
107,male_masculine
45929,female_feminine
16256,male_masculine
17326,male_masculine
10399,male_masculine
44588,female_feminine
42916,female_feminine
43775,female_feminine
45002,female_feminine
44280,female_feminine
46266,female_feminine
45464,female_feminine
42655,female_feminine
55985,female_feminine
10154,male_masculine
48402,female_feminine
10542,male_masculine
18661,male_masculine
6131,male_masculine
6624,male_masculine
842,male_masculine
47457,female_feminine
41850,female_feminine
18468,male_masculine
18100,male_masculine
15019,male_masculine
13170,male_masculine
46311,female_feminine
79,male_masculine
47310,female_feminine
39845,female_feminine
13361,male_masculine
42194,female_feminine
713,male_masculine
42081,female_feminine
40319,female_feminine
10302,male_masculine
13058,male_masculine
55071,female_feminine
41656,female_feminine
6074,male_masculine
39710,female_feminine
6853,male_masculine
47593,female_feminine
11181,male_masculine
42823,female_feminine
41046,female_feminine
14766,male_masculine
40754,female_feminine
11835,male_masculine
47215,female_feminine
44093,female_feminine
55622,female_feminine
11574,male_masculine
10566,male_masculine
890,male_masculine
40048,female_feminine
55172,female_feminine
38567,female_feminine
597,male_masculine
40378,female_feminine
38020,female_feminine
16246,male_masculine
6215,male_masculine
44857,female_feminine
10468,male_masculine
45047,female_feminine
11126,male_masculine
41069,female_feminine
12008,male_masculine
6652,male_masculine
9771,male_masculine
15306,male_masculine
11033,male_masculine
45673,female_feminine
50234,female_feminine
39461,female_feminine
46952,female_feminine
11725,male_masculine
42752,female_feminine
6527,male_masculine
144,male_masculine
1392,male_masculine
15451,male_masculine
42061,female_feminine
55063,female_feminine
9982,male_masculine
47513,female_feminine
1556,male_masculine
44920,female_feminine
6461,male_masculine
45225,female_feminine
9743,male_masculine
11563,male_masculine
42595,female_feminine
40302,female_feminine
42770,female_feminine
41294,female_feminine
55066,female_feminine
9266,male_masculine
12200,male_masculine
47845,female_feminine
40840,female_feminine
17499,male_masculine
43382,female_feminine
39396,female_feminine
43574,female_feminine
11375,male_masculine
45264,female_feminine
1517,male_masculine
6602,male_masculine
43313,female_feminine
949,male_masculine
5756,male_masculine
40629,female_feminine
7366,male_masculine
415,male_masculine
15806,male_masculine
10076,male_masculine
55826,female_feminine
40766,female_feminine
41268,female_feminine
15063,male_masculine
41906,female_feminine
16319,male_masculine
1531,male_masculine
39598,female_feminine
45142,female_feminine
43721,female_feminine
6322,male_masculine
13121,male_masculine
9311,male_masculine
9471,male_masculine
46243,female_feminine
699,male_masculine
41473,female_feminine
55610,female_feminine
45506,female_feminine
47907,female_feminine
38666,female_feminine
45315,female_feminine
6478,male_masculine
38126,female_feminine
46655,female_feminine
17977,male_masculine
42356,female_feminine
5510,male_masculine
11098,male_masculine
6565,male_masculine
44160,female_feminine
41856,female_feminine
53823,female_feminine
17026,male_masculine
45781,female_feminine
13507,male_masculine
5807,male_masculine
16363,male_masculine
1087,male_masculine
53667,female_feminine
46456,female_feminine
15724,male_masculine
45062,female_feminine
47186,female_feminine
13662,male_masculine
15395,male_masculine
5832,male_masculine
15470,male_masculine
16369,male_masculine
43795,female_feminine
1518,male_masculine
10260,male_masculine
13669,male_masculine
50298,female_feminine
41842,female_feminine
41145,female_feminine
45099,female_feminine
10226,male_masculine
1350,male_masculine
39089,female_feminine
6062,male_masculine
43387,female_feminine
12239,male_masculine
54126,female_feminine
13628,male_masculine
17629,male_masculine
44759,female_feminine
44058,female_feminine
18233,male_masculine
11996,male_masculine
43347,female_feminine
41532,female_feminine
6005,male_masculine
10695,male_masculine
11852,male_masculine
5543,male_masculine
44896,female_feminine
43616,female_feminine
45557,female_feminine
9532,male_masculine
12325,male_masculine
859,male_masculine
15309,male_masculine
50256,female_feminine
9726,male_masculine
11832,male_masculine
39399,female_feminine
46404,female_feminine
45558,female_feminine
16381,male_masculine
46700,female_feminine
5376,male_masculine
45272,female_feminine
45896,female_feminine
17278,male_masculine
45775,female_feminine
6300,male_masculine
47957,female_feminine
14917,male_masculine
41668,female_feminine
6841,male_masculine
11074,male_masculine
43051,female_feminine
17216,male_masculine
10656,male_masculine
43214,female_feminine
54111,female_feminine
219,male_masculine
9706,male_masculine
45891,female_feminine
9615,male_masculine
13052,male_masculine
7103,male_masculine
17139,male_masculine
13696,male_masculine
12217,male_masculine
197,male_masculine
9344,male_masculine
39099,female_feminine
53996,female_feminine
38368,female_feminine
38473,female_feminine
16937,male_masculine
11293,male_masculine
40855,female_feminine
15285,male_masculine
45325,female_feminine
39543,female_feminine
43212,female_feminine
12197,male_masculine
9857,male_masculine
43100,female_feminine
13162,male_masculine
589,male_masculine
10310,male_masculine
55427,female_feminine
44133,female_feminine
38018,female_feminine
1175,male_masculine
17060,male_masculine
17227,male_masculine
46167,female_feminine
55725,female_feminine
43516,female_feminine
5662,male_masculine
44129,female_feminine
16549,male_masculine
18368,male_masculine
12030,male_masculine
55368,female_feminine
40223,female_feminine
5330,male_masculine
45305,female_feminine
11541,male_masculine
43391,female_feminine
44679,female_feminine
45121,female_feminine
940,male_masculine
376,male_masculine
18026,male_masculine
6202,male_masculine
53802,female_feminine
52191,female_feminine
702,male_masculine
41443,female_feminine
15600,male_masculine
5203,male_masculine
40686,female_feminine
13282,male_masculine
41534,female_feminine
44481,female_feminine
42034,female_feminine
53928,female_feminine
45519,female_feminine
43268,female_feminine
47408,female_feminine
9978,male_masculine
39539,female_feminine
43290,female_feminine
10275,male_masculine
43798,female_feminine
45423,female_feminine
13199,male_masculine
1186,male_masculine
7090,male_masculine
55121,female_feminine
6921,male_masculine
38348,female_feminine
41624,female_feminine
1351,male_masculine
39366,female_feminine
41713,female_feminine
7373,male_masculine
42538,female_feminine
5631,male_masculine
10312,male_masculine
15435,male_masculine
13272,male_masculine
10173,male_masculine
38688,female_feminine
43399,female_feminine
45221,female_feminine
46362,female_feminine
55304,female_feminine
45977,female_feminine
41277,female_feminine
10514,male_masculine
40305,female_feminine
15678,male_masculine
10686,male_masculine
39885,female_feminine
39248,female_feminine
1264,male_masculine
5447,male_masculine
6492,male_masculine
55768,female_feminine
12084,male_masculine
18183,male_masculine
40380,female_feminine
7302,male_masculine
15253,male_masculine
40374,female_feminine
1135,male_masculine
43056,female_feminine
16133,male_masculine
45553,female_feminine
42124,female_feminine
11788,male_masculine
15182,male_masculine
110,male_masculine
3574,male_masculine
16704,male_masculine
16614,male_masculine
7134,male_masculine
12396,male_masculine
9739,male_masculine
38881,female_feminine
47265,female_feminine
11721,male_masculine
38736,female_feminine
3581,male_masculine
10541,male_masculine
7023,male_masculine
38442,female_feminine
38838,female_feminine
12349,male_masculine
47935,female_feminine
17414,male_masculine
53749,female_feminine
16255,male_masculine
341,male_masculine
55733,female_feminine
1266,male_masculine
12199,male_masculine
5993,male_masculine
1357,male_masculine
42138,female_feminine
50193,female_feminine
48062,female_feminine
42954,female_feminine
44751,female_feminine
41317,female_feminine
42842,female_feminine
5554,male_masculine
39214,female_feminine
18707,male_masculine
5513,male_masculine
17445,male_masculine
47223,female_feminine
11681,male_masculine
10610,male_masculine
38449,female_feminine
41843,female_feminine
612,male_masculine
15166,male_masculine
55534,female_feminine
9567,male_masculine
13663,male_masculine
17173,male_masculine
7046,male_masculine
46658,female_feminine
46312,female_feminine
16196,male_masculine
39972,female_feminine
12401,male_masculine
1068,male_masculine
18414,male_masculine
17279,male_masculine
5336,male_masculine
41441,female_feminine
44066,female_feminine
12267,male_masculine
5870,male_masculine
1102,male_masculine
50217,female_feminine
13092,male_masculine
9896,male_masculine
46934,female_feminine
10612,male_masculine
47778,female_feminine
11950,male_masculine
44521,female_feminine
45389,female_feminine
44040,female_feminine
5287,male_masculine
6634,male_masculine
17710,male_masculine
45757,female_feminine
18090,male_masculine
13666,male_masculine
1422,male_masculine
17430,male_masculine
716,male_masculine
16739,male_masculine
9623,male_masculine
10253,male_masculine
10688,male_masculine
5646,male_masculine
10281,male_masculine
103,male_masculine
42291,female_feminine
5802,male_masculine
41635,female_feminine
18586,male_masculine
38209,female_feminine
7014,male_masculine
13077,male_masculine
11522,male_masculine
17517,male_masculine
9591,male_masculine
38048,female_feminine
39685,female_feminine
50296,female_feminine
5426,male_masculine
11687,male_masculine
47569,female_feminine
1949,male_masculine
44982,female_feminine
17787,male_masculine
6392,male_masculine
42884,female_feminine
17250,male_masculine
45792,female_feminine
42546,female_feminine
12968,male_masculine
906,male_masculine
43019,female_feminine
18285,male_masculine
39075,female_feminine
43974,female_feminine
47393,female_feminine
45630,female_feminine
9665,male_masculine
517,male_masculine
13266,male_masculine
45242,female_feminine
10062,male_masculine
46471,female_feminine
16952,male_masculine
1476,male_masculine
45294,female_feminine
44957,female_feminine
16251,male_masculine
53586,female_feminine
5284,male_masculine
39395,female_feminine
44845,female_feminine
54083,female_feminine
15704,male_masculine
42047,female_feminine
47973,female_feminine
13310,male_masculine
47414,female_feminine
10881,male_masculine
43510,female_feminine
6550,male_masculine
10348,male_masculine
46164,female_feminine
38971,female_feminine
41266,female_feminine
17462,male_masculine
40346,female_feminine
40770,female_feminine
337,male_masculine
17663,male_masculine
43774,female_feminine
1379,male_masculine
6722,male_masculine
41509,female_feminine
40993,female_feminine
42923,female_feminine
45605,female_feminine
15047,male_masculine
55135,female_feminine
42665,female_feminine
7026,male_masculine
5804,male_masculine
38923,female_feminine
11151,male_masculine
18367,male_masculine
47241,female_feminine
45462,female_feminine
43855,female_feminine
1125,male_masculine
15142,male_masculine
14867,male_masculine
42426,female_feminine
42231,female_feminine
17956,male_masculine
5354,male_masculine
12079,male_masculine
3577,male_masculine
41720,female_feminine
18289,male_masculine
40688,female_feminine
5240,male_masculine
1225,male_masculine
43787,female_feminine
46179,female_feminine
16043,male_masculine
443,male_masculine
50261,female_feminine
47255,female_feminine
41445,female_feminine
47348,female_feminine
5911,male_masculine
38042,female_feminine
40750,female_feminine
45893,female_feminine
6590,male_masculine
46479,female_feminine
52174,female_feminine
50276,female_feminine
18132,male_masculine
45828,female_feminine
43074,female_feminine
13281,male_masculine
11063,male_masculine
42682,female_feminine
16592,male_masculine
47434,female_feminine
53585,female_feminine
5451,male_masculine
38747,female_feminine
45971,female_feminine
38151,female_feminine
13214,male_masculine
6592,male_masculine
18373,male_masculine
11795,male_masculine
48458,female_feminine
13319,male_masculine
6494,male_masculine
5978,male_masculine
14760,male_masculine
5261,male_masculine
15929,male_masculine
10963,male_masculine
6753,male_masculine
47622,female_feminine
10471,male_masculine
15108,male_masculine
39165,female_feminine
14808,male_masculine
44912,female_feminine
48055,female_feminine
16637,male_masculine
15642,male_masculine
53783,female_feminine
39112,female_feminine
13419,male_masculine
787,male_masculine
40431,female_feminine
55141,female_feminine
16168,male_masculine
53770,female_feminine
20122,female_feminine
40746,female_feminine
41877,female_feminine
48130,female_feminine
6477,male_masculine
724,male_masculine
39897,female_feminine
41772,female_feminine
43603,female_feminine
9281,male_masculine
43390,female_feminine
12064,male_masculine
16905,male_masculine
42212,female_feminine
47827,female_feminine
41255,female_feminine
39559,female_feminine
50315,female_feminine
1021,male_masculine
44042,female_feminine
17792,male_masculine
46795,female_feminine
15922,male_masculine
16271,male_masculine
17924,male_masculine
6229,male_masculine
38835,female_feminine
39362,female_feminine
40952,female_feminine
18382,male_masculine
40364,female_feminine
1305,male_masculine
47734,female_feminine
16573,male_masculine
9368,male_masculine
53934,female_feminine
47964,female_feminine
43112,female_feminine
47900,female_feminine
47176,female_feminine
55665,female_feminine
10063,male_masculine
17593,male_masculine
45606,female_feminine
17667,male_masculine
46310,female_feminine
45800,female_feminine
47094,female_feminine
43540,female_feminine
994,male_masculine
45265,female_feminine
41314,female_feminine
53598,female_feminine
6214,male_masculine
48426,female_feminine
41281,female_feminine
46518,female_feminine
41130,female_feminine
118,male_masculine
1613,male_masculine
39333,female_feminine
9604,male_masculine
7333,male_masculine
40369,female_feminine
46564,female_feminine
301,male_masculine
1164,male_masculine
46436,female_feminine
55046,female_feminine
10974,male_masculine
50274,female_feminine
39185,female_feminine
13755,male_masculine
39269,female_feminine
9434,male_masculine
15864,male_masculine
10071,male_masculine
18496,male_masculine
13438,male_masculine
7318,male_masculine
40579,female_feminine
47792,female_feminine
42202,female_feminine
53664,female_feminine
55513,female_feminine
9389,male_masculine
55619,female_feminine
6070,male_masculine
16338,male_masculine
11809,male_masculine
11886,male_masculine
38918,female_feminine
38227,female_feminine
15978,male_masculine
585,male_masculine
5237,male_masculine
38607,female_feminine
38389,female_feminine
47664,female_feminine
45244,female_feminine
10145,male_masculine
39330,female_feminine
18745,male_masculine
6255,male_masculine
40263,female_feminine
7367,male_masculine
43071,female_feminine
261,male_masculine
53994,female_feminine
43578,female_feminine
47477,female_feminine
48390,female_feminine
41704,female_feminine
15759,male_masculine
6751,male_masculine
39775,female_feminine
9832,male_masculine
39816,female_feminine
42668,female_feminine
17883,male_masculine
7013,male_masculine
44590,female_feminine
1475,male_masculine
162,male_masculine
392,male_masculine
13497,male_masculine
15560,male_masculine
44640,female_feminine
44850,female_feminine
43014,female_feminine
46963,female_feminine
45377,female_feminine
42337,female_feminine
10708,male_masculine
5768,male_masculine
40919,female_feminine
7271,male_masculine
46002,female_feminine
17258,male_masculine
45072,female_feminine
41101,female_feminine
17029,male_masculine
47744,female_feminine
43301,female_feminine
9515,male_masculine
15218,male_masculine
9437,male_masculine
18442,male_masculine
44480,female_feminine
41898,female_feminine
16758,male_masculine
46366,female_feminine
10336,male_masculine
47456,female_feminine
5428,male_masculine
11813,male_masculine
17330,male_masculine
9518,male_masculine
46439,female_feminine
7022,male_masculine
7385,male_masculine
41538,female_feminine
46055,female_feminine
46950,female_feminine
40079,female_feminine
16676,male_masculine
794,male_masculine
9992,male_masculine
14932,male_masculine
15939,male_masculine
16775,male_masculine
43097,female_feminine
41639,female_feminine
16854,male_masculine
5603,male_masculine
17931,male_masculine
13246,male_masculine
13222,male_masculine
42820,female_feminine
10848,male_masculine
10445,male_masculine
39084,female_feminine
16092,male_masculine
41359,female_feminine
18683,male_masculine
43907,female_feminine
18142,male_masculine
10224,male_masculine
40221,female_feminine
48307,female_feminine
46046,female_feminine
17831,male_masculine
7254,male_masculine
6509,male_masculine
404,male_masculine
53845,female_feminine
7260,male_masculine
48083,female_feminine
44251,female_feminine
50269,female_feminine
43468,female_feminine
45724,female_feminine
15038,male_masculine
38944,female_feminine
18048,male_masculine
9208,male_masculine
6350,male_masculine
16836,male_masculine
17284,male_masculine
44707,female_feminine
6907,male_masculine
13412,male_masculine
38246,female_feminine
7029,male_masculine
17262,male_masculine
42936,female_feminine
47127,female_feminine
1940,male_masculine
41905,female_feminine
933,male_masculine
40271,female_feminine
40392,female_feminine
43451,female_feminine
40942,female_feminine
55381,female_feminine
13409,male_masculine
14938,male_masculine
13330,male_masculine
14864,male_masculine
46095,female_feminine
46078,female_feminine
41555,female_feminine
44859,female_feminine
38981,female_feminine
55671,female_feminine
44006,female_feminine
39569,female_feminine
17837,male_masculine
5246,male_masculine
12160,male_masculine
41730,female_feminine
42219,female_feminine
48471,female_feminine
16958,male_masculine
16534,male_masculine
48025,female_feminine
5362,male_masculine
55384,female_feminine
43425,female_feminine
47093,female_feminine
47082,female_feminine
45483,female_feminine
17158,male_masculine
7140,male_masculine
53789,female_feminine
13018,male_masculine
43777,female_feminine
43277,female_feminine
16404,male_masculine
396,male_masculine
10356,male_masculine
878,male_masculine
12980,male_masculine
47038,female_feminine
39639,female_feminine
44413,female_feminine
43104,female_feminine
43507,female_feminine
18073,male_masculine
16326,male_masculine
15619,male_masculine
16783,male_masculine
1484,male_masculine
44234,female_feminine
46883,female_feminine
111,male_masculine
9875,male_masculine
15011,male_masculine
15068,male_masculine
15315,male_masculine
38097,female_feminine
43835,female_feminine
1604,male_masculine
45057,female_feminine
11732,male_masculine
11124,male_masculine
9258,male_masculine
44057,female_feminine
16982,male_masculine
53856,female_feminine
15359,male_masculine
38142,female_feminine
12347,male_masculine
44169,female_feminine
40157,female_feminine
15230,male_masculine
15920,male_masculine
46239,female_feminine
5766,male_masculine
45628,female_feminine
47860,female_feminine
43342,female_feminine
515,male_masculine
11848,male_masculine
41503,female_feminine
42543,female_feminine
44013,female_feminine
53819,female_feminine
7185,male_masculine
50184,female_feminine
48216,female_feminine
46891,female_feminine
18693,male_masculine
5851,male_masculine
10156,male_masculine
55230,female_feminine
38969,female_feminine
55185,female_feminine
17046,male_masculine
42963,female_feminine
11268,male_masculine
55962,female_feminine
5979,male_masculine
52171,female_feminine
15564,male_masculine
15756,male_masculine
45177,female_feminine
48344,female_feminine
17600,male_masculine
45826,female_feminine
53888,female_feminine
40786,female_feminine
40677,female_feminine
39227,female_feminine
1512,male_masculine
13396,male_masculine
17307,male_masculine
17843,male_masculine
5645,male_masculine
44318,female_feminine
5540,male_masculine
46636,female_feminine
11429,male_masculine
13355,male_masculine
43078,female_feminine
11705,male_masculine
42346,female_feminine
55891,female_feminine
40925,female_feminine
5635,male_masculine
6744,male_masculine
54118,female_feminine
41207,female_feminine
15625,male_masculine
50189,female_feminine
558,male_masculine
18677,male_masculine
46012,female_feminine
40213,female_feminine
16865,male_masculine
42859,female_feminine
55592,female_feminine
541,male_masculine
11387,male_masculine
374,male_masculine
6566,male_masculine
43597,female_feminine
55308,female_feminine
41612,female_feminine
10655,male_masculine
17602,male_masculine
3546,male_masculine
43686,female_feminine
46170,female_feminine
5735,male_masculine
11118,male_masculine
38932,female_feminine
42832,female_feminine
16204,male_masculine
17226,male_masculine
13037,male_masculine
43018,female_feminine
17407,male_masculine
6059,male_masculine
9981,male_masculine
17891,male_masculine
7018,male_masculine
47355,female_feminine
53702,female_feminine
43110,female_feminine
10653,male_masculine
6984,male_masculine
10083,male_masculine
48178,female_feminine
40586,female_feminine
40678,female_feminine
45759,female_feminine
15377,male_masculine
14857,male_masculine
39085,female_feminine
1380,male_masculine
134,male_masculine
1612,male_masculine
46978,female_feminine
1505,male_masculine
55283,female_feminine
11516,male_masculine
39218,female_feminine
5377,male_masculine
17256,male_masculine
39143,female_feminine
1501,male_masculine
55703,female_feminine
11905,male_masculine
44403,female_feminine
11286,male_masculine
38211,female_feminine
13443,male_masculine
13618,male_masculine
47833,female_feminine
47890,female_feminine
47529,female_feminine
5582,male_masculine
47236,female_feminine
9756,male_masculine
855,male_masculine
9556,male_masculine
17267,male_masculine
15916,male_masculine
43190,female_feminine
43975,female_feminine
10605,male_masculine
44760,female_feminine
7342,male_masculine
18027,male_masculine
18731,male_masculine
53883,female_feminine
16624,male_masculine
17718,male_masculine
16826,male_masculine
39196,female_feminine
48385,female_feminine
18580,male_masculine
43981,female_feminine
38435,female_feminine
39955,female_feminine
16297,male_masculine
840,male_masculine
39568,female_feminine
6024,male_masculine
41757,female_feminine
9924,male_masculine
41095,female_feminine
9964,male_masculine
12309,male_masculine
1238,male_masculine
16790,male_masculine
18079,male_masculine
45805,female_feminine
15053,male_masculine
18701,male_masculine
55629,female_feminine
42141,female_feminine
47291,female_feminine
5454,male_masculine
1346,male_masculine
40219,female_feminine
41402,female_feminine
39394,female_feminine
11948,male_masculine
43664,female_feminine
10547,male_masculine
45887,female_feminine
15393,male_masculine
40091,female_feminine
47192,female_feminine
55528,female_feminine
45545,female_feminine
45715,female_feminine
43646,female_feminine
150,male_masculine
14986,male_masculine
46024,female_feminine
9247,male_masculine
15770,male_masculine
44506,female_feminine
11188,male_masculine
15924,male_masculine
52170,female_feminine
13198,male_masculine
45202,female_feminine
55198,female_feminine
10056,male_masculine
47903,female_feminine
38384,female_feminine
10951,male_masculine
43612,female_feminine
9841,male_masculine
12997,male_masculine
18493,male_masculine
41930,female_feminine
43057,female_feminine
48321,female_feminine
5661,male_masculine
38664,female_feminine
42756,female_feminine
48399,female_feminine
5586,male_masculine
46067,female_feminine
42940,female_feminine
18358,male_masculine
46193,female_feminine
40602,female_feminine
13437,male_masculine
16432,male_masculine
13734,male_masculine
17823,male_masculine
16493,male_masculine
45653,female_feminine
18625,male_masculine
39822,female_feminine
45310,female_feminine
1000,male_masculine
46264,female_feminine
41381,female_feminine
47078,female_feminine
47546,female_feminine
11514,male_masculine
47270,female_feminine
46200,female_feminine
41696,female_feminine
11703,male_masculine
41408,female_feminine
44629,female_feminine
44136,female_feminine
50300,female_feminine
52180,female_feminine
40710,female_feminine
18180,male_masculine
6837,male_masculine
16611,male_masculine
42879,female_feminine
11192,male_masculine
44259,female_feminine
11682,male_masculine
13239,male_masculine
6225,male_masculine
12335,male_masculine
15476,male_masculine
43142,female_feminine
39040,female_feminine
5278,male_masculine
48068,female_feminine
11335,male_masculine
17935,male_masculine
11858,male_masculine
17885,male_masculine
12967,male_masculine
11347,male_masculine
55435,female_feminine
17824,male_masculine
16232,male_masculine
15392,male_masculine
43353,female_feminine
45840,female_feminine
9915,male_masculine
41674,female_feminine
11572,male_masculine
13703,male_masculine
41257,female_feminine
240,male_masculine
11686,male_masculine
17901,male_masculine
1335,male_masculine
354,male_masculine
13615,male_masculine
16146,male_masculine
18217,male_masculine
16164,male_masculine
41817,female_feminine
16558,male_masculine
47605,female_feminine
46435,female_feminine
38826,female_feminine
46175,female_feminine
12289,male_masculine
5623,male_masculine
39387,female_feminine
7065,male_masculine
38374,female_feminine
55084,female_feminine
6058,male_masculine
40068,female_feminine
46445,female_feminine
44586,female_feminine
959,male_masculine
6464,male_masculine
55584,female_feminine
11117,male_masculine
48260,female_feminine
11099,male_masculine
53889,female_feminine
47486,female_feminine
838,male_masculine
38258,female_feminine
45463,female_feminine
46635,female_feminine
12279,male_masculine
11185,male_masculine
7275,male_masculine
44301,female_feminine
46911,female_feminine
15520,male_masculine
13237,male_masculine
814,male_masculine
45671,female_feminine
44197,female_feminine
199,male_masculine
3551,male_masculine
16435,male_masculine
17141,male_masculine
17880,male_masculine
11458,male_masculine
38766,female_feminine
53693,female_feminine
42777,female_feminine
5282,male_masculine
13475,male_masculine
39321,female_feminine
15812,male_masculine
47257,female_feminine
47164,female_feminine
10574,male_masculine
40266,female_feminine
40705,female_feminine
45783,female_feminine
6088,male_masculine
10740,male_masculine
6017,male_masculine
44221,female_feminine
41008,female_feminine
43993,female_feminine
13752,male_masculine
38519,female_feminine
44502,female_feminine
48010,female_feminine
46871,female_feminine
13530,male_masculine
6324,male_masculine
14828,male_masculine
39901,female_feminine
9935,male_masculine
38305,female_feminine
47624,female_feminine
42758,female_feminine
5341,male_masculine
10282,male_masculine
12190,male_masculine
44043,female_feminine
16986,male_masculine
1069,male_masculine
2,male_masculine
15363,male_masculine
42064,female_feminine
426,male_masculine
42443,female_feminine
1073,male_masculine
6291,male_masculine
17742,male_masculine
1370,male_masculine
39490,female_feminine
48267,female_feminine
55097,female_feminine
7080,male_masculine
6262,male_masculine
15964,male_masculine
41886,female_feminine
46241,female_feminine
16675,male_masculine
42540,female_feminine
43230,female_feminine
16993,male_masculine
40267,female_feminine
46945,female_feminine
39940,female_feminine
45905,female_feminine
9227,male_masculine
39364,female_feminine
16525,male_masculine
46253,female_feminine
15608,male_masculine
45090,female_feminine
50177,female_feminine
9843,male_masculine
10147,male_masculine
11115,male_masculine
11047,male_masculine
244,male_masculine
46542,female_feminine
16657,male_masculine
6759,male_masculine
40201,female_feminine
48018,female_feminine
43589,female_feminine
18050,male_masculine
11320,male_masculine
43904,female_feminine
41191,female_feminine
47650,female_feminine
46852,female_feminine
13247,male_masculine
42273,female_feminine
12152,male_masculine
54123,female_feminine
10573,male_masculine
11502,male_masculine
55523,female_feminine
6238,male_masculine
44834,female_feminine
41709,female_feminine
45336,female_feminine
9455,male_masculine
12359,male_masculine
44973,female_feminine
44669,female_feminine
18344,male_masculine
5652,male_masculine
38857,female_feminine
39010,female_feminine
10960,male_masculine
6193,male_masculine
42680,female_feminine
17005,male_masculine
38277,female_feminine
40100,female_feminine
47588,female_feminine
10809,male_masculine
11531,male_masculine
16957,male_masculine
55674,female_feminine
44141,female_feminine
16837,male_masculine
17366,male_masculine
10807,male_masculine
43264,female_feminine
12970,male_masculine
17386,male_masculine
6883,male_masculine
55420,female_feminine
775,male_masculine
10969,male_masculine
10415,male_masculine
825,male_masculine
43828,female_feminine
861,male_masculine
39582,female_feminine
16098,male_masculine
18598,male_masculine
45609,female_feminine
47500,female_feminine
43928,female_feminine
9473,male_masculine
11238,male_masculine
10243,male_masculine
46740,female_feminine
39205,female_feminine
48165,female_feminine
48187,female_feminine
5268,male_masculine
5724,male_masculine
11750,male_masculine
672,male_masculine
38515,female_feminine
55843,female_feminine
15035,male_masculine
38978,female_feminine
16187,male_masculine
13655,male_masculine
924,male_masculine
15849,male_masculine
419,male_masculine
38398,female_feminine
41889,female_feminine
42648,female_feminine
6698,male_masculine
40494,female_feminine
46223,female_feminine
50333,female_feminine
39654,female_feminine
45502,female_feminine
39660,female_feminine
42944,female_feminine
55445,female_feminine
17764,male_masculine
44695,female_feminine
53728,female_feminine
39551,female_feminine
11754,male_masculine
9722,male_masculine
41550,female_feminine
52188,female_feminine
7172,male_masculine
53562,female_feminine
47662,female_feminine
45915,female_feminine
210,male_masculine
6444,male_masculine
11412,male_masculine
10290,male_masculine
55312,female_feminine
41673,female_feminine
43872,female_feminine
12208,male_masculine
18085,male_masculine
17043,male_masculine
11370,male_masculine
39853,female_feminine
18582,male_masculine
40404,female_feminine
47654,female_feminine
40730,female_feminine
7316,male_masculine
44387,female_feminine
38583,female_feminine
5730,male_masculine
39444,female_feminine
11621,male_masculine
6231,male_masculine
44678,female_feminine
44925,female_feminine
47097,female_feminine
7280,male_masculine
44671,female_feminine
16279,male_masculine
46369,female_feminine
39013,female_feminine
9182,male_masculine
13767,male_masculine
55170,female_feminine
40031,female_feminine
5497,male_masculine
41699,female_feminine
11501,male_masculine
48146,female_feminine
39695,female_feminine
9664,male_masculine
18339,male_masculine
13716,male_masculine
9213,male_masculine
15335,male_masculine
39146,female_feminine
6091,male_masculine
12097,male_masculine
54101,female_feminine
47435,female_feminine
7191,male_masculine
44908,female_feminine
39846,female_feminine
45827,female_feminine
43332,female_feminine
39411,female_feminine
10315,male_masculine
40760,female_feminine
43341,female_feminine
85,male_masculine
38162,female_feminine
44883,female_feminine
13200,male_masculine
17174,male_masculine
53750,female_feminine
16269,male_masculine
46873,female_feminine
55083,female_feminine
15277,male_masculine
296,male_masculine
16784,male_masculine
6887,male_masculine
11552,male_masculine
16439,male_masculine
42646,female_feminine
15589,male_masculine
16845,male_masculine
42180,female_feminine
45623,female_feminine
45287,female_feminine
44146,female_feminine
7087,male_masculine
47061,female_feminine
40362,female_feminine
10465,male_masculine
12334,male_masculine
11187,male_masculine
11966,male_masculine
17271,male_masculine
6802,male_masculine
38693,female_feminine
1506,male_masculine
15646,male_masculine
11551,male_masculine
38219,female_feminine
15853,male_masculine
17180,male_masculine
1401,male_masculine
10667,male_masculine
10902,male_masculine
47385,female_feminine
10769,male_masculine
17510,male_masculine
41405,female_feminine
1577,male_masculine
39825,female_feminine
15032,male_masculine
46790,female_feminine
42519,female_feminine
41433,female_feminine
46136,female_feminine
16142,male_masculine
15390,male_masculine
16042,male_masculine
10775,male_masculine
42732,female_feminine
42906,female_feminine
44015,female_feminine
5622,male_masculine
53683,female_feminine
15015,male_masculine
43691,female_feminine
38269,female_feminine
13747,male_masculine
18519,male_masculine
15747,male_masculine
41702,female_feminine
6288,male_masculine
43421,female_feminine
53816,female_feminine
55392,female_feminine
1099,male_masculine
39309,female_feminine
45547,female_feminine
53574,female_feminine
44390,female_feminine
40664,female_feminine
38740,female_feminine
12982,male_masculine
11433,male_masculine
15534,male_masculine
9513,male_masculine
13047,male_masculine
17205,male_masculine
6061,male_masculine
15170,male_masculine
18643,male_masculine
15661,male_masculine
1229,male_masculine
38297,female_feminine
43622,female_feminine
46289,female_feminine
55458,female_feminine
38192,female_feminine
12326,male_masculine
45066,female_feminine
948,male_masculine
44426,female_feminine
38973,female_feminine
45917,female_feminine
11311,male_masculine
14861,male_masculine
11652,male_masculine
1246,male_masculine
45437,female_feminine
42742,female_feminine
44950,female_feminine
15474,male_masculine
10379,male_masculine
38894,female_feminine
5421,male_masculine
44687,female_feminine
15787,male_masculine
5304,male_masculine
14949,male_masculine
6117,male_masculine
13387,male_masculine
12036,male_masculine
41031,female_feminine
41962,female_feminine
16448,male_masculine
40505,female_feminine
46843,female_feminine
50216,female_feminine
44345,female_feminine
17938,male_masculine
38181,female_feminine
11410,male_masculine
17774,male_masculine
45476,female_feminine
16409,male_masculine
45284,female_feminine
50327,female_feminine
1504,male_masculine
46236,female_feminine
15901,male_masculine
53705,female_feminine
47913,female_feminine
38548,female_feminine
38789,female_feminine
11984,male_masculine
754,male_masculine
16301,male_masculine
15596,male_masculine
44708,female_feminine
55811,female_feminine
44784,female_feminine
10240,male_masculine
13094,male_masculine
47724,female_feminine
16650,male_masculine
38187,female_feminine
44939,female_feminine
7210,male_masculine
9423,male_masculine
13743,male_masculine
38640,female_feminine
10438,male_masculine
17342,male_masculine
7041,male_masculine
10844,male_masculine
44599,female_feminine
6617,male_masculine
6123,male_masculine
55432,female_feminine
47888,female_feminine
5531,male_masculine
44319,female_feminine
47452,female_feminine
11714,male_masculine
42482,female_feminine
5930,male_masculine
5615,male_masculine
42860,female_feminine
11228,male_masculine
45071,female_feminine
6941,male_masculine
38929,female_feminine
18144,male_masculine
10568,male_masculine
40589,female_feminine
39182,female_feminine
41193,female_feminine
40077,female_feminine
40030,female_feminine
17301,male_masculine
43915,female_feminine
48359,female_feminine
5199,male_masculine
43460,female_feminine
13233,male_masculine
7220,male_masculine
9746,male_masculine
39391,female_feminine
40954,female_feminine
47307,female_feminine
9452,male_masculine
9363,male_masculine
15567,male_masculine
1255,male_masculine
45514,female_feminine
44748,female_feminine
47150,female_feminine
46252,female_feminine
9970,male_masculine
10015,male_masculine
43231,female_feminine
45884,female_feminine
44439,female_feminine
6661,male_masculine
10152,male_masculine
52166,female_feminine
47067,female_feminine
11862,male_masculine
6539,male_masculine
17578,male_masculine
9960,male_masculine
44411,female_feminine
47256,female_feminine
14933,male_masculine
13561,male_masculine
17850,male_masculine
39016,female_feminine
43415,female_feminine
38611,female_feminine
48164,female_feminine
40098,female_feminine
55771,female_feminine
42327,female_feminine
136,male_masculine
13066,male_masculine
39671,female_feminine
17100,male_masculine
44684,female_feminine
17609,male_masculine
42798,female_feminine
1550,male_masculine
11794,male_masculine
42370,female_feminine
12082,male_masculine
42840,female_feminine
39869,female_feminine
15342,male_masculine
6195,male_masculine
18532,male_masculine
13135,male_masculine
20120,female_feminine
55663,female_feminine
55311,female_feminine
15591,male_masculine
13565,male_masculine
514,male_masculine
20126,female_feminine
17014,male_masculine
13053,male_masculine
18199,male_masculine
47410,female_feminine
46453,female_feminine
45931,female_feminine
1216,male_masculine
42422,female_feminine
6370,male_masculine
46865,female_feminine
10577,male_masculine
15154,male_masculine
18621,male_masculine
15856,male_masculine
824,male_masculine
11427,male_masculine
13613,male_masculine
46108,female_feminine
39487,female_feminine
1489,male_masculine
41362,female_feminine
39305,female_feminine
153,male_masculine
9229,male_masculine
10635,male_masculine
15979,male_masculine
11870,male_masculine
6557,male_masculine
5664,male_masculine
47498,female_feminine
39533,female_feminine
41195,female_feminine
46965,female_feminine
15004,male_masculine
7323,male_masculine
15882,male_masculine
223,male_masculine
5238,male_masculine
9565,male_masculine
43987,female_feminine
41899,female_feminine
13191,male_masculine
11261,male_masculine
42882,female_feminine
38347,female_feminine
55960,female_feminine
43818,female_feminine
11736,male_masculine
9337,male_masculine
11933,male_masculine
1361,male_masculine
6206,male_masculine
42092,female_feminine
198,male_masculine
38496,female_feminine
12291,male_masculine
15971,male_masculine
47567,female_feminine
6264,male_masculine
40739,female_feminine
926,male_masculine
45076,female_feminine
11150,male_masculine
19,male_masculine
48004,female_feminine
15603,male_masculine
183,male_masculine
13148,male_masculine
17680,male_masculine
15640,male_masculine
5272,male_masculine
15095,male_masculine
40990,female_feminine
12934,male_masculine
42430,female_feminine
44525,female_feminine
43470,female_feminine
12019,male_masculine
6758,male_masculine
5257,male_masculine
5931,male_masculine
45798,female_feminine
10936,male_masculine
1952,male_masculine
45327,female_feminine
38021,female_feminine
7143,male_masculine
55761,female_feminine
47359,female_feminine
6054,male_masculine
48125,female_feminine
15043,male_masculine
9903,male_masculine
18343,male_masculine
38677,female_feminine
1201,male_masculine
38130,female_feminine
9254,male_masculine
47901,female_feminine
45102,female_feminine
13161,male_masculine
146,male_masculine
42230,female_feminine
6052,male_masculine
44927,female_feminine
12310,male_masculine
48275,female_feminine
11665,male_masculine
6390,male_masculine
11110,male_masculine
42839,female_feminine
41419,female_feminine
14842,male_masculine
16079,male_masculine
53999,female_feminine
6026,male_masculine
42750,female_feminine
13177,male_masculine
46535,female_feminine
16364,male_masculine
7225,male_masculine
6756,male_masculine
17540,male_masculine
43310,female_feminine
41683,female_feminine
38995,female_feminine
6339,male_masculine
18354,male_masculine
54103,female_feminine
15718,male_masculine
44652,female_feminine
43450,female_feminine
16030,male_masculine
5710,male_masculine
40538,female_feminine
10479,male_masculine
10166,male_masculine
7235,male_masculine
41515,female_feminine
47996,female_feminine
46800,female_feminine
14826,male_masculine
318,male_masculine
43299,female_feminine
39769,female_feminine
12213,male_masculine
13598,male_masculine
39914,female_feminine
41027,female_feminine
6764,male_masculine
46314,female_feminine
42691,female_feminine
12921,male_masculine
15843,male_masculine
40402,female_feminine
10800,male_masculine
6208,male_masculine
43126,female_feminine
13711,male_masculine
15970,male_masculine
17111,male_masculine
44872,female_feminine
11341,male_masculine
46672,female_feminine
38705,female_feminine
1387,male_masculine
9825,male_masculine
16916,male_masculine
47420,female_feminine
13155,male_masculine
13538,male_masculine
45500,female_feminine
9333,male_masculine
290,male_masculine
18055,male_masculine
11519,male_masculine
44619,female_feminine
41560,female_feminine
43423,female_feminine
413,male_masculine
18171,male_masculine
55938,female_feminine
1418,male_masculine
3578,male_masculine
9831,male_masculine
46291,female_feminine
55447,female_feminine
10508,male_masculine
42549,female_feminine
13605,male_masculine
47557,female_feminine
53791,female_feminine
18039,male_masculine
42009,female_feminine
9906,male_masculine
1074,male_masculine
15722,male_masculine
40690,female_feminine
17020,male_masculine
18037,male_masculine
55086,female_feminine
41820,female_feminine
5986,male_masculine
16908,male_masculine
6129,male_masculine
45092,female_feminine
48012,female_feminine
39542,female_feminine
10151,male_masculine
11409,male_masculine
5549,male_masculine
40839,female_feminine
53853,female_feminine
10182,male_masculine
10177,male_masculine
43085,female_feminine
39967,female_feminine
53832,female_feminine
39681,female_feminine
17357,male_masculine
6587,male_masculine
6529,male_masculine
16918,male_masculine
13093,male_masculine
42590,female_feminine
55374,female_feminine
10546,male_masculine
44369,female_feminine
43020,female_feminine
9216,male_masculine
10958,male_masculine
47056,female_feminine
54132,female_feminine
46770,female_feminine
43765,female_feminine
10433,male_masculine
11106,male_masculine
38365,female_feminine
45758,female_feminine
6653,male_masculine
11190,male_masculine
46715,female_feminine
16867,male_masculine
44244,female_feminine
39451,female_feminine
5571,male_masculine
40132,female_feminine
46998,female_feminine
43130,female_feminine
7320,male_masculine
53727,female_feminine
41599,female_feminine
55498,female_feminine
55830,female_feminine
9778,male_masculine
43442,female_feminine
41014,female_feminine
48398,female_feminine
10847,male_masculine
10741,male_masculine
1402,male_masculine
46625,female_feminine
17507,male_masculine
42361,female_feminine
18057,male_masculine
16602,male_masculine
42977,female_feminine
16010,male_masculine
1462,male_masculine
710,male_masculine
689,male_masculine
5750,male_masculine
1567,male_masculine
45189,female_feminine
44955,female_feminine
15819,male_masculine
1105,male_masculine
44343,female_feminine
41728,female_feminine
40093,female_feminine
9431,male_masculine
39090,female_feminine
40999,female_feminine
39843,female_feminine
47768,female_feminine
42454,female_feminine
17864,male_masculine
16068,male_masculine
16584,male_masculine
12062,male_masculine
41404,female_feminine
42049,female_feminine
53730,female_feminine
44823,female_feminine
40045,female_feminine
17669,male_masculine
42748,female_feminine
17993,male_masculine
10236,male_masculine
44001,female_feminine
45907,female_feminine
6502,male_masculine
1037,male_masculine
12944,male_masculine
15378,male_masculine
45270,female_feminine
6905,male_masculine
45955,female_feminine
53869,female_feminine
47619,female_feminine
41865,female_feminine
18479,male_masculine
96,male_masculine
46844,female_feminine
39367,female_feminine
16158,male_masculine
9752,male_masculine
45127,female_feminine
873,male_masculine
323,male_masculine
44320,female_feminine
44836,female_feminine
5883,male_masculine
42338,female_feminine
17920,male_masculine
16814,male_masculine
6845,male_masculine
15942,male_masculine
45227,female_feminine
15784,male_masculine
17779,male_masculine
17379,male_masculine
15229,male_masculine
300,male_masculine
1403,male_masculine
44930,female_feminine
47389,female_feminine
1241,male_masculine
46539,female_feminine
48231,female_feminine
18674,male_masculine
11322,male_masculine
750,male_masculine
38998,female_feminine
14971,male_masculine
17858,male_masculine
40584,female_feminine
15790,male_masculine
54068,female_feminine
38509,female_feminine
9342,male_masculine
9895,male_masculine
40340,female_feminine
42744,female_feminine
39678,female_feminine
38919,female_feminine
44204,female_feminine
6224,male_masculine
1042,male_masculine
43041,female_feminine
11120,male_masculine
39529,female_feminine
10193,male_masculine
5511,male_masculine
40606,female_feminine
40545,female_feminine
10298,male_masculine
6098,male_masculine
15430,male_masculine
14941,male_masculine
14764,male_masculine
7313,male_masculine
10994,male_masculine
10665,male_masculine
43671,female_feminine
13059,male_masculine
55372,female_feminine
46918,female_feminine
38202,female_feminine
39257,female_feminine
1260,male_masculine
10111,male_masculine
10085,male_masculine
41368,female_feminine
516,male_masculine
52187,female_feminine
45224,female_feminine
9670,male_masculine
47423,female_feminine
45461,female_feminine
45651,female_feminine
46879,female_feminine
55690,female_feminine
44593,female_feminine
1596,male_masculine
45361,female_feminine
44253,female_feminine
560,male_masculine
41200,female_feminine
55949,female_feminine
46567,female_feminine
13429,male_masculine
45429,female_feminine
40909,female_feminine
17607,male_masculine
41559,female_feminine
50344,female_feminine
6426,male_masculine
46814,female_feminine
44358,female_feminine
41456,female_feminine
44350,female_feminine
48369,female_feminine
42388,female_feminine
13371,male_masculine
1262,male_masculine
55623,female_feminine
39144,female_feminine
45311,female_feminine
43934,female_feminine
11569,male_masculine
41611,female_feminine
45986,female_feminine
55756,female_feminine
15421,male_masculine
53563,female_feminine
16207,male_masculine
46183,female_feminine
15703,male_masculine
55841,female_feminine
10043,male_masculine
39730,female_feminine
47397,female_feminine
12928,male_masculine
38580,female_feminine
44230,female_feminine
55801,female_feminine
43592,female_feminine
6848,male_masculine
40693,female_feminine
5475,male_masculine
5604,male_masculine
40056,female_feminine
9675,male_masculine
47636,female_feminine
16268,male_masculine
15969,male_masculine
41633,female_feminine
13672,male_masculine
46833,female_feminine
10,male_masculine
46448,female_feminine
55412,female_feminine
47471,female_feminine
45876,female_feminine
52151,female_feminine
6135,male_masculine
11484,male_masculine
44769,female_feminine
10750,male_masculine
55902,female_feminine
5873,male_masculine
10146,male_masculine
1586,male_masculine
6397,male_masculine
46935,female_feminine
53974,female_feminine
45450,female_feminine
16603,male_masculine
16564,male_masculine
11497,male_masculine
46260,female_feminine
55037,female_feminine
5923,male_masculine
42891,female_feminine
43767,female_feminine
12296,male_masculine
9711,male_masculine
15934,male_masculine
53912,female_feminine
42389,female_feminine
6167,male_masculine
38791,female_feminine
17168,male_masculine
5406,male_masculine
15830,male_masculine
44397,female_feminine
44492,female_feminine
47046,female_feminine
753,male_masculine
10387,male_masculine
44558,female_feminine
55851,female_feminine
5765,male_masculine
38386,female_feminine
53818,female_feminine
1404,male_masculine
48134,female_feminine
9847,male_masculine
12379,male_masculine
17986,male_masculine
38224,female_feminine
44027,female_feminine
46341,female_feminine
14759,male_masculine
43144,female_feminine
5283,male_masculine
10650,male_masculine
41956,female_feminine
40967,female_feminine
55397,female_feminine
18277,male_masculine
41222,female_feminine
17971,male_masculine
50254,female_feminine
16114,male_masculine
39405,female_feminine
48011,female_feminine
9427,male_masculine
17449,male_masculine
39966,female_feminine
6542,male_masculine
46335,female_feminine
43661,female_feminine
12212,male_masculine
38716,female_feminine
47313,female_feminine
44813,female_feminine
11337,male_masculine
6801,male_masculine
13637,male_masculine
7137,male_masculine
6107,male_masculine
44246,female_feminine
9244,male_masculine
39865,female_feminine
53768,female_feminine
6735,male_masculine
46757,female_feminine
40627,female_feminine
9418,male_masculine
45096,female_feminine
43680,female_feminine
9387,male_masculine
47572,female_feminine
39652,female_feminine
6893,male_masculine
10024,male_masculine
10685,male_masculine
40331,female_feminine
14802,male_masculine
50180,female_feminine
47338,female_feminine
10962,male_masculine
15580,male_masculine
309,male_masculine
55770,female_feminine
39002,female_feminine
47703,female_feminine
47750,female_feminine
47444,female_feminine
40002,female_feminine
40615,female_feminine
6234,male_masculine
46903,female_feminine
13389,male_masculine
38427,female_feminine
53605,female_feminine
10920,male_masculine
12342,male_masculine
46771,female_feminine
18531,male_masculine
15118,male_masculine
6911,male_masculine
18364,male_masculine
18239,male_masculine
9600,male_masculine
10316,male_masculine
44631,female_feminine
42526,female_feminine
13289,male_masculine
41776,female_feminine
44227,female_feminine
48472,female_feminine
18262,male_masculine
47335,female_feminine
42366,female_feminine
40105,female_feminine
43899,female_feminine
17725,male_masculine
18164,male_masculine
17745,male_masculine
38846,female_feminine
6761,male_masculine
310,male_masculine
13659,male_masculine
38452,female_feminine
45490,female_feminine
17701,male_masculine
55237,female_feminine
11301,male_masculine
15211,male_masculine
1107,male_masculine
12236,male_masculine
47813,female_feminine
55712,female_feminine
45192,female_feminine
40652,female_feminine
17065,male_masculine
53594,female_feminine
15410,male_masculine
44297,female_feminine
53775,female_feminine
11856,male_masculine
15641,male_masculine
41435,female_feminine
42686,female_feminine
16213,male_masculine
6022,male_masculine
43105,female_feminine
40195,female_feminine
55175,female_feminine
40915,female_feminine
42184,female_feminine
11432,male_masculine
11587,male_masculine
45871,female_feminine
39884,female_feminine
47798,female_feminine
48003,female_feminine
18418,male_masculine
9483,male_masculine
16036,male_masculine
439,male_masculine
43432,female_feminine
40252,female_feminine
11770,male_masculine
43804,female_feminine
17182,male_masculine
15298,male_masculine
53713,female_feminine
55271,female_feminine
11715,male_masculine
17712,male_masculine
39076,female_feminine
53861,female_feminine
39583,female_feminine
14793,male_masculine
44272,female_feminine
899,male_masculine
5638,male_masculine
9755,male_masculine
14822,male_masculine
71,male_masculine
44730,female_feminine
18705,male_masculine
40714,female_feminine
48437,female_feminine
39469,female_feminine
50215,female_feminine
45364,female_feminine
44697,female_feminine
55367,female_feminine
17212,male_masculine
9921,male_masculine
7096,male_masculine
55177,female_feminine
41323,female_feminine
11605,male_masculine
16148,male_masculine
47304,female_feminine
53628,female_feminine
16673,male_masculine
42529,female_feminine
47840,female_feminine
40528,female_feminine
47657,female_feminine
45266,female_feminine
44641,female_feminine
18312,male_masculine
48356,female_feminine
39776,female_feminine
46475,female_feminine
45117,female_feminine
46747,female_feminine
55842,female_feminine
41701,female_feminine
42902,female_feminine
45604,female_feminine
44683,female_feminine
16046,male_masculine
12011,male_masculine
43300,female_feminine
41291,female_feminine
55215,female_feminine
38307,female_feminine
55456,female_feminine
14733,male_masculine
38767,female_feminine
38245,female_feminine
7299,male_masculine
17490,male_masculine
44010,female_feminine
5301,male_masculine
16008,male_masculine
47824,female_feminine
42516,female_feminine
16345,male_masculine
11088,male_masculine
10046,male_masculine
41825,female_feminine
44873,female_feminine
7252,male_masculine
38620,female_feminine
15467,male_masculine
15327,male_masculine
44762,female_feminine
41993,female_feminine
18097,male_masculine
10441,male_masculine
15840,male_masculine
39150,female_feminine
44698,female_feminine
48333,female_feminine
55192,female_feminine
55441,female_feminine
16604,male_masculine
46704,female_feminine
452,male_masculine
39600,female_feminine
42115,female_feminine
38957,female_feminine
6844,male_masculine
55805,female_feminine
47719,female_feminine
6805,male_masculine
1088,male_masculine
1547,male_masculine
53822,female_feminine
47938,female_feminine
38532,female_feminine
45672,female_feminine
9307,male_masculine
44353,female_feminine
12026,male_masculine
55520,female_feminine
637,male_masculine
55538,female_feminine
10907,male_masculine
12964,male_masculine
46731,female_feminine
46772,female_feminine
13320,male_masculine
10938,male_masculine
14736,male_masculine
16674,male_masculine
47309,female_feminine
43021,female_feminine
647,male_masculine
17819,male_masculine
446,male_masculine
13494,male_masculine
10328,male_masculine
39643,female_feminine
43615,female_feminine
48266,female_feminine
43476,female_feminine
38234,female_feminine
40131,female_feminine
13688,male_masculine
17897,male_masculine
55942,female_feminine
41237,female_feminine
40243,female_feminine
6734,male_masculine
17317,male_masculine
12940,male_masculine
55799,female_feminine
9356,male_masculine
6876,male_masculine
46671,female_feminine
18146,male_masculine
7227,male_masculine
5909,male_masculine
17945,male_masculine
43953,female_feminine
45205,female_feminine
12249,male_masculine
16729,male_masculine
9630,male_masculine
39851,female_feminine
11815,male_masculine
42452,female_feminine
41259,female_feminine
43263,female_feminine
6191,male_masculine
43378,female_feminine
9576,male_masculine
38031,female_feminine
9336,male_masculine
11560,male_masculine
15605,male_masculine
14928,male_masculine
11263,male_masculine
47290,female_feminine
38828,female_feminine
10397,male_masculine
10031,male_masculine
44804,female_feminine
11526,male_masculine
47534,female_feminine
13316,male_masculine
5895,male_masculine
5464,male_masculine
18193,male_masculine
10382,male_masculine
40462,female_feminine
53643,female_feminine
44495,female_feminine
13406,male_masculine
5838,male_masculine
17240,male_masculine
38796,female_feminine
39693,female_feminine
48147,female_feminine
42893,female_feminine
53623,female_feminine
46385,female_feminine
52172,female_feminine
46855,female_feminine
11973,male_masculine
7179,male_masculine
862,male_masculine
11543,male_masculine
40574,female_feminine
883,male_masculine
39326,female_feminine
55955,female_feminine
43760,female_feminine
45723,female_feminine
18336,male_masculine
43039,female_feminine
17343,male_masculine
18098,male_masculine
46828,female_feminine
43766,female_feminine
42740,female_feminine
50295,female_feminine
50157,female_feminine
46089,female_feminine
38444,female_feminine
50153,female_feminine
5576,male_masculine
42925,female_feminine
54109,female_feminine
15036,male_masculine
16106,male_masculine
46917,female_feminine
9789,male_masculine
15329,male_masculine
15662,male_masculine
11962,male_masculine
14748,male_masculine
16215,male_masculine
40716,female_feminine
9849,male_masculine
43782,female_feminine
43927,female_feminine
17423,male_masculine
53630,female_feminine
45975,female_feminine
43449,female_feminine
13269,male_masculine
55587,female_feminine
673,male_masculine
11728,male_masculine
1582,male_masculine
18316,male_masculine
42623,female_feminine
11990,male_masculine
43903,female_feminine
44323,female_feminine
44239,female_feminine
40818,female_feminine
41760,female_feminine
18234,male_masculine
48198,female_feminine
11202,male_masculine
41518,female_feminine
13568,male_masculine
42575,female_feminine
53840,female_feminine
40123,female_feminine
40493,female_feminine
42870,female_feminine
10322,male_masculine
55661,female_feminine
5485,male_masculine
46205,female_feminine
38050,female_feminine
43937,female_feminine
12118,male_masculine
42930,female_feminine
6830,male_masculine
44414,female_feminine
14753,male_masculine
44612,female_feminine
40047,female_feminine
9674,male_masculine
39284,female_feminine
39029,female_feminine
40816,female_feminine
6374,male_masculine
547,male_masculine
9813,male_masculine
41745,female_feminine
17364,male_masculine
17358,male_masculine
45017,female_feminine
6075,male_masculine
10431,male_masculine
55254,female_feminine
15505,male_masculine
41312,female_feminine
6053,male_masculine
44461,female_feminine
13366,male_masculine
13090,male_masculine
12021,male_masculine
41411,female_feminine
47722,female_feminine
47453,female_feminine
47686,female_feminine
45697,female_feminine
43779,female_feminine
9412,male_masculine
11633,male_masculine
1597,male_masculine
17049,male_masculine
46786,female_feminine
39983,female_feminine
40094,female_feminine
11476,male_masculine
39586,female_feminine
55515,female_feminine
5908,male_masculine
592,male_masculine
16359,male_masculine
41244,female_feminine
9719,male_masculine
50319,female_feminine
16906,male_masculine
294,male_masculine
15215,male_masculine
11403,male_masculine
11171,male_masculine
47504,female_feminine
48123,female_feminine
39232,female_feminine
16423,male_masculine
46178,female_feminine
9309,male_masculine
929,male_masculine
40023,female_feminine
45976,female_feminine
9973,male_masculine
54072,female_feminine
6163,male_masculine
15760,male_masculine
38083,female_feminine
12274,male_masculine
42738,female_feminine
47961,female_feminine
44189,female_feminine
1072,male_masculine
5966,male_masculine
47633,female_feminine
9210,male_masculine
13072,male_masculine
39251,female_feminine
7162,male_masculine
18719,male_masculine
11212,male_masculine
572,male_masculine
44630,female_feminine
43075,female_feminine
43171,female_feminine
13254,male_masculine
684,male_masculine
40160,female_feminine
45213,female_feminine
7066,male_masculine
40149,female_feminine
40145,female_feminine
16870,male_masculine
16897,male_masculine
45160,female_feminine
40391,female_feminine
9881,male_masculine
13273,male_masculine
15148,male_masculine
9506,male_masculine
48131,female_feminine
17757,male_masculine
9371,male_masculine
43810,female_feminine
40559,female_feminine
44899,female_feminine
10222,male_masculine
39921,female_feminine
5962,male_masculine
44765,female_feminine
40200,female_feminine
5263,male_masculine
48224,female_feminine
45089,female_feminine
15224,male_masculine
13404,male_masculine
42871,female_feminine
11549,male_masculine
9588,male_masculine
15312,male_masculine
16323,male_masculine
55908,female_feminine
17508,male_masculine
47745,female_feminine
5694,male_masculine
45804,female_feminine
10254,male_masculine
9846,male_masculine
39113,female_feminine
44192,female_feminine
40854,female_feminine
9839,male_masculine
15679,male_masculine
1115,male_masculine
42652,female_feminine
17888,male_masculine
47523,female_feminine
46524,female_feminine
55589,female_feminine
41773,female_feminine
11917,male_masculine
45885,female_feminine
9428,male_masculine
6423,male_masculine
11650,male_masculine
9295,male_masculine
47334,female_feminine
55539,female_feminine
6297,male_masculine
16887,male_masculine
1516,male_masculine
528,male_masculine
13763,male_masculine
44718,female_feminine
39599,female_feminine
40676,female_feminine
44215,female_feminine
5396,male_masculine
15547,male_masculine
43500,female_feminine
42608,female_feminine
10883,male_masculine
16339,male_masculine
50226,female_feminine
15904,male_masculine
40078,female_feminine
38920,female_feminine
44296,female_feminine
1420,male_masculine
43649,female_feminine
962,male_masculine
7117,male_masculine
913,male_masculine
38111,female_feminine
13401,male_masculine
40927,female_feminine
18699,male_masculine
42580,female_feminine
17494,male_masculine
47518,female_feminine
12954,male_masculine
10221,male_masculine
6125,male_masculine
44739,female_feminine
55421,female_feminine
10044,male_masculine
11959,male_masculine
41311,female_feminine
13567,male_masculine
15153,male_masculine
43960,female_feminine
18329,male_masculine
53575,female_feminine
47211,female_feminine
38991,female_feminine
44137,female_feminine
50181,female_feminine
10943,male_masculine
951,male_masculine
15597,male_masculine
9659,male_masculine
44938,female_feminine
158,male_masculine
13562,male_masculine
15617,male_masculine
50220,female_feminine
43298,female_feminine
15677,male_masculine
13480,male_masculine
11640,male_masculine
17848,male_masculine
38534,female_feminine
5217,male_masculine
46113,female_feminine
117,male_masculine
38617,female_feminine
16569,male_masculine
42387,female_feminine
11345,male_masculine
11869,male_masculine
17238,male_masculine
1605,male_masculine
12094,male_masculine
44050,female_feminine
43679,female_feminine
6055,male_masculine
15006,male_masculine
6312,male_masculine
48007,female_feminine
11253,male_masculine
17206,male_masculine
47332,female_feminine
1939,male_masculine
5977,male_masculine
9230,male_masculine
10638,male_masculine
41914,female_feminine
18200,male_masculine
15726,male_masculine
9184,male_masculine
52181,female_feminine
15544,male_masculine
9784,male_masculine
41106,female_feminine
55229,female_feminine
46125,female_feminine
42393,female_feminine
40126,female_feminine
12202,male_masculine
7213,male_masculine
44030,female_feminine
48017,female_feminine
11258,male_masculine
44364,female_feminine
108,male_masculine
12031,male_masculine
18172,male_masculine
12034,male_masculine
41025,female_feminine
5644,male_masculine
16884,male_masculine
53595,female_feminine
47565,female_feminine
41293,female_feminine
10771,male_masculine
38792,female_feminine
39951,female_feminine
40496,female_feminine
40317,female_feminine
40414,female_feminine
44306,female_feminine
10503,male_masculine
47951,female_feminine
47189,female_feminine
46449,female_feminine
13625,male_masculine
40763,female_feminine
41494,female_feminine
13076,male_masculine
40516,female_feminine
39903,female_feminine
43598,female_feminine
15550,male_masculine
44690,female_feminine
42234,female_feminine
47868,female_feminine
54079,female_feminine
46619,female_feminine
17048,male_masculine
10124,male_masculine
5310,male_masculine
16341,male_masculine
46338,female_feminine
46623,female_feminine
13766,male_masculine
15193,male_masculine
39341,female_feminine
10442,male_masculine
1275,male_masculine
16734,male_masculine
44231,female_feminine
47867,female_feminine
11164,male_masculine
46111,female_feminine
18195,male_masculine
1393,male_masculine
1295,male_masculine
45933,female_feminine
12119,male_masculine
15165,male_masculine
9464,male_masculine
52139,female_feminine
38794,female_feminine
7045,male_masculine
46378,female_feminine
55125,female_feminine
15955,male_masculine
40401,female_feminine
6199,male_masculine
46031,female_feminine
55717,female_feminine
15397,male_masculine
38547,female_feminine
55480,female_feminine
808,male_masculine
55543,female_feminine
14881,male_masculine
12014,male_masculine
12076,male_masculine
16085,male_masculine
45549,female_feminine
47948,female_feminine
17327,male_masculine
1378,male_masculine
47575,female_feminine
11015,male_masculine
44737,female_feminine
9860,male_masculine
45860,female_feminine
39870,female_feminine
48332,female_feminine
9636,male_masculine
45356,female_feminine
9239,male_masculine
42784,female_feminine
15320,male_masculine
42776,female_feminine
55369,female_feminine
44242,female_feminine
17660,male_masculine
42288,female_feminine
40433,female_feminine
17199,male_masculine
16081,male_masculine
39977,female_feminine
55376,female_feminine
41273,female_feminine
55362,female_feminine
45810,female_feminine
55544,female_feminine
9409,male_masculine
17125,male_masculine
13226,male_masculine
48126,female_feminine
55910,female_feminine
6570,male_masculine
46555,female_feminine
14827,male_masculine
43655,female_feminine
40846,female_feminine
42246,female_feminine
9454,male_masculine
1191,male_masculine
43477,female_feminine
11024,male_masculine
5767,male_masculine
11343,male_masculine
55559,female_feminine
53569,female_feminine
41288,female_feminine
46018,female_feminine
17743,male_masculine
38161,female_feminine
42690,female_feminine
39024,female_feminine
7000,male_masculine
1537,male_masculine
17534,male_masculine
46403,female_feminine
13768,male_masculine
46036,female_feminine
45979,female_feminine
40509,female_feminine
11175,male_masculine
16678,male_masculine
39011,female_feminine
9552,male_masculine
48060,female_feminine
9502,male_masculine
1367,male_masculine
47135,female_feminine
40478,female_feminine
15459,male_masculine
38311,female_feminine
55806,female_feminine
48306,female_feminine
44796,female_feminine
43275,female_feminine
41778,female_feminine
726,male_masculine
39221,female_feminine
48279,female_feminine
42216,female_feminine
17053,male_masculine
47030,female_feminine
17217,male_masculine
7288,male_masculine
17463,male_masculine
48252,female_feminine
9649,male_masculine
1428,male_masculine
55402,female_feminine
39425,female_feminine
40623,female_feminine
40995,female_feminine
43882,female_feminine
154,male_masculine
10792,male_masculine
40261,female_feminine
16827,male_masculine
48249,female_feminine
17453,male_masculine
46110,female_feminine
7176,male_masculine
55056,female_feminine
39508,female_feminine
15911,male_masculine
46412,female_feminine
45182,female_feminine
12184,male_masculine
13423,male_masculine
45019,female_feminine
39532,female_feminine
16606,male_masculine
16938,male_masculine
9744,male_masculine
12140,male_masculine
38539,female_feminine
55285,female_feminine
9209,male_masculine
47433,female_feminine
50242,female_feminine
10393,male_masculine
18297,male_masculine
11558,male_masculine
869,male_masculine
17012,male_masculine
13543,male_masculine
6925,male_masculine
5981,male_masculine
48226,female_feminine
45481,female_feminine
9808,male_masculine
46520,female_feminine
43514,female_feminine
17905,male_masculine
15088,male_masculine
15449,male_masculine
38301,female_feminine
40547,female_feminine
48408,female_feminine
42278,female_feminine
5718,male_masculine
40249,female_feminine
5972,male_masculine
40577,female_feminine
9773,male_masculine
44493,female_feminine
44202,female_feminine
1170,male_masculine
46380,female_feminine
15200,male_masculine
45331,female_feminine
38101,female_feminine
17336,male_masculine
38255,female_feminine
17243,male_masculine
39827,female_feminine
16227,male_masculine
10257,male_masculine
9299,male_masculine
47944,female_feminine
55364,female_feminine
46957,female_feminine
7019,male_masculine
10301,male_masculine
13646,male_masculine
44941,female_feminine
11699,male_masculine
12924,male_masculine
1603,male_masculine
43216,female_feminine
46257,female_feminine
42759,female_feminine
39916,female_feminine
45676,female_feminine
39857,female_feminine
44913,female_feminine
1405,male_masculine
38041,female_feminine
15536,male_masculine
456,male_masculine
17040,male_masculine
46576,female_feminine
42610,female_feminine
6975,male_masculine
38779,female_feminine
12368,male_masculine
38124,female_feminine
11183,male_masculine
11259,male_masculine
10352,male_masculine
47612,female_feminine
6295,male_masculine
40247,female_feminine
48155,female_feminine
10941,male_masculine
9404,male_masculine
16244,male_masculine
10784,male_masculine
142,male_masculine
17898,male_masculine
45344,female_feminine
15489,male_masculine
9702,male_masculine
46143,female_feminine
1272,male_masculine
46571,female_feminine
16295,male_masculine
16946,male_masculine
18228,male_masculine
38462,female_feminine
6765,male_masculine
47019,female_feminine
42268,female_feminine
38647,female_feminine
9795,male_masculine
14968,male_masculine
46767,female_feminine
40300,female_feminine
45816,female_feminine
40281,female_feminine
18547,male_masculine
39746,female_feminine
39184,female_feminine
15815,male_masculine
42582,female_feminine
41015,female_feminine
10860,male_masculine
10192,male_masculine
15725,male_masculine
9989,male_masculine
40491,female_feminine
45831,female_feminine
40740,female_feminine
42727,female_feminine
9599,male_masculine
11323,male_masculine
6114,male_masculine
41364,female_feminine
14732,male_masculine
44507,female_feminine
16638,male_masculine
1253,male_masculine
40130,female_feminine
39938,female_feminine
992,male_masculine
42875,female_feminine
11364,male_masculine
934,male_masculine
39752,female_feminine
10198,male_masculine
12975,male_masculine
5491,male_masculine
18393,male_masculine
45112,female_feminine
53915,female_feminine
44182,female_feminine
7312,male_masculine
38964,female_feminine
9967,male_masculine
13715,male_masculine
13,male_masculine
13019,male_masculine
11038,male_masculine
39180,female_feminine
47494,female_feminine
6554,male_masculine
46895,female_feminine
11218,male_masculine
44990,female_feminine
46575,female_feminine
45524,female_feminine
14992,male_masculine
45432,female_feminine
15109,male_masculine
44361,female_feminine
13709,male_masculine
45839,female_feminine
55731,female_feminine
38360,female_feminine
15169,male_masculine
18563,male_masculine
39525,female_feminine
12369,male_masculine
18201,male_masculine
10690,male_masculine
55159,female_feminine
39254,female_feminine
13470,male_masculine
55576,female_feminine
46489,female_feminine
47260,female_feminine
47635,female_feminine
46612,female_feminine
10532,male_masculine
42334,female_feminine
45338,female_feminine
45570,female_feminine
43541,female_feminine
55564,female_feminine
15065,male_masculine
42659,female_feminine
44152,female_feminine
12242,male_masculine
47574,female_feminine
42298,female_feminine
191,male_masculine
518,male_masculine
12109,male_masculine
47751,female_feminine
12338,male_masculine
18461,male_masculine
16186,male_masculine
1340,male_masculine
9836,male_masculine
53887,female_feminine
9614,male_masculine
39148,female_feminine
16818,male_masculine
42257,female_feminine
13354,male_masculine
6695,male_masculine
53881,female_feminine
55224,female_feminine
10136,male_masculine
42414,female_feminine
44523,female_feminine
16680,male_masculine
53720,female_feminine
13362,male_masculine
7119,male_masculine
6705,male_masculine
5914,male_masculine
44031,female_feminine
15941,male_masculine
7371,male_masculine
16450,male_masculine
17811,male_masculine
1156,male_masculine
38043,female_feminine
41590,female_feminine
38062,female_feminine
55068,female_feminine
55163,female_feminine
3553,male_masculine
46703,female_feminine
48145,female_feminine
40581,female_feminine
45554,female_feminine
11104,male_masculine
10602,male_masculine
47390,female_feminine
5344,male_masculine
9724,male_masculine
5371,male_masculine
39638,female_feminine
13481,male_masculine
13160,male_masculine
5573,male_masculine
46534,female_feminine
17839,male_masculine
55472,female_feminine
39858,female_feminine
233,male_masculine
7081,male_masculine
44585,female_feminine
44374,female_feminine
44616,female_feminine
13384,male_masculine
5465,male_masculine
45304,female_feminine
10234,male_masculine
9995,male_masculine
46079,female_feminine
42524,female_feminine
40176,female_feminine
472,male_masculine
45880,female_feminine
17276,male_masculine
40151,female_feminine
9607,male_masculine
11759,male_masculine
41759,female_feminine
40834,female_feminine
9284,male_masculine
6997,male_masculine
18397,male_masculine
11108,male_masculine
40000,female_feminine
9872,male_masculine
45596,female_feminine
1033,male_masculine
43177,female_feminine
13265,male_masculine
47450,female_feminine
11921,male_masculine
44082,female_feminine
46665,female_feminine
55975,female_feminine
54095,female_feminine
9414,male_masculine
92,male_masculine
6153,male_masculine
818,male_masculine
42775,female_feminine
6716,male_masculine
41602,female_feminine
13451,male_masculine
45138,female_feminine
907,male_masculine
9252,male_masculine
54128,female_feminine
9965,male_masculine
47851,female_feminine
40910,female_feminine
38706,female_feminine
40568,female_feminine
42037,female_feminine
55390,female_feminine
18236,male_masculine
548,male_masculine
42001,female_feminine
41247,female_feminine
15994,male_masculine
18715,male_masculine
16400,male_masculine
46611,female_feminine
11942,male_masculine
39155,female_feminine
40111,female_feminine
5797,male_masculine
13219,male_masculine
11737,male_masculine
42166,female_feminine
6685,male_masculine
12306,male_masculine
18173,male_masculine
53879,female_feminine
18355,male_masculine
11902,male_masculine
41123,female_feminine
16488,male_masculine
15428,male_masculine
11377,male_masculine
5345,male_masculine
15820,male_masculine
42448,female_feminine
16020,male_masculine
10935,male_masculine
55500,female_feminine
38067,female_feminine
44286,female_feminine
40871,female_feminine
9348,male_masculine
6901,male_masculine
10670,male_masculine
484,male_masculine
17942,male_masculine
14815,male_masculine
10527,male_masculine
884,male_masculine
5375,male_masculine
45806,female_feminine
39467,female_feminine
16999,male_masculine
55290,female_feminine
15157,male_masculine
53806,female_feminine
13435,male_masculine
40254,female_feminine
41461,female_feminine
17614,male_masculine
39591,female_feminine
10629,male_masculine
55253,female_feminine
18127,male_masculine
15497,male_masculine
42012,female_feminine
9907,male_masculine
39074,female_feminine
17331,male_masculine
10636,male_masculine
42447,female_feminine
46443,female_feminine
17387,male_masculine
11507,male_masculine
15280,male_masculine
42019,female_feminine
44021,female_feminine
6434,male_masculine
48127,female_feminine
55617,female_feminine
7242,male_masculine
255,male_masculine
55927,female_feminine
10101,male_masculine
41336,female_feminine
46016,female_feminine
7146,male_masculine
6090,male_masculine
44735,female_feminine
18704,male_masculine
47909,female_feminine
46734,female_feminine
464,male_masculine
42630,female_feminine
11692,male_masculine
47174,female_feminine
10759,male_masculine
45964,female_feminine
14945,male_masculine
43241,female_feminine
46437,female_feminine
9572,male_masculine
6864,male_masculine
11300,male_masculine
44877,female_feminine
7129,male_masculine
39108,female_feminine
10561,male_masculine
39620,female_feminine
43831,female_feminine
10452,male_masculine
15206,male_masculine
41353,female_feminine
41116,female_feminine
9536,male_masculine
41384,female_feminine
7034,male_masculine
10895,male_masculine
38119,female_feminine
44897,female_feminine
47057,female_feminine
39623,female_feminine
976,male_masculine
43506,female_feminine
16687,male_masculine
39164,female_feminine
44602,female_feminine
15908,male_masculine
5389,male_masculine
11972,male_masculine
6171,male_masculine
46333,female_feminine
38505,female_feminine
12177,male_masculine
40314,female_feminine
457,male_masculine
40549,female_feminine
42514,female_feminine
17121,male_masculine
5561,male_masculine
46727,female_feminine
943,male_masculine
306,male_masculine
55641,female_feminine
17682,male_masculine
11901,male_masculine
227,male_masculine
45277,female_feminine
6009,male_masculine
11601,male_masculine
43311,female_feminine
11520,male_masculine
7391,male_masculine
47365,female_feminine
55905,female_feminine
10187,male_masculine
6920,male_masculine
596,male_masculine
13643,male_masculine
6532,male_masculine
9742,male_masculine
1381,male_masculine
40504,female_feminine
40650,female_feminine
44315,female_feminine
13422,male_masculine
53687,female_feminine
113,male_masculine
17016,male_masculine
40943,female_feminine
16547,male_masculine
7378,male_masculine
46444,female_feminine
42328,female_feminine
13708,male_masculine
12936,male_masculine
5366,male_masculine
5799,male_masculine
15986,male_masculine
45333,female_feminine
47180,female_feminine
13566,male_masculine
43355,female_feminine
47892,female_feminine
9433,male_masculine
44681,female_feminine
11046,male_masculine
55452,female_feminine
47128,female_feminine
38394,female_feminine
41593,female_feminine
42469,female_feminine
42466,female_feminine
299,male_masculine
324,male_masculine
15289,male_masculine
40416,female_feminine
1324,male_masculine
41308,female_feminine
42204,female_feminine
18733,male_masculine
9844,male_masculine
18045,male_masculine
17074,male_masculine
5483,male_masculine
6415,male_masculine
46981,female_feminine
39337,female_feminine
15909,male_masculine
9181,male_masculine
50201,female_feminine
38712,female_feminine
18327,male_masculine
16263,male_masculine
46578,female_feminine
45154,female_feminine
44994,female_feminine
47544,female_feminine
9488,male_masculine
9707,male_masculine
784,male_masculine
5887,male_masculine
55554,female_feminine
9731,male_masculine
14790,male_masculine
15682,male_masculine
43994,female_feminine
39240,female_feminine
45675,female_feminine
40044,female_feminine
49,male_masculine
42731,female_feminine
48317,female_feminine
11677,male_masculine
7089,male_masculine
7112,male_masculine
740,male_masculine
47526,female_feminine
14921,male_masculine
41951,female_feminine
15546,male_masculine
48022,female_feminine
46283,female_feminine
11582,male_masculine
5715,male_masculine
11464,male_masculine
41616,female_feminine
44780,female_feminine
10914,male_masculine
17361,male_masculine
41641,female_feminine
41330,female_feminine
17750,male_masculine
5843,male_masculine
715,male_masculine
42399,female_feminine
13034,male_masculine
46607,female_feminine
38493,female_feminine
46399,female_feminine
50281,female_feminine
43524,female_feminine
38405,female_feminine
47990,female_feminine
835,male_masculine
41883,female_feminine
17950,male_masculine
7331,male_masculine
9894,male_masculine
6987,male_masculine
39481,female_feminine
13165,male_masculine
44261,female_feminine
46859,female_feminine
10241,male_masculine
5954,male_masculine
11644,male_masculine
47037,female_feminine
55232,female_feminine
477,male_masculine
9919,male_masculine
40974,female_feminine
40296,female_feminine
16812,male_masculine
38387,female_feminine
11215,male_masculine
50272,female_feminine
43780,female_feminine
5874,male_masculine
11893,male_masculine
11154,male_masculine
45908,female_feminine
39728,female_feminine
55754,female_feminine
39158,female_feminine
6968,male_masculine
18014,male_masculine
47738,female_feminine
40173,female_feminine
7360,male_masculine
38723,female_feminine
40451,female_feminine
18400,male_masculine
48271,female_feminine
10341,male_masculine
41859,female_feminine
17821,male_masculine
11111,male_masculine
47984,female_feminine
48364,female_feminine
42883,female_feminine
601,male_masculine
41935,female_feminine
11745,male_masculine
12406,male_masculine
1192,male_masculine
17844,male_masculine
41669,female_feminine
17714,male_masculine
5333,male_masculine
15493,male_masculine
11765,male_masculine
41721,female_feminine
42541,female_feminine
16110,male_masculine
12366,male_masculine
11824,male_masculine
38498,female_feminine
18623,male_masculine
39933,female_feminine
5557,male_masculine
47714,female_feminine
9420,male_masculine
1027,male_masculine
16490,male_masculine
47683,female_feminine
46921,female_feminine
6603,male_masculine
41706,female_feminine
53850,female_feminine
46326,female_feminine
40202,female_feminine
47363,female_feminine
44600,female_feminine
15203,male_masculine
42468,female_feminine
18160,male_masculine
39647,female_feminine
15247,male_masculine
46930,female_feminine
45573,female_feminine
48070,female_feminine
391,male_masculine
45457,female_feminine
17588,male_masculine
55980,female_feminine
46587,female_feminine
9597,male_masculine
9980,male_masculine
45755,female_feminine
1307,male_masculine
14988,male_masculine
48251,female_feminine
10405,male_masculine
48099,female_feminine
41512,female_feminine
39235,female_feminine
827,male_masculine
1308,male_masculine
44575,female_feminine
39398,female_feminine
44668,female_feminine
10714,male_masculine
55882,female_feminine
10832,male_masculine
10332,male_masculine
44743,female_feminine
258,male_masculine
48331,female_feminine
6140,male_masculine
10813,male_masculine
12313,male_masculine
40865,female_feminine
53824,female_feminine
16543,male_masculine
15768,male_masculine
1284,male_masculine
11773,male_masculine
41851,female_feminine
39871,female_feminine
42323,female_feminine
47346,female_feminine
44074,female_feminine
5752,male_masculine
47999,female_feminine
13636,male_masculine
16253,male_masculine
40872,female_feminine
39348,female_feminine
14852,male_masculine
161,male_masculine
44328,female_feminine
12148,male_masculine
40748,female_feminine
45629,female_feminine
39982,female_feminine
279,male_masculine
15764,male_masculine
46932,female_feminine
11496,male_masculine
39753,female_feminine
1594,male_masculine
16843,male_masculine
10087,male_masculine
44623,female_feminine
44985,female_feminine
6792,male_masculine
50285,female_feminine
48158,female_feminine
17865,male_masculine
11608,male_masculine
13535,male_masculine
39034,female_feminine
45746,female_feminine
40588,female_feminine
403,male_masculine
15391,male_masculine
18543,male_masculine
40400,female_feminine
43054,female_feminine
41305,female_feminine
46749,female_feminine
39956,female_feminine
1053,male_masculine
6096,male_masculine
42828,female_feminine
3552,male_masculine
46753,female_feminine
42733,female_feminine
38582,female_feminine
9321,male_masculine
16368,male_masculine
39581,female_feminine
16882,male_masculine
45845,female_feminine
16015,male_masculine
18514,male_masculine
53906,female_feminine
16231,male_masculine
54127,female_feminine
513,male_masculine
38856,female_feminine
1398,male_masculine
44036,female_feminine
48346,female_feminine
866,male_masculine
17479,male_masculine
39771,female_feminine
43434,female_feminine
5370,male_masculine
42345,female_feminine
1463,male_masculine
44379,female_feminine
5792,male_masculine
12046,male_masculine
53707,female_feminine
422,male_masculine
15357,male_masculine
41158,female_feminine
6113,male_masculine
47443,female_feminine
5486,male_masculine
11251,male_masculine
15805,male_masculine
18271,male_masculine
13022,male_masculine
46956,female_feminine
45589,female_feminine
17113,male_masculine
18064,male_masculine
38475,female_feminine
9477,male_masculine
47735,female_feminine
53629,female_feminine
17105,male_masculine
9940,male_masculine
40470,female_feminine
39110,female_feminine
1374,male_masculine
41638,female_feminine
44830,female_feminine
7289,male_masculine
10365,male_masculine
40945,female_feminine
38612,female_feminine
16852,male_masculine
48112,female_feminine
46912,female_feminine
46560,female_feminine
16209,male_masculine
6912,male_masculine
42173,female_feminine
10562,male_masculine
16761,male_masculine
45321,female_feminine
769,male_masculine
16328,male_masculine
46877,female_feminine
51,male_masculine
38900,female_feminine
5308,male_masculine
13610,male_masculine
13644,male_masculine
16002,male_masculine
46434,female_feminine
5528,male_masculine
18352,male_masculine
11156,male_masculine
12382,male_masculine
45719,female_feminine
41568,female_feminine
11131,male_masculine
12001,male_masculine
18282,male_masculine
46785,female_feminine
7064,male_masculine
41374,female_feminine
17067,male_masculine
53560,female_feminine
53865,female_feminine
53718,female_feminine
9317,male_masculine
42618,female_feminine
41225,female_feminine
42088,female_feminine
42825,female_feminine
7039,male_masculine
45924,female_feminine
45236,female_feminine
48063,female_feminine
46709,female_feminine
39294,female_feminine
15953,male_masculine
41594,female_feminine
16519,male_masculine
44660,female_feminine
15009,male_masculine
10692,male_masculine
17486,male_masculine
10953,male_masculine
16853,male_masculine
9262,male_masculine
38731,female_feminine
17679,male_masculine
12408,male_masculine
55043,female_feminine
39298,female_feminine
47240,female_feminine
45600,female_feminine
17842,male_masculine
13765,male_masculine
10466,male_masculine
679,male_masculine
42892,female_feminine
45555,female_feminine
18527,male_masculine
13751,male_masculine
55210,female_feminine
180,male_masculine
45206,female_feminine
1507,male_masculine
46777,female_feminine
47653,female_feminine
282,male_masculine
38619,female_feminine
41319,female_feminine
5865,male_masculine
16152,male_masculine
44604,female_feminine
39247,female_feminine
42564,female_feminine
44947,female_feminine
43314,female_feminine
41442,female_feminine
53787,female_feminine
39234,female_feminine
17604,male_masculine
6177,male_masculine
44425,female_feminine
9882,male_masculine
39276,female_feminine
48049,female_feminine
16883,male_masculine
44794,female_feminine
43405,female_feminine
13402,male_masculine
10556,male_masculine
38483,female_feminine
15464,male_masculine
7144,male_masculine
41835,female_feminine
47321,female_feminine
7274,male_masculine
10989,male_masculine
39981,female_feminine
5957,male_masculine
43845,female_feminine
13039,male_masculine
16021,male_masculine
7086,male_masculine
55673,female_feminine
41459,female_feminine
45427,female_feminine
45484,female_feminine
16112,male_masculine
9782,male_masculine
12364,male_masculine
7008,male_masculine
38507,female_feminine
13249,male_masculine
15773,male_masculine
9445,male_masculine
46943,female_feminine
5509,male_masculine
40134,female_feminine
55828,female_feminine
16856,male_masculine
9243,male_masculine
16149,male_masculine
15343,male_masculine
45298,female_feminine
53631,female_feminine
7236,male_masculine
6164,male_masculine
18258,male_masculine
42773,female_feminine
39291,female_feminine
6727,male_masculine
41467,female_feminine
45617,female_feminine
43472,female_feminine
42716,female_feminine
16528,male_masculine
15513,male_masculine
42493,female_feminine
43004,female_feminine
10130,male_masculine
43246,female_feminine
11453,male_masculine
39206,female_feminine
15190,male_masculine
44871,female_feminine
13327,male_masculine
860,male_masculine
40576,female_feminine
6726,male_masculine
46716,female_feminine
39948,female_feminine
41657,female_feminine
47563,female_feminine
15710,male_masculine
39713,female_feminine
46460,female_feminine
47715,female_feminine
6640,male_masculine
55453,female_feminine
15673,male_masculine
5995,male_masculine
41430,female_feminine
55491,female_feminine
46594,female_feminine
45709,female_feminine
46802,female_feminine
1070,male_masculine
12009,male_masculine
797,male_masculine
6020,male_masculine
38599,female_feminine
43133,female_feminine
48212,female_feminine
50235,female_feminine
16313,male_masculine
43933,female_feminine
15993,male_masculine
44589,female_feminine
5501,male_masculine
11389,male_masculine
14890,male_masculine
44576,female_feminine
55354,female_feminine
46483,female_feminine
44067,female_feminine
42741,female_feminine
9741,male_masculine
48222,female_feminine
46052,female_feminine
15132,male_masculine
39589,female_feminine
38326,female_feminine
15950,male_masculine
17766,male_masculine
47972,female_feminine
41039,female_feminine
15808,male_masculine
44825,female_feminine
39303,female_feminine
46234,female_feminine
42294,female_feminine
41332,female_feminine
50163,female_feminine
10834,male_masculine
1185,male_masculine
11846,male_masculine
42456,female_feminine
42043,female_feminine
442,male_masculine
9476,male_masculine
40658,female_feminine
43822,female_feminine
10888,male_masculine
41646,female_feminine
44691,female_feminine
38456,female_feminine
46801,female_feminine
46358,female_feminine
55702,female_feminine
6019,male_masculine
5255,male_masculine
42390,female_feminine
55496,female_feminine
48225,female_feminine
44038,female_feminine
40287,female_feminine
1319,male_masculine
39041,female_feminine
6391,male_masculine
16228,male_masculine
43824,female_feminine
11407,male_masculine
10200,male_masculine
18279,male_masculine
43493,female_feminine
16859,male_masculine
12192,male_masculine
9689,male_masculine
5648,male_masculine
11711,male_masculine
1282,male_masculine
39680,female_feminine
47491,female_feminine
13641,male_masculine
45447,female_feminine
6361,male_masculine
42586,female_feminine
87,male_masculine
18077,male_masculine
18015,male_masculine
42654,female_feminine
1007,male_masculine
39784,female_feminine
497,male_masculine
12,male_masculine
10032,male_masculine
48015,female_feminine
9539,male_masculine
41246,female_feminine
17612,male_masculine
17154,male_masculine
5901,male_masculine
44644,female_feminine
43048,female_feminine
44453,female_feminine
45982,female_feminine
55698,female_feminine
9926,male_masculine
38482,female_feminine
40799,female_feminine
45747,female_feminine
39621,female_feminine
11570,male_masculine
55360,female_feminine
10407,male_masculine
44636,female_feminine
38916,female_feminine
47297,female_feminine
40447,female_feminine
15515,male_masculine
17793,male_masculine
45512,female_feminine
55296,female_feminine
44087,female_feminine
46468,female_feminine
43860,female_feminine
11654,male_masculine
14747,male_masculine
611,male_masculine
41992,female_feminine
16379,male_masculine
39818,female_feminine
44298,female_feminine
16959,male_masculine
15540,male_masculine
47601,female_feminine
9524,male_masculine
13251,male_masculine
53846,female_feminine
44175,female_feminine
42464,female_feminine
42685,female_feminine
41466,female_feminine
39163,female_feminine
16460,male_masculine
17042,male_masculine
6463,male_masculine
6674,male_masculine
5291,male_masculine
17917,male_masculine
45563,female_feminine
16024,male_masculine
48085,female_feminine
764,male_masculine
1322,male_masculine
41663,female_feminine
15326,male_masculine
18226,male_masculine
18589,male_masculine
55493,female_feminine
38052,female_feminine
16261,male_masculine
5614,male_masculine
297,male_masculine
10722,male_masculine
10869,male_masculine
854,male_masculine
11431,male_masculine
46915,female_feminine
15447,male_masculine
42433,female_feminine
18032,male_masculine
554,male_masculine
44289,female_feminine
47454,female_feminine
44303,female_feminine
40537,female_feminine
45999,female_feminine
41000,female_feminine
43045,female_feminine
7120,male_masculine
55323,female_feminine
16917,male_masculine
47126,female_feminine
46667,female_feminine
38858,female_feminine
47656,female_feminine
7152,male_masculine
15944,male_masculine
11242,male_masculine
38200,female_feminine
39307,female_feminine
17647,male_masculine
11718,male_masculine
40388,female_feminine
381,male_masculine
54063,female_feminine
12287,male_masculine
7192,male_masculine
43802,female_feminine
10422,male_masculine
675,male_masculine
41841,female_feminine
3548,male_masculine
15527,male_masculine
46221,female_feminine
6331,male_masculine
46900,female_feminine
42634,female_feminine
15356,male_masculine
38236,female_feminine
9596,male_masculine
44111,female_feminine
39950,female_feminine
17257,male_masculine
47244,female_feminine
10683,male_masculine
5408,male_masculine
47854,female_feminine
43992,female_feminine
55785,female_feminine
40642,female_feminine
302,male_masculine
50222,female_feminine
9679,male_masculine
43375,female_feminine
38180,female_feminine
10729,male_masculine
18330,male_masculine
7067,male_masculine
43291,female_feminine
41242,female_feminine
45914,female_feminine
41438,female_feminine
880,male_masculine
9291,male_masculine
10894,male_masculine
46660,female_feminine
41729,female_feminine
44720,female_feminine
47819,female_feminine
9647,male_masculine
15127,male_masculine
42703,female_feminine
16408,male_masculine
18539,male_masculine
18168,male_masculine
42250,female_feminine
16075,male_masculine
39418,female_feminine
53551,female_feminine
11979,male_masculine
45411,female_feminine
16054,male_masculine
41667,female_feminine
55840,female_feminine
9583,male_masculine
40856,female_feminine
13596,male_masculine
55652,female_feminine
45260,female_feminine
12116,male_masculine
44500,female_feminine
6697,male_masculine
41549,female_feminine
47025,female_feminine
55620,female_feminine
55525,female_feminine
41382,female_feminine
47146,female_feminine
15175,male_masculine
46166,female_feminine
53847,female_feminine
44809,female_feminine
42635,female_feminine
10704,male_masculine
47883,female_feminine
44512,female_feminine
55612,female_feminine
5525,male_masculine
17981,male_masculine
55313,female_feminine
12189,male_masculine
47841,female_feminine
43448,female_feminine
13621,male_masculine
45509,female_feminine
5350,male_masculine
55878,female_feminine
11469,male_masculine
763,male_masculine
47441,female_feminine
15050,male_masculine
55259,female_feminine
12400,male_masculine
13062,male_masculine
53870,female_feminine
16197,male_masculine
44648,female_feminine
10488,male_masculine
46516,female_feminine
38166,female_feminine
45756,female_feminine
42844,female_feminine
15791,male_masculine
40806,female_feminine
43296,female_feminine
43113,female_feminine
6410,male_masculine
18066,male_masculine
6946,male_masculine
176,male_masculine
16031,male_masculine
38271,female_feminine
41196,female_feminine
55709,female_feminine
41203,female_feminine
44451,female_feminine
46073,female_feminine
38321,female_feminine
45419,female_feminine
5593,male_masculine
6815,male_masculine
16346,male_masculine
5277,male_masculine
16444,male_masculine
47360,female_feminine
9603,male_masculine
48223,female_feminine
965,male_masculine
10296,male_masculine
16242,male_masculine
11160,male_masculine
48448,female_feminine
55196,female_feminine
55061,female_feminine
47732,female_feminine
18270,male_masculine
6246,male_masculine
42355,female_feminine
18708,male_masculine
47405,female_feminine
10890,male_masculine
11309,male_masculine
44386,female_feminine
42080,female_feminine
41159,female_feminine
5311,male_masculine
46563,female_feminine
45255,female_feminine
42624,female_feminine
7054,male_masculine
45276,female_feminine
13681,male_masculine
55417,female_feminine
13492,male_masculine
43312,female_feminine
11305,male_masculine
39687,female_feminine
44885,female_feminine
48200,female_feminine
9775,male_masculine
17567,male_masculine
47173,female_feminine
16200,male_masculine
40501,female_feminine
18292,male_masculine
44254,female_feminine
53564,female_feminine
16762,male_masculine
42450,female_feminine
42003,female_feminine
641,male_masculine
10305,male_masculine
44349,female_feminine
7206,male_masculine
44880,female_feminine
54062,female_feminine
1483,male_masculine
55100,female_feminine
18618,male_masculine
46169,female_feminine
9449,male_masculine
11103,male_masculine
46896,female_feminine
14785,male_masculine
42187,female_feminine
46999,female_feminine
47648,female_feminine
44876,female_feminine
17867,male_masculine
12341,male_masculine
6433,male_masculine
41226,female_feminine
39,male_masculine
1448,male_masculine
72,male_masculine
39495,female_feminine
48090,female_feminine
10808,male_masculine
45799,female_feminine
15071,male_masculine
6823,male_masculine
15814,male_masculine
40518,female_feminine
16743,male_masculine
55866,female_feminine
1035,male_masculine
45110,female_feminine
40517,female_feminine
45243,female_feminine
47250,female_feminine
9922,male_masculine
44486,female_feminine
17155,male_masculine
40102,female_feminine
47170,female_feminine
55471,female_feminine
17132,male_masculine
45612,female_feminine
43447,female_feminine
53941,female_feminine
42197,female_feminine
45935,female_feminine
12290,male_masculine
41365,female_feminine
13640,male_masculine
15406,male_masculine
627,male_masculine
17678,male_masculine
42036,female_feminine
46076,female_feminine
17134,male_masculine
40299,female_feminine
5643,male_masculine
13379,male_masculine
6286,male_masculine
18333,male_masculine
11887,male_masculine
45834,female_feminine
974,male_masculine
15486,male_masculine
6514,male_masculine
48208,female_feminine
39147,female_feminine
16660,male_masculine
621,male_masculine
16055,male_masculine
42045,female_feminine
46058,female_feminine
15968,male_masculine
39795,female_feminine
46939,female_feminine
5685,male_masculine
10603,male_masculine
41652,female_feminine
17431,male_masculine
39282,female_feminine
46480,female_feminine
40580,female_feminine
54,male_masculine
48459,female_feminine
44459,female_feminine
42647,female_feminine
47639,female_feminine
42905,female_feminine
41499,female_feminine
45323,female_feminine
650,male_masculine
6032,male_masculine
10462,male_masculine
42673,female_feminine
10107,male_masculine
38116,female_feminine
5397,male_masculine
40090,female_feminine
6134,male_masculine
1415,male_masculine
7204,male_masculine
6332,male_masculine
46763,female_feminine
39895,female_feminine
15336,male_masculine
40595,female_feminine
43567,female_feminine
11324,male_masculine
50267,female_feminine
13111,male_masculine
45346,female_feminine
16410,male_masculine
15926,male_masculine
15352,male_masculine
53901,female_feminine
40699,female_feminine
7182,male_masculine
47185,female_feminine
11524,male_masculine
15226,male_masculine
16188,male_masculine
41861,female_feminine
46970,female_feminine
42563,female_feminine
45161,female_feminine
5409,male_masculine
47987,female_feminine
14780,male_masculine
45807,female_feminine
16056,male_masculine
48219,female_feminine
17384,male_masculine
12243,male_masculine
1285,male_masculine
12131,male_masculine
39157,female_feminine
10880,male_masculine
889,male_masculine
53674,female_feminine
46407,female_feminine
46474,female_feminine
40215,female_feminine
53943,female_feminine
47721,female_feminine
42572,female_feminine
10643,male_masculine
9438,male_masculine
55837,female_feminine
11406,male_masculine
16975,male_masculine
15424,male_masculine
53841,female_feminine
16582,male_masculine
47922,female_feminine
18680,male_masculine
40004,female_feminine
55626,female_feminine
16846,male_masculine
45668,female_feminine
10138,male_masculine
43373,female_feminine
44080,female_feminine
18259,male_masculine
16553,male_masculine
40025,female_feminine
6636,male_masculine
48201,female_feminine
13169,male_masculine
16995,male_masculine
16052,male_masculine
9456,male_masculine
16171,male_masculine
46476,female_feminine
38921,female_feminine
5707,male_masculine
15516,male_masculine
9315,male_masculine
45487,female_feminine
45120,female_feminine
9463,male_masculine
45106,female_feminine
17468,male_masculine
48045,female_feminine
47470,female_feminine
14955,male_masculine
5207,male_masculine
42301,female_feminine
40399,female_feminine
11485,male_masculine
16357,male_masculine
55241,female_feminine
39464,female_feminine
42326,female_feminine
15214,male_masculine
11211,male_masculine
47520,female_feminine
10551,male_masculine
46271,female_feminine
18670,male_masculine
43527,female_feminine
38399,female_feminine
47160,female_feminine
13620,male_masculine
53668,female_feminine
11374,male_masculine
43647,female_feminine
55281,female_feminine
15246,male_masculine
45474,female_feminine
40321,female_feminine
704,male_masculine
1941,male_masculine
14916,male_masculine
18592,male_masculine
44788,female_feminine
39069,female_feminine
6739,male_masculine
44557,female_feminine
17516,male_masculine
10876,male_masculine
39739,female_feminine
47195,female_feminine
11053,male_masculine
50230,female_feminine
492,male_masculine
645,male_masculine
53814,female_feminine
17653,male_masculine
46010,female_feminine
55786,female_feminine
55228,female_feminine
47679,female_feminine
47438,female_feminine
778,male_masculine
17535,male_masculine
11048,male_masculine
47153,female_feminine
6806,male_masculine
16961,male_masculine
14907,male_masculine
46442,female_feminine
7324,male_masculine
42894,female_feminine
46756,female_feminine
55898,female_feminine
5654,male_masculine
10829,male_masculine
55443,female_feminine
10321,male_masculine
47083,female_feminine
40800,female_feminine
38480,female_feminine
406,male_masculine
16026,male_masculine
55593,female_feminine
38100,female_feminine
47098,female_feminine
1215,male_masculine
39109,female_feminine
16559,male_masculine
1136,male_masculine
42162,female_feminine
53891,female_feminine
45376,female_feminine
38591,female_feminine
46676,female_feminine
16461,male_masculine
47404,female_feminine
16621,male_masculine
9931,male_masculine
41040,female_feminine
46007,female_feminine
10400,male_masculine
18338,male_masculine
50182,female_feminine
38982,female_feminine
18650,male_masculine
39314,female_feminine
42729,female_feminine
47277,female_feminine
41644,female_feminine
16348,male_masculine
42973,female_feminine
41221,female_feminine
45343,female_feminine
53752,female_feminine
10733,male_masculine
10372,male_masculine
543,male_masculine
1131,male_masculine
48041,female_feminine
18177,male_masculine
13068,male_masculine
16058,male_masculine
46887,female_feminine
18119,male_masculine
55645,female_feminine
5402,male_masculine
55791,female_feminine
7123,male_masculine
47472,female_feminine
47564,female_feminine
55941,female_feminine
39005,female_feminine
41055,female_feminine
11471,male_masculine
44811,female_feminine
40010,female_feminine
46420,female_feminine
17686,male_masculine
43701,female_feminine
55737,female_feminine
43588,female_feminine
6961,male_masculine
55847,female_feminine
55322,female_feminine
11908,male_masculine
40154,female_feminine
47439,female_feminine
42985,female_feminine
41398,female_feminine
45234,female_feminine
55250,female_feminine
762,male_masculine
45666,female_feminine
10112,male_masculine
15010,male_masculine
13455,male_masculine
7338,male_masculine
9883,male_masculine
46953,female_feminine
11442,male_masculine
39861,female_feminine
40313,female_feminine
46304,female_feminine
9475,male_masculine
18530,male_masculine
5712,male_masculine
13192,male_masculine
45753,female_feminine
17665,male_masculine
1593,male_masculine
11971,male_masculine
42730,female_feminine
43889,female_feminine
16431,male_masculine
41995,female_feminine
922,male_masculine
44839,female_feminine
11201,male_masculine
5361,male_masculine
40485,female_feminine
445,male_masculine
10689,male_masculine
39225,female_feminine
9238,male_masculine
38273,female_feminine
17636,male_masculine
642,male_masculine
11922,male_masculine
42626,female_feminine
6401,male_masculine
15098,male_masculine
41833,female_feminine
48005,female_feminine
41125,female_feminine
40880,female_feminine
55547,female_feminine
45720,female_feminine
18507,male_masculine
12280,male_masculine
54104,female_feminine
10825,male_masculine
15276,male_masculine
138,male_masculine
55129,female_feminine
14930,male_masculine
16745,male_masculine
53873,female_feminine
43360,female_feminine
47231,female_feminine
6048,male_masculine
9986,male_masculine
47952,female_feminine
42089,female_feminine
9776,male_masculine
40890,female_feminine
1005,male_masculine
42351,female_feminine
46730,female_feminine
45575,female_feminine
16829,male_masculine
46394,female_feminine
47947,female_feminine
9691,male_masculine
13731,male_masculine
45809,female_feminine
39145,female_feminine
17549,male_masculine
39832,female_feminine
6395,male_masculine
9685,male_masculine
15576,male_masculine
39194,female_feminine
55245,female_feminine
11321,male_masculine
18585,male_masculine
9800,male_masculine
15991,male_masculine
41936,female_feminine
11753,male_masculine
55695,female_feminine
18351,male_masculine
40461,female_feminine
55855,female_feminine
41483,female_feminine
5267,male_masculine
9880,male_masculine
46467,female_feminine
17854,male_masculine
18192,male_masculine
18535,male_masculine
17339,male_masculine
50339,female_feminine
42707,female_feminine
18166,male_masculine
561,male_masculine
45560,female_feminine
55366,female_feminine
6798,male_masculine
13607,male_masculine
9360,male_masculine
40041,female_feminine
55669,female_feminine
10180,male_masculine
13153,male_masculine
13386,male_masculine
47341,female_feminine
5850,male_masculine
16899,male_masculine
1942,male_masculine
45796,female_feminine
18385,male_masculine
5305,male_masculine
17030,male_masculine
9478,male_masculine
5858,male_masculine
38739,female_feminine
39177,female_feminine
41333,female_feminine
6104,male_masculine
48154,female_feminine
46629,female_feminine
16512,male_masculine
46383,female_feminine
46218,female_feminine
48104,female_feminine
43614,female_feminine
1084,male_masculine
12328,male_masculine
39790,female_feminine
17704,male_masculine
1937,male_masculine
40632,female_feminine
1083,male_masculine
42847,female_feminine
40711,female_feminine
46759,female_feminine
12351,male_masculine
55099,female_feminine
41870,female_feminine
11146,male_masculine
45530,female_feminine
43629,female_feminine
478,male_masculine
13040,male_masculine
43681,female_feminine
15582,male_masculine
42852,female_feminine
43763,female_feminine
16817,male_masculine
9699,male_masculine
48081,female_feminine
47203,female_feminine
47847,female_feminine
7247,male_masculine
38589,female_feminine
14969,male_masculine
53872,female_feminine
11712,male_masculine
48054,female_feminine
17902,male_masculine
10730,male_masculine
55923,female_feminine
17959,male_masculine
116,male_masculine
184,male_masculine
38704,female_feminine
55954,female_feminine
5963,male_masculine
44909,female_feminine
46719,female_feminine
45593,female_feminine
54057,female_feminine
48175,female_feminine
53863,female_feminine
17622,male_masculine
13078,male_masculine
11144,male_masculine
45516,female_feminine
44594,female_feminine
10086,male_masculine
46350,female_feminine
17311,male_masculine
42404,female_feminine
41072,female_feminine
46627,female_feminine
11867,male_masculine
38195,female_feminine
42960,female_feminine
17045,male_masculine
871,male_masculine
55275,female_feminine
50312,female_feminine
38257,female_feminine
9917,male_masculine
40489,female_feminine
38769,female_feminine
1111,male_masculine
46737,female_feminine
16796,male_masculine
15910,male_masculine
10971,male_masculine
18155,male_masculine
47885,female_feminine
7229,male_masculine
40620,female_feminine
43669,female_feminine
55719,female_feminine
38695,female_feminine
53992,female_feminine
42074,female_feminine
11660,male_masculine
1120,male_masculine
43203,female_feminine
17062,male_masculine
18619,male_masculine
43119,female_feminine
5955,male_masculine
17617,male_masculine
5430,male_masculine
44034,female_feminine
43379,female_feminine
11367,male_masculine
5944,male_masculine
43371,female_feminine
1169,male_masculine
9948,male_masculine
42548,female_feminine
41916,female_feminine
39618,female_feminine
55537,female_feminine
18554,male_masculine
14891,male_masculine
45843,female_feminine
43289,female_feminine
18107,male_masculine
15578,male_masculine
6007,male_masculine
39763,female_feminine
45445,female_feminine
1425,male_masculine
44263,female_feminine
6402,male_masculine
40492,female_feminine
10374,male_masculine
47224,female_feminine
14951,male_masculine
42749,female_feminine
16330,male_masculine
47658,female_feminine
42872,female_feminine
11667,male_masculine
41139,female_feminine
5399,male_masculine
45288,female_feminine
11100,male_masculine
5300,male_masculine
10238,male_masculine
15323,male_masculine
9469,male_masculine
38676,female_feminine
131,male_masculine
41564,female_feminine
41799,female_feminine
38118,female_feminine
17440,male_masculine
10543,male_masculine
18454,male_masculine
55764,female_feminine
45852,female_feminine
38256,female_feminine
7246,male_masculine
1417,male_masculine
46920,female_feminine
9585,male_masculine
13555,male_masculine
45655,female_feminine
53784,female_feminine
41471,female_feminine
16172,male_masculine
12205,male_masculine
5302,male_masculine
39448,female_feminine
45211,female_feminine
12185,male_masculine
12299,male_masculine
41929,female_feminine
42203,female_feminine
41585,female_feminine
13245,male_masculine
40850,female_feminine
53544,female_feminine
44964,female_feminine
6149,male_masculine
47474,female_feminine
270,male_masculine
46642,female_feminine
46691,female_feminine
38702,female_feminine
12394,male_masculine
39745,female_feminine
16861,male_masculine
43720,female_feminine
40944,female_feminine
12000,male_masculine
39534,female_feminine
12355,male_masculine
48075,female_feminine
43902,female_feminine
39478,female_feminine
40829,female_feminine
12069,male_masculine
17908,male_masculine
10802,male_masculine
39226,female_feminine
43991,female_feminine
13580,male_masculine
874,male_masculine
10389,male_masculine
666,male_masculine
39302,female_feminine
44637,female_feminine
44121,female_feminine
46976,female_feminine
41960,female_feminine
42789,female_feminine
14837,male_masculine
45056,female_feminine
609,male_masculine
41715,female_feminine
40436,female_feminine
43319,female_feminine
1508,male_masculine
41070,female_feminine
9543,male_masculine
55194,female_feminine
48061,female_feminine
40841,female_feminine
41575,female_feminine
18356,male_masculine
39514,female_feminine
41126,female_feminine
9653,male_masculine
39552,female_feminine
13450,male_masculine
5636,male_masculine
5867,male_masculine
39820,female_feminine
44120,female_feminine
45471,female_feminine
6971,male_masculine
1089,male_masculine
12925,male_masculine
5420,male_masculine
15758,male_masculine
42897,female_feminine
50149,female_feminine
12365,male_masculine
13150,male_masculine
3561,male_masculine
45155,female_feminine
45821,female_feminine
42843,female_feminine
16539,male_masculine
38614,female_feminine
17691,male_masculine
48257,female_feminine
48419,female_feminine
10530,male_masculine
46057,female_feminine
10003,male_masculine
15741,male_masculine
47010,female_feminine
47396,female_feminine
53650,female_feminine
41527,female_feminine
17994,male_masculine
42318,female_feminine
53638,female_feminine
47779,female_feminine
43352,female_feminine
13079,male_masculine
44661,female_feminine
39829,female_feminine
6277,male_masculine
15225,male_masculine
47342,female_feminine
5325,male_masculine
47665,female_feminine
39201,female_feminine
42400,female_feminine
45637,female_feminine
47749,female_feminine
45075,female_feminine
53741,female_feminine
15913,male_masculine
44213,female_feminine
39047,female_feminine
12381,male_masculine
16102,male_masculine
47509,female_feminine
38550,female_feminine
46962,female_feminine
10604,male_masculine
9561,male_masculine
16557,male_masculine
43336,female_feminine
362,male_masculine
10985,male_masculine
15325,male_masculine
5580,male_masculine
47512,female_feminine
38267,female_feminine
38270,female_feminine
40148,female_feminine
47008,female_feminine
16153,male_masculine
46186,female_feminine
5269,male_masculine
46729,female_feminine
6341,male_masculine
16526,male_masculine
12176,male_masculine
36,male_masculine
43223,female_feminine
11384,male_masculine
46121,female_feminine
829,male_masculine
16281,male_masculine
41625,female_feminine
5357,male_masculine
47789,female_feminine
38477,female_feminine
16732,male_masculine
45533,female_feminine
40204,female_feminine
10673,male_masculine
15566,male_masculine
43544,female_feminine
44458,female_feminine
42935,female_feminine
16291,male_masculine
47344,female_feminine
238,male_masculine
55935,female_feminine
39168,female_feminine
39407,female_feminine
13719,male_masculine
13341,male_masculine
47549,female_feminine
18105,male_masculine
41553,female_feminine
40946,female_feminine
39574,female_feminine
6363,male_masculine
44088,female_feminine
40797,female_feminine
47553,female_feminine
50248,female_feminine
17270,male_masculine
39855,female_feminine
43659,female_feminine
1244,male_masculine
47372,female_feminine
47811,female_feminine
47469,female_feminine
42057,female_feminine
15021,male_masculine
44003,female_feminine
43982,female_feminine
5433,male_masculine
41030,female_feminine
44716,female_feminine
47402,female_feminine
44664,female_feminine
10349,male_masculine
6936,male_masculine
44172,female_feminine
41735,female_feminine
15932,male_masculine
11390,male_masculine
45870,female_feminine
53919,female_feminine
45861,female_feminine
17492,male_masculine
41058,female_feminine
12067,male_masculine
6034,male_masculine
11381,male_masculine
6207,male_masculine
18287,male_masculine
6594,male_masculine
18513,male_masculine
43285,female_feminine
12040,male_masculine
41921,female_feminine
505,male_masculine
13511,male_masculine
46742,female_feminine
10125,male_masculine
46714,female_feminine
16601,male_masculine
43718,female_feminine
1199,male_masculine
38910,female_feminine
44790,female_feminine
43625,female_feminine
45525,female_feminine
10410,male_masculine
48143,female_feminine
40165,female_feminine
16491,male_masculine
39553,female_feminine
50309,female_feminine
40697,female_feminine
12378,male_masculine
47149,female_feminine
16157,male_masculine
18147,male_masculine
42428,female_feminine
38538,female_feminine
18034,male_masculine
46101,female_feminine
43349,female_feminine
18448,male_masculine
16004,male_masculine
18649,male_masculine
46829,female_feminine
41941,female_feminine
6327,male_masculine
47142,female_feminine
15374,male_masculine
45256,female_feminine
38115,female_feminine
11859,male_masculine
46457,female_feminine
39686,female_feminine
42296,female_feminine
18040,male_masculine
17316,male_masculine
13482,male_masculine
42149,female_feminine
48217,female_feminine
45822,female_feminine
38376,female_feminine
44907,female_feminine
16659,male_masculine
48318,female_feminine
1209,male_masculine
16182,male_masculine
40343,female_feminine
13599,male_masculine
15278,male_masculine
5847,male_masculine
42811,female_feminine
18450,male_masculine
40532,female_feminine
6136,male_masculine
40847,female_feminine
38568,female_feminine
47804,female_feminine
11165,male_masculine
896,male_masculine
50209,female_feminine
38417,female_feminine
41393,female_feminine
41731,female_feminine
53708,female_feminine
6871,male_masculine
10484,male_masculine
41780,female_feminine
41724,female_feminine
44626,female_feminine
55054,female_feminine
6389,male_masculine
9482,male_masculine
17425,male_masculine
5739,male_masculine
9381,male_masculine
798,male_masculine
47227,female_feminine
13518,male_masculine
44357,female_feminine
45726,female_feminine
16321,male_masculine
39765,female_feminine
1158,male_masculine
40016,female_feminine
9219,male_masculine
10477,male_masculine
5444,male_masculine
48299,female_feminine
47287,female_feminine
48309,female_feminine
16418,male_masculine
55562,female_feminine
15007,male_masculine
53867,female_feminine
45738,female_feminine
9547,male_masculine
39538,female_feminine
11314,male_masculine
53917,female_feminine
10709,male_masculine
43197,female_feminine
18261,male_masculine
41093,female_feminine
17765,male_masculine
16748,male_masculine
18738,male_masculine
47018,female_feminine
11418,male_masculine
13501,male_masculine
11079,male_masculine
7142,male_masculine
11798,male_masculine
39817,female_feminine
43118,female_feminine
395,male_masculine
43134,female_feminine
42083,female_feminine
11593,male_masculine
31,male_masculine
5742,male_masculine
43599,female_feminine
5518,male_masculine
39887,female_feminine
11947,male_masculine
11280,male_masculine
55934,female_feminine
55179,female_feminine
11991,male_masculine
43453,female_feminine
42959,female_feminine
16473,male_masculine
10745,male_masculine
18337,male_masculine
9644,male_masculine
10215,male_masculine
17151,male_masculine
39492,female_feminine
38471,female_feminine
16514,male_masculine
44791,female_feminine
11281,male_masculine
46532,female_feminine
46662,female_feminine
38204,female_feminine
46723,female_feminine
5530,male_masculine
6245,male_masculine
435,male_masculine
44713,female_feminine
43208,female_feminine
44291,female_feminine
16599,male_masculine
43209,female_feminine
40984,female_feminine
41832,female_feminine
7304,male_masculine
38814,female_feminine
17391,male_masculine
45521,female_feminine
53890,female_feminine
46948,female_feminine
17546,male_masculine
38292,female_feminine
40738,female_feminine
45732,female_feminine
11525,male_masculine
55351,female_feminine
39371,female_feminine
5875,male_masculine
42324,female_feminine
16260,male_masculine
52186,female_feminine
46124,female_feminine
16073,male_masculine
39250,female_feminine
55553,female_feminine
11906,male_masculine
16878,male_masculine
38214,female_feminine
3569,male_masculine
46821,female_feminine
47325,female_feminine
39724,female_feminine
5810,male_masculine
251,male_masculine
12102,male_masculine
39130,female_feminine
47466,female_feminine
17627,male_masculine
16920,male_masculine
55143,female_feminine
46088,female_feminine
40601,female_feminine
44531,female_feminine
40905,female_feminine
12397,male_masculine
11591,male_masculine
16235,male_masculine
11216,male_masculine
11142,male_masculine
54108,female_feminine
42694,female_feminine
18153,male_masculine
43890,female_feminine
16541,male_masculine
41675,female_feminine
46551,female_feminine
10626,male_masculine
48118,female_feminine
41789,female_feminine
1050,male_masculine
46864,female_feminine
17558,male_masculine
10978,male_masculine
54071,female_feminine
44556,female_feminine
43508,female_feminine
13110,male_masculine
45421,female_feminine
9551,male_masculine
636,male_masculine
43912,female_feminine
43909,female_feminine
12228,male_masculine
6799,male_masculine
18522,male_masculine
43689,female_feminine
11206,male_masculine
39208,female_feminine
53665,female_feminine
14911,male_masculine
45832,female_feminine
40863,female_feminine
16421,male_masculine
48392,female_feminine
44299,female_feminine
46824,female_feminine
11860,male_masculine
17079,male_masculine
512,male_masculine
38586,female_feminine
40382,female_feminine
303,male_masculine
6318,male_masculine
15081,male_masculine
6780,male_masculine
6855,male_masculine
18460,male_masculine
5558,male_masculine
16502,male_masculine
9542,male_masculine
48176,female_feminine
50313,female_feminine
16011,male_masculine
17965,male_masculine
17692,male_masculine
44953,female_feminine
14818,male_masculine
47210,female_feminine
40107,female_feminine
6066,male_masculine
46501,female_feminine
43408,female_feminine
16038,male_masculine
16561,male_masculine
10957,male_masculine
41529,female_feminine
42570,female_feminine
46023,female_feminine
7382,male_masculine
42830,female_feminine
11695,male_masculine
7059,male_masculine
5814,male_masculine
1540,male_masculine
15626,male_masculine
17191,male_masculine
42697,female_feminine
17244,male_masculine
12260,male_masculine
55042,female_feminine
16078,male_masculine
6182,male_masculine
45163,female_feminine
1207,male_masculine
9448,male_masculine
16671,male_masculine
7175,male_masculine
55221,female_feminine
14892,male_masculine
53600,female_feminine
45837,female_feminine
10865,male_masculine
18681,male_masculine
47133,female_feminine
55601,female_feminine
38819,female_feminine
9361,male_masculine
17354,male_masculine
15022,male_masculine
16300,male_masculine
40333,female_feminine
12173,male_masculine
12318,male_masculine
44752,female_feminine
9403,male_masculine
17662,male_masculine
38694,female_feminine
45546,female_feminine
40785,female_feminine
38725,female_feminine
1195,male_masculine
42461,female_feminine
43970,female_feminine
12066,male_masculine
55624,female_feminine
40500,female_feminine
11812,male_masculine
6576,male_masculine
1499,male_masculine
42967,female_feminine
18081,male_masculine
12231,male_masculine
43067,female_feminine
43703,female_feminine
43050,female_feminine
13465,male_masculine
434,male_masculine
50186,female_feminine
38663,female_feminine
17637,male_masculine
38771,female_feminine
43559,female_feminine
45345,female_feminine
47585,female_feminine
43955,female_feminine
17441,male_masculine
857,male_masculine
48339,female_feminine
10828,male_masculine
41117,female_feminine
40951,female_feminine
5227,male_masculine
55470,female_feminine
11018,male_masculine
42573,female_feminine
1265,male_masculine
18405,male_masculine
45292,female_feminine
39699,female_feminine
39896,female_feminine
40788,female_feminine
7346,male_masculine
1155,male_masculine
18197,male_masculine
44856,female_feminine
46533,female_feminine
41587,female_feminine
45370,female_feminine
1165,male_masculine
16697,male_masculine
13240,male_masculine
10052,male_masculine
45119,female_feminine
14810,male_masculine
45171,female_feminine
43362,female_feminine
39971,female_feminine
15894,male_masculine
42354,female_feminine
9688,male_masculine
46511,female_feminine
11923,male_masculine
46556,female_feminine
40353,female_feminine
41054,female_feminine
18325,male_masculine
1114,male_masculine
17236,male_masculine
11668,male_masculine
17857,male_masculine
16800,male_masculine
5236,male_masculine
17135,male_masculine
276,male_masculine
40137,female_feminine
6710,male_masculine
39833,female_feminine
441,male_masculine
46823,female_feminine
15401,male_masculine
13713,male_masculine
53953,female_feminine
11424,male_masculine
12943,male_masculine
42498,female_feminine
644,male_masculine
14879,male_masculine
38915,female_feminine
55794,female_feminine
40456,female_feminine
42085,female_feminine
44398,female_feminine
17503,male_masculine
12013,male_masculine
54003,female_feminine
43079,female_feminine
13541,male_masculine
9676,male_masculine
41740,female_feminine
15817,male_masculine
975,male_masculine
53878,female_feminine
55380,female_feminine
44051,female_feminine
47048,female_feminine
566,male_masculine
44267,female_feminine
44395,female_feminine
41194,female_feminine
17590,male_masculine
41892,female_feminine
13308,male_masculine
16947,male_masculine
6808,male_masculine
41076,female_feminine
18315,male_masculine
38327,female_feminine
38851,female_feminine
552,male_masculine
10153,male_masculine
17421,male_masculine
38147,female_feminine
1094,male_masculine
38682,female_feminine
53989,female_feminine
45836,female_feminine
6794,male_masculine
11785,male_masculine
53576,female_feminine
16956,male_masculine
42286,female_feminine
6499,male_masculine
11128,male_masculine
38464,female_feminine
1372,male_masculine
17266,male_masculine
196,male_masculine
18009,male_masculine
18108,male_masculine
47492,female_feminine
42728,female_feminine
17631,male_masculine
38622,female_feminine
45383,female_feminine
17800,male_masculine
5611,male_masculine
11307,male_masculine
6196,male_masculine
12081,male_masculine
15301,male_masculine
55670,female_feminine
9526,male_masculine
39953,female_feminine
39279,female_feminine
45584,female_feminine
44489,female_feminine
53726,female_feminine
41752,female_feminine
44039,female_feminine
42763,female_feminine
40982,female_feminine
41214,female_feminine
13753,male_masculine
12070,male_masculine
40636,female_feminine
41153,female_feminine
43631,female_feminine
16542,male_masculine
46393,female_feminine
11244,male_masculine
38692,female_feminine
38049,female_feminine
11845,male_masculine
39036,female_feminine
42192,female_feminine
18375,male_masculine
44579,female_feminine
43863,female_feminine
44200,female_feminine
43280,female_feminine
42774,female_feminine
13532,male_masculine
43157,female_feminine
16500,male_masculine
44456,female_feminine
6549,male_masculine
6460,male_masculine
40769,female_feminine
39179,female_feminine
10751,male_masculine
41265,female_feminine
17853,male_masculine
38770,female_feminine
12007,male_masculine
41043,female_feminine
7237,male_masculine
44987,female_feminine
45733,female_feminine
43596,female_feminine
6184,male_masculine
12180,male_masculine
43502,female_feminine
17597,male_masculine
614,male_masculine
15688,male_masculine
44417,female_feminine
55476,female_feminine
41863,female_feminine
47322,female_feminine
41546,female_feminine
9569,male_masculine
15989,male_masculine
7205,male_masculine
6538,male_masculine
13759,male_masculine
6738,male_masculine
245,male_masculine
1029,male_masculine
10149,male_masculine
42821,female_feminine
603,male_masculine
1325,male_masculine
41966,female_feminine
41610,female_feminine
44998,female_feminine
7239,male_masculine
53625,female_feminine
9319,male_masculine
18309,male_masculine
11303,male_masculine
11808,male_masculine
46104,female_feminine
9624,male_masculine
46043,female_feminine
16069,male_masculine
17473,male_masculine
47701,female_feminine
683,male_masculine
17727,male_masculine
44187,female_feminine
42965,female_feminine
10359,male_masculine
47812,female_feminine
18187,male_masculine
6101,male_masculine
15003,male_masculine
38138,female_feminine
5211,male_masculine
53698,female_feminine
39716,female_feminine
10143,male_masculine
43628,female_feminine
18280,male_masculine
55361,female_feminine
41175,female_feminine
41543,female_feminine
16401,male_masculine
55877,female_feminine
11049,male_masculine
44216,female_feminine
39571,female_feminine
11369,male_masculine
46919,female_feminine
44749,female_feminine
11135,male_masculine
33,male_masculine
1592,male_masculine
16668,male_masculine
40335,female_feminine
39262,female_feminine
41211,female_feminine
16234,male_masculine
44463,female_feminine
18433,male_masculine
45587,female_feminine
46231,female_feminine
15883,male_masculine
16308,male_masculine
18717,male_masculine
45582,female_feminine
6604,male_masculine
40616,female_feminine
17877,male_masculine
46866,female_feminine
7125,male_masculine
39787,female_feminine
47825,female_feminine
47826,female_feminine
5996,male_masculine
48211,female_feminine
47497,female_feminine
16104,male_masculine
47992,female_feminine
1020,male_masculine
5693,male_masculine
6420,male_masculine
16304,male_masculine
12157,male_masculine
45197,female_feminine
45061,female_feminine
16399,male_masculine
7102,male_masculine
12127,male_masculine
10453,male_masculine
54085,female_feminine
13196,male_masculine
262,male_masculine
6793,male_masculine
42397,female_feminine
15717,male_masculine
18070,male_masculine
42667,female_feminine
40996,female_feminine
9,male_masculine
14812,male_masculine
43825,female_feminine
40544,female_feminine
9988,male_masculine
17813,male_masculine
55414,female_feminine
12256,male_masculine
1541,male_masculine
506,male_masculine
5692,male_masculine
41234,female_feminine
9334,male_masculine
17871,male_masculine
40891,female_feminine
41498,female_feminine
10758,male_masculine
7380,male_masculine
44421,female_feminine
13665,male_masculine
41389,female_feminine
3564,male_masculine
38179,female_feminine
39210,female_feminine
53854,female_feminine
15366,male_masculine
44914,female_feminine
38233,female_feminine
38788,female_feminine
6985,male_masculine
55355,female_feminine
42939,female_feminine
40762,female_feminine
155,male_masculine
39848,female_feminine
43308,female_feminine
10033,male_masculine
47695,female_feminine
13280,male_masculine
833,male_masculine
17608,male_masculine
14869,male_masculine
11043,male_masculine
53801,female_feminine
15144,male_masculine
46292,female_feminine
631,male_masculine
55419,female_feminine
41464,female_feminine
42255,female_feminine
42105,female_feminine
43182,female_feminine
370,male_masculine
40926,female_feminine
44993,female_feminine
45285,female_feminine
13529,male_masculine
14956,male_masculine
127,male_masculine
15700,male_masculine
9261,male_masculine
13704,male_masculine
39640,female_feminine
17553,male_masculine
9188,male_masculine
17137,male_masculine
40180,female_feminine
44854,female_feminine
41840,female_feminine
43165,female_feminine
13490,male_masculine
830,male_masculine
1014,male_masculine
38035,female_feminine
50303,female_feminine
44273,female_feminine
41373,female_feminine
14957,male_masculine
5499,male_masculine
16579,male_masculine
55157,female_feminine
6618,male_masculine
43778,female_feminine
55936,female_feminine
44805,female_feminine
16763,male_masculine
39973,female_feminine
9821,male_masculine
746,male_masculine
46583,female_feminine
45711,female_feminine
367,male_masculine
1227,male_masculine
1196,male_masculine
1015,male_masculine
40408,female_feminine
46876,female_feminine
11849,male_masculine
3,male_masculine
41112,female_feminine
39847,female_feminine
15985,male_masculine
45879,female_feminine
55145,female_feminine
50291,female_feminine
12121,male_masculine
41573,female_feminine
3545,male_masculine
42459,female_feminine
55906,female_feminine
15829,male_masculine
9869,male_masculine
13466,male_masculine
17966,male_masculine
1271,male_masculine
55644,female_feminine
43919,female_feminine
44255,female_feminine
17448,male_masculine
9593,male_masculine
38098,female_feminine
46839,female_feminine
48168,female_feminine
17761,male_masculine
16405,male_masculine
13430,male_masculine
6072,male_masculine
15761,male_masculine
20127,female_feminine
10501,male_masculine
17130,male_masculine
15208,male_masculine
40205,female_feminine
45115,female_feminine
18571,male_masculine
46440,female_feminine
41190,female_feminine
47895,female_feminine
45712,female_feminine
46486,female_feminine
15014,male_masculine
10734,male_masculine
114,male_masculine
52141,female_feminine
42674,female_feminine
5761,male_masculine
41343,female_feminine
18402,male_masculine
15440,male_masculine
39859,female_feminine
42325,female_feminine
46035,female_feminine
38168,female_feminine
15937,male_masculine
9474,male_masculine
39617,female_feminine
607,male_masculine
40422,female_feminine
47808,female_feminine
44976,female_feminine
46064,female_feminine
39260,female_feminine
43215,female_feminine
42200,female_feminine
7357,male_masculine
50342,female_feminine
47905,female_feminine
18667,male_masculine
13733,male_masculine
6899,male_masculine
6369,male_masculine
17957,male_masculine
46134,female_feminine
40046,female_feminine
53729,female_feminine
10470,male_masculine
42010,female_feminine
47209,female_feminine
5248,male_masculine
10756,male_masculine
16315,male_masculine
298,male_masculine
47603,female_feminine
53920,female_feminine
39920,female_feminine
40227,female_feminine
16866,male_masculine
13189,male_masculine
9943,male_masculine
13653,male_masculine
50170,female_feminine
5607,male_masculine
5459,male_masculine
5242,male_masculine
45070,female_feminine
47894,female_feminine
53716,female_feminine
10666,male_masculine
6970,male_masculine
16386,male_masculine
11960,male_masculine
39682,female_feminine
15734,male_masculine
44966,female_feminine
44000,female_feminine
13558,male_masculine
43082,female_feminine
15659,male_masculine
43143,female_feminine
15668,male_masculine
6166,male_masculine
16970,male_masculine
42831,female_feminine
40955,female_feminine
7293,male_masculine
11900,male_masculine
13464,male_masculine
9657,male_masculine
45444,female_feminine
41276,female_feminine
45497,female_feminine
13748,male_masculine
10370,male_masculine
13493,male_masculine
10875,male_masculine
15680,male_masculine
42017,female_feminine
41321,female_feminine
42195,female_feminine
55279,female_feminine
44089,female_feminine
9419,male_masculine
6133,male_masculine
46971,female_feminine
11379,male_masculine
15403,male_masculine
43533,female_feminine
46924,female_feminine
13584,male_masculine
10361,male_masculine
38085,female_feminine
15340,male_masculine
1060,male_masculine
11559,male_masculine
15748,male_masculine
15283,male_masculine
47688,female_feminine
44205,female_feminine
38645,female_feminine
41077,female_feminine
43876,female_feminine
17566,male_masculine
13424,male_masculine
41676,female_feminine
55804,female_feminine
12072,male_masculine
16759,male_masculine
41880,female_feminine
38235,female_feminine
47109,female_feminine
16097,male_masculine
45299,female_feminine
42371,female_feminine
9892,male_masculine
11757,male_masculine
14782,male_masculine
38699,female_feminine
55813,female_feminine
44339,female_feminine
11452,male_masculine
42229,female_feminine
15532,male_masculine
55950,female_feminine
11310,male_masculine
39209,female_feminine
41737,female_feminine
1311,male_masculine
9694,male_masculine
5452,male_masculine
39667,female_feminine
44965,female_feminine
39961,female_feminine
44362,female_feminine
45318,female_feminine
53956,female_feminine
6752,male_masculine
10790,male_masculine
18310,male_masculine
6850,male_masculine
42258,female_feminine
55625,female_feminine
41239,female_feminine
47293,female_feminine
18494,male_masculine
10206,male_masculine
45590,female_feminine
9901,male_masculine
40372,female_feminine
18512,male_masculine
11299,male_masculine
40578,female_feminine
43705,female_feminine
6995,male_masculine
38941,female_feminine
273,male_masculine
39133,female_feminine
38334,female_feminine
43911,female_feminine
55580,female_feminine
47920,female_feminine
12227,male_masculine
7105,male_masculine
42766,female_feminine
18232,male_masculine
12085,male_masculine
45551,female_feminine
423,male_masculine
54080,female_feminine
11556,male_masculine
41671,female_feminine
13230,male_masculine
44515,female_feminine
40096,female_feminine
40095,female_feminine
40938,female_feminine
6504,male_masculine
10597,male_masculine
50320,female_feminine
6706,male_masculine
39121,female_feminine
6226,male_masculine
46355,female_feminine
10335,male_masculine
39945,female_feminine
18490,male_masculine
47258,female_feminine
41762,female_feminine
46606,female_feminine
47283,female_feminine
16535,male_masculine
15188,male_masculine
55732,female_feminine
15364,male_masculine
17211,male_masculine
40377,female_feminine
169,male_masculine
40992,female_feminine
41474,female_feminine
16422,male_masculine
55919,female_feminine
10966,male_masculine
17773,male_masculine
15048,male_masculine
10861,male_masculine
14754,male_masculine
3590,male_masculine
38997,female_feminine
48461,female_feminine
747,male_masculine
40535,female_feminine
55429,female_feminine
46107,female_feminine
43944,female_feminine
38581,female_feminine
46464,female_feminine
53690,female_feminine
39672,female_feminine
10420,male_masculine
16744,male_masculine
15302,male_masculine
18318,male_masculine
38232,female_feminine
563,male_masculine
40663,female_feminine
5961,male_masculine
11589,male_masculine
38155,female_feminine
47931,female_feminine
55504,female_feminine
15349,male_masculine
46780,female_feminine
41424,female_feminine
10588,male_masculine
14948,male_masculine
9529,male_masculine
17984,male_masculine
53937,female_feminine
332,male_masculine
44257,female_feminine
13502,male_masculine
39191,female_feminine
9828,male_masculine
5372,male_masculine
47473,female_feminine
16932,male_masculine
45105,female_feminine
46993,female_feminine
758,male_masculine
45405,female_feminine
41079,female_feminine
236,male_masculine
47537,female_feminine
52153,female_feminine
53633,female_feminine
5678,male_masculine
55318,female_feminine
38288,female_feminine
46670,female_feminine
41444,female_feminine
719,male_masculine
45962,female_feminine
44903,female_feminine
55594,female_feminine
47584,female_feminine
46674,female_feminine
6025,male_masculine
17998,male_masculine
53958,female_feminine
6796,male_masculine
44277,female_feminine
39406,female_feminine
46400,female_feminine
39800,female_feminine
13223,male_masculine
10228,male_masculine
41388,female_feminine
42485,female_feminine
7376,male_masculine
17870,male_masculine
16440,male_masculine
55849,female_feminine
42995,female_feminine
12178,male_masculine
11975,male_masculine
1118,male_masculine
48113,female_feminine
46799,female_feminine
38639,female_feminine
7329,male_masculine
17371,male_masculine
1365,male_masculine
10533,male_masculine
40964,female_feminine
42446,female_feminine
43286,female_feminine
13326,male_masculine
43726,female_feminine
44729,female_feminine
380,male_masculine
5970,male_masculine
44513,female_feminine
52158,female_feminine
41451,female_feminine
38344,female_feminine
46837,female_feminine
53725,female_feminine
43465,female_feminine
47278,female_feminine
40426,female_feminine
5657,male_masculine
11272,male_masculine
18208,male_masculine
42802,female_feminine
39046,female_feminine
42518,female_feminine
15571,male_masculine
46840,female_feminine
44081,female_feminine
222,male_masculine
55720,female_feminine
46807,female_feminine
10126,male_masculine
46941,female_feminine
53591,female_feminine
9616,male_masculine
15746,male_masculine
39480,female_feminine
39482,female_feminine
47400,female_feminine
44107,female_feminine
39904,female_feminine
46860,female_feminine
7116,male_masculine
5762,male_masculine
15915,male_masculine
38474,female_feminine
47222,female_feminine
6518,male_masculine
38643,female_feminine
15217,male_masculine
10587,male_masculine
16145,male_masculine
576,male_masculine
9331,male_masculine
7153,male_masculine
18125,male_masculine
10797,male_masculine
10739,male_masculine
16254,male_masculine
10344,male_masculine
14978,male_masculine
17963,male_masculine
14924,male_masculine
5828,male_masculine
12220,male_masculine
44838,female_feminine
41563,female_feminine
42358,female_feminine
43841,female_feminine
5572,male_masculine
11573,male_masculine
39219,female_feminine
43827,female_feminine
16983,male_masculine
46806,female_feminine
17324,male_masculine
10168,male_masculine
55085,female_feminine
17397,male_masculine
13317,male_masculine
42855,female_feminine
45392,female_feminine
55477,female_feminine
11274,male_masculine
15499,male_masculine
15271,male_masculine
9747,male_masculine
43716,female_feminine
15892,male_masculine
43918,female_feminine
16333,male_masculine
17175,male_masculine
17916,male_masculine
40902,female_feminine
38170,female_feminine
16223,male_masculine
160,male_masculine
43205,female_feminine
17093,male_masculine
43233,female_feminine
18682,male_masculine
10088,male_masculine
44654,female_feminine
1065,male_masculine
38626,female_feminine
48232,female_feminine
45619,female_feminine
9179,male_masculine
11356,male_masculine
41075,female_feminine
47602,female_feminine
39504,female_feminine
13163,male_masculine
1146,male_masculine
867,male_masculine
15728,male_masculine
1190,male_masculine
55052,female_feminine
13144,male_masculine
12977,male_masculine
38057,female_feminine
43242,female_feminine
38588,female_feminine
17308,male_masculine
41469,female_feminine
18431,male_masculine
43547,female_feminine
42341,female_feminine
45751,female_feminine
40604,female_feminine
38513,female_feminine
38565,female_feminine
42069,female_feminine
53944,female_feminine
40182,female_feminine
12198,male_masculine
16570,male_masculine
17255,male_masculine
41972,female_feminine
1561,male_masculine
53897,female_feminine
39862,female_feminine
45015,female_feminine
48289,female_feminine
55516,female_feminine
44891,female_feminine
1485,male_masculine
18447,male_masculine
46185,female_feminine
43972,female_feminine
41379,female_feminine
46345,female_feminine
13473,male_masculine
47266,female_feminine
43936,female_feminine
10918,male_masculine
15080,male_masculine
39969,female_feminine
9525,male_masculine
6999,male_masculine
420,male_masculine
40888,female_feminine
471,male_masculine
42597,female_feminine
40424,female_feminine
12348,male_masculine
47986,female_feminine
11544,male_masculine
14775,male_masculine
9897,male_masculine
43406,female_feminine
46868,female_feminine
46340,female_feminine
40593,female_feminine
40597,female_feminine
40558,female_feminine
39067,female_feminine
41092,female_feminine
45998,female_feminine
15648,male_masculine
39473,female_feminine
11494,male_masculine
1008,male_masculine
41965,female_feminine
11691,male_masculine
16813,male_masculine
42116,female_feminine
55403,female_feminine
38947,female_feminine
45143,female_feminine
10388,male_masculine
38714,female_feminine
6008,male_masculine
53957,female_feminine
39356,female_feminine
41358,female_feminine
13714,male_masculine
44731,female_feminine
14914,male_masculine
11011,male_masculine
39622,female_feminine
6119,male_masculine
16100,male_masculine
16365,male_masculine
6219,male_masculine
6480,male_masculine
39081,female_feminine
13343,male_masculine
9774,male_masculine
10188,male_masculine
14896,male_masculine
16241,male_masculine
41925,female_feminine
7267,male_masculine
40465,female_feminine
17304,male_masculine
6156,male_masculine
13028,male_masculine
6491,male_masculine
13624,male_masculine
6700,male_masculine
17160,male_masculine
6013,male_masculine
11404,male_masculine
43723,female_feminine
48412,female_feminine
53669,female_feminine
40208,female_feminine
16677,male_masculine
45958,female_feminine
55276,female_feminine
9328,male_masculine
46707,female_feminine
1001,male_masculine
55666,female_feminine
1245,male_masculine
12206,male_masculine
47178,female_feminine
42689,female_feminine
16465,male_masculine
11767,male_masculine
42929,female_feminine
9785,male_masculine
15057,male_masculine
46258,female_feminine
16901,male_masculine
5213,male_masculine
738,male_masculine
55216,female_feminine
40228,female_feminine
43846,female_feminine
45571,female_feminine
38722,female_feminine
10041,male_masculine
5840,male_masculine
55487,female_feminine
18159,male_masculine
39246,female_feminine
39460,female_feminine
663,male_masculine
6581,male_masculine
48137,female_feminine
47071,female_feminine
15766,male_masculine
539,male_masculine
16795,male_masculine
46268,female_feminine
5704,male_masculine
13699,male_masculine
16615,male_masculine
42223,female_feminine
46969,female_feminine
9914,male_masculine
41681,female_feminine
10237,male_masculine
16679,male_masculine
11851,male_masculine
13210,male_masculine
40758,female_feminine
41536,female_feminine
13687,male_masculine
9232,male_masculine
7377,male_masculine
44734,female_feminine
368,male_masculine
46148,female_feminine
16344,male_masculine
42633,female_feminine
55552,female_feminine
16951,male_masculine
46577,female_feminine
41524,female_feminine
44824,female_feminine
47154,female_feminine
46168,female_feminine
17480,male_masculine
44979,female_feminine
43009,female_feminine
53717,female_feminine
44606,female_feminine
40543,female_feminine
5584,male_masculine
44934,female_feminine
55131,female_feminine
42440,female_feminine
11928,male_masculine
13283,male_masculine
55777,female_feminine
50174,female_feminine
45204,female_feminine
40641,female_feminine
989,male_masculine
46277,female_feminine
41978,female_feminine
44692,female_feminine
46669,female_feminine
13073,male_masculine
46390,female_feminine
17538,male_masculine
11843,male_masculine
1153,male_masculine
38849,female_feminine
13017,male_masculine
6673,male_masculine
40179,female_feminine
9987,male_masculine
47131,female_feminine
41426,female_feminine
10663,male_masculine
14769,male_masculine
12073,male_masculine
13657,male_masculine
5443,male_masculine
41002,female_feminine
42971,female_feminine
1386,male_masculine
16352,male_masculine
6993,male_masculine
41059,female_feminine
45470,female_feminine
231,male_masculine
46913,female_feminine
16848,male_masculine
40934,female_feminine
1515,male_masculine
10742,male_masculine
44342,female_feminine
5940,male_masculine
47906,female_feminine
38478,female_feminine
410,male_masculine
44226,female_feminine
55958,female_feminine
39854,female_feminine
6462,male_masculine
47611,female_feminine
1173,male_masculine
11193,male_masculine
15599,male_masculine
41717,female_feminine
523,male_masculine
5951,male_masculine
7150,male_masculine
18606,male_masculine
17618,male_masculine
16972,male_masculine
55741,female_feminine
46705,female_feminine
11221,male_masculine
43922,female_feminine
5992,male_masculine
48039,female_feminine
45133,female_feminine
52142,female_feminine
44300,female_feminine
41604,female_feminine
16243,male_masculine
40412,female_feminine
42714,female_feminine
40194,female_feminine
40273,female_feminine
40657,female_feminine
11411,male_masculine
970,male_masculine
6148,male_masculine
5775,male_masculine
16683,male_masculine
13506,male_masculine
5313,male_masculine
38408,female_feminine
39767,female_feminine
13095,male_masculine
12352,male_masculine
47962,female_feminine
9558,male_masculine
18557,male_masculine
46726,female_feminine
11733,male_masculine
13158,male_masculine
18381,male_masculine
45650,female_feminine
38898,female_feminine
13378,male_masculine
38573,female_feminine
53786,female_feminine
45396,female_feminine
968,male_masculine
11338,male_masculine
46710,female_feminine
38416,female_feminine
7047,male_masculine
1492,male_masculine
15292,male_masculine
48277,female_feminine
47870,female_feminine
16511,male_masculine
39544,female_feminine
10268,male_masculine
40825,female_feminine
43611,female_feminine
42293,female_feminine
18711,male_masculine
11844,male_masculine
41540,female_feminine
38753,female_feminine
9408,male_masculine
42915,female_feminine
42981,female_feminine
38512,female_feminine
9608,male_masculine
13242,male_masculine
17120,male_masculine
15860,male_masculine
38624,female_feminine
54125,female_feminine
10642,male_masculine
44750,female_feminine
15615,male_masculine
10148,male_masculine
6546,male_masculine
38855,female_feminine
44327,female_feminine
5323,male_masculine
10308,male_masculine
13338,male_masculine
46632,female_feminine
16034,male_masculine
53904,female_feminine
46071,female_feminine
6396,male_masculine
41642,female_feminine
1555,male_masculine
5480,male_masculine
44712,female_feminine
6439,male_masculine
46884,female_feminine
45395,female_feminine
38213,female_feminine
16634,male_masculine
44389,female_feminine
47862,female_feminine
44341,female_feminine
55481,female_feminine
18593,male_masculine
46696,female_feminine
39032,female_feminine
50194,female_feminine
42943,female_feminine
16125,male_masculine
9380,male_masculine
48441,female_feminine
17784,male_masculine
50187,female_feminine
55505,female_feminine
15360,male_masculine
18115,male_masculine
16376,male_masculine
39402,female_feminine
16988,male_masculine
46195,female_feminine
44894,female_feminine
13293,male_masculine
41302,female_feminine
41879,female_feminine
13044,male_masculine
1252,male_masculine
44682,female_feminine
11861,male_masculine
9429,male_masculine
14816,male_masculine
18540,male_masculine
1524,male_masculine
1457,male_masculine
575,male_masculine
45627,female_feminine
43551,female_feminine
38313,female_feminine
16839,male_masculine
40383,female_feminine
47926,female_feminine
39272,female_feminine
38121,female_feminine
16757,male_masculine
13074,male_masculine
40061,female_feminine
55299,female_feminine
39587,female_feminine
11504,male_masculine
55404,female_feminine
39566,female_feminine
47871,female_feminine
11481,male_masculine
43304,female_feminine
18196,male_masculine
53699,female_feminine
13329,male_masculine
42108,female_feminine
38818,female_feminine
45717,female_feminine
10327,male_masculine
15635,male_masculine
9814,male_masculine
6942,male_masculine
40743,female_feminine
5781,male_masculine
52169,female_feminine
40084,female_feminine
1467,male_masculine
11915,male_masculine
39573,female_feminine
44633,female_feminine
11914,male_masculine
16495,male_masculine
16499,male_masculine
40367,female_feminine
48141,female_feminine
48189,female_feminine
53964,female_feminine
39742,female_feminine
18010,male_masculine
38983,female_feminine
40301,female_feminine
18005,male_masculine
6916,male_masculine
53635,female_feminine
17298,male_masculine
421,male_masculine
55018,female_feminine
45670,female_feminine
38290,female_feminine
41199,female_feminine
42581,female_feminine
46152,female_feminine
14973,male_masculine
15753,male_masculine
1160,male_masculine
39156,female_feminine
46931,female_feminine
17436,male_masculine
10873,male_masculine
13476,male_masculine
45123,female_feminine
53940,female_feminine
13164,male_masculine
17482,male_masculine
50228,female_feminine
6482,male_masculine
44655,female_feminine
11903,male_masculine
18366,male_masculine
46021,female_feminine
41733,female_feminine
44433,female_feminine
14929,male_masculine
15172,male_masculine
38840,female_feminine
53983,female_feminine
55394,female_feminine
1617,male_masculine
11500,male_masculine
47156,female_feminine
6745,male_masculine
10023,male_masculine
5691,male_masculine
17828,male_masculine
10548,male_masculine
46569,female_feminine
39001,female_feminine
39088,female_feminine
43586,female_feminine
1294,male_masculine
18304,male_masculine
41252,female_feminine
18510,male_masculine
45183,female_feminine
15657,male_masculine
38864,female_feminine
569,male_masculine
44803,female_feminine
15400,male_masculine
9566,male_masculine
5916,male_masculine
7181,male_masculine
594,male_masculine
11331,male_masculine
55434,female_feminine
40440,female_feminine
10242,male_masculine
16190,male_masculine
43893,female_feminine
42499,female_feminine
46009,female_feminine
9905,male_masculine
5590,male_masculine
17323,male_masculine
18371,male_masculine
44862,female_feminine
53803,female_feminine
13146,male_masculine
10928,male_masculine
42612,female_feminine
1399,male_masculine
47040,female_feminine
41505,female_feminine
14741,male_masculine
53589,female_feminine
48100,female_feminine
5440,male_masculine
106,male_masculine
45059,female_feminine
1002,male_masculine
14859,male_masculine
55184,female_feminine
10511,male_masculine
9889,male_masculine
15998,male_masculine
50143,female_feminine
50144,female_feminine
17623,male_masculine
44007,female_feminine
15997,male_masculine
38555,female_feminine
14996,male_masculine
15238,male_masculine
11271,male_masculine
55632,female_feminine
47886,female_feminine
17997,male_masculine
53972,female_feminine
11027,male_masculine
40092,female_feminine
39310,female_feminine
38218,female_feminine
11161,male_masculine
55987,female_feminine
39472,female_feminine
43149,female_feminine
10113,male_masculine
39465,female_feminine
46306,female_feminine
10645,male_masculine
15174,male_masculine
868,male_masculine
15645,male_masculine
5919,male_masculine
15609,male_masculine
45397,female_feminine
47550,female_feminine
45186,female_feminine
55526,female_feminine
1203,male_masculine
15097,male_masculine
45246,female_feminine
55744,female_feminine
48418,female_feminine
46316,female_feminine
39318,female_feminine
17185,male_masculine
55940,female_feminine
47838,female_feminine
38633,female_feminine
40419,female_feminine
42251,female_feminine
17221,male_masculine
46049,female_feminine
7161,male_masculine
40141,female_feminine
44821,female_feminine
11550,male_masculine
11518,male_masculine
16546,male_masculine
1606,male_masculine
48311,female_feminine
14756,male_masculine
5770,male_masculine
17979,male_masculine
777,male_masculine
40599,female_feminine
5544,male_masculine
41171,female_feminine
46042,female_feminine
721,male_masculine
15984,male_masculine
40630,female_feminine
48059,female_feminine
15425,male_masculine
53657,female_feminine
45771,female_feminine
44485,female_feminine
45588,female_feminine
44060,female_feminine
42060,female_feminine
42091,female_feminine
1337,male_masculine
38149,female_feminine
44084,female_feminine
43752,female_feminine
55082,female_feminine
11084,male_masculine
847,male_masculine
47374,female_feminine
15297,male_masculine
44134,female_feminine
42237,female_feminine
54002,female_feminine
15845,male_masculine
7335,male_masculine
15040,male_masculine
16522,male_masculine
163,male_masculine
10036,male_masculine
41315,female_feminine
15379,male_masculine
14799,male_masculine
18186,male_masculine
13125,male_masculine
18533,male_masculine
5599,male_masculine
46643,female_feminine
15249,male_masculine
40452,female_feminine
13775,male_masculine
6501,male_masculine
44867,female_feminine
45996,female_feminine
10599,male_masculine
11907,male_masculine
43976,female_feminine
43025,female_feminine
9671,male_masculine
42308,female_feminine
48243,female_feminine
18591,male_masculine
18666,male_masculine
17940,male_masculine
6500,male_masculine
41012,female_feminine
5419,male_masculine
15402,male_masculine
47051,female_feminine
45954,female_feminine
13331,male_masculine
40012,female_feminine
45945,female_feminine
13520,male_masculine
45058,female_feminine
6298,male_masculine
38833,female_feminine
44191,female_feminine
48191,female_feminine
1132,male_masculine
43356,female_feminine
39378,female_feminine
47302,female_feminine
44256,female_feminine
15042,male_masculine
18072,male_masculine
17051,male_masculine
622,male_masculine
48292,female_feminine
16219,male_masculine
16576,male_masculine
13271,male_masculine
42796,female_feminine
7356,male_masculine
48105,female_feminine
16124,male_masculine
14781,male_masculine
12960,male_masculine
16282,male_masculine
53632,female_feminine
9606,male_masculine
41073,female_feminine
55365,female_feminine
17183,male_masculine
12028,male_masculine
47004,female_feminine
3586,male_masculine
14887,male_masculine
55488,female_feminine
11647,male_masculine
55142,female_feminine
13454,male_masculine
16974,male_masculine
365,male_masculine
55992,female_feminine
14814,male_masculine
47054,female_feminine
11282,male_masculine
7200,male_masculine
14738,male_masculine
39517,female_feminine
15500,male_masculine
18235,male_masculine
55889,female_feminine
10021,male_masculine
9862,male_masculine
45947,female_feminine
11801,male_masculine
15976,male_masculine
46163,female_feminine
41677,female_feminine
0,male_masculine
17197,male_masculine
39183,female_feminine
17801,male_masculine
13315,male_masculine
48345,female_feminine
15299,male_masculine
961,male_masculine
416,male_masculine
10201,male_masculine
47834,female_feminine
9214,male_masculine
48282,female_feminine
39176,female_feminine
48295,female_feminine
11618,male_masculine
6424,male_masculine
13357,male_masculine
5743,male_masculine
17090,male_masculine
7255,male_masculine
43971,female_feminine
40680,female_feminine
11643,male_masculine
13383,male_masculine
47358,female_feminine
39101,female_feminine
6719,male_masculine
45080,female_feminine
52173,female_feminine
55971,female_feminine
43329,female_feminine
40206,female_feminine
39993,female_feminine
40965,female_feminine
10502,male_masculine
46683,female_feminine
55459,female_feminine
41041,female_feminine
11827,male_masculine
38107,female_feminine
11113,male_masculine
39561,female_feminine
1366,male_masculine
39519,female_feminine
11295,male_masculine
41637,female_feminine
17747,male_masculine
43564,female_feminine
44028,female_feminine
48079,female_feminine
39526,female_feminine
47796,female_feminine
1181,male_masculine
14821,male_masculine
14807,male_masculine
6888,male_masculine
41974,female_feminine
40685,female_feminine
44447,female_feminine
41295,female_feminine
10658,male_masculine
39644,female_feminine
6906,male_masculine
55189,female_feminine
41738,female_feminine
47031,female_feminine
38169,female_feminine
5410,male_masculine
46432,female_feminine
712,male_masculine
10950,male_masculine
17209,male_masculine
55763,female_feminine
43895,female_feminine
16162,male_masculine
16289,male_masculine
41521,female_feminine
47272,female_feminine
13668,male_masculine
16613,male_masculine
12390,male_masculine
17568,male_masculine
48438,female_feminine
18558,male_masculine
6146,male_masculine
39331,female_feminine
42449,female_feminine
13351,male_masculine
45853,female_feminine
1213,male_masculine
42415,female_feminine
18242,male_masculine
16943,male_masculine
46261,female_feminine
41453,female_feminine
55540,female_feminine
39437,female_feminine
38884,female_feminine
55850,female_feminine
45054,female_feminine
6530,male_masculine
43964,female_feminine
16700,male_masculine
15044,male_masculine
39285,female_feminine
53797,female_feminine
53579,female_feminine
47286,female_feminine
43639,female_feminine
13725,male_masculine
43135,female_feminine
43503,female_feminine
16708,male_masculine
6475,male_masculine
16764,male_masculine
43892,female_feminine
46789,female_feminine
10749,male_masculine
18369,male_masculine
13770,male_masculine
39754,female_feminine
42896,female_feminine
45812,female_feminine
41486,female_feminine
10084,male_masculine
48043,female_feminine
15514,male_masculine
40015,female_feminine
13104,male_masculine
17484,male_masculine
14823,male_masculine
6748,male_masculine
45859,female_feminine
13720,male_masculine
13101,male_masculine
38254,female_feminine
43741,female_feminine
6488,male_masculine
12356,male_masculine
39466,female_feminine
55604,female_feminine
38642,female_feminine
38658,female_feminine
7365,male_masculine
40533,female_feminine
17419,male_masculine
40916,female_feminine
10933,male_masculine
41163,female_feminine
55548,female_feminine
41394,female_feminine
38051,female_feminine
42873,female_feminine
39601,female_feminine
16193,male_masculine
44097,female_feminine
6257,male_masculine
9737,male_masculine
720,male_masculine
11006,male_masculine
6252,male_masculine
112,male_masculine
18331,male_masculine
40709,female_feminine
44218,female_feminine
17672,male_masculine
15029,male_masculine
45433,female_feminine
5980,male_masculine
15375,male_masculine
47706,female_feminine
46328,female_feminine
39198,female_feminine
41425,female_feminine
5777,male_masculine
42574,female_feminine
39181,female_feminine
43781,female_feminine
42545,female_feminine
17970,male_masculine
11361,male_masculine
15059,male_masculine
16857,male_masculine
38953,female_feminine
17818,male_masculine
44580,female_feminine
18534,male_masculine
5559,male_masculine
10204,male_masculine
15034,male_masculine
10396,male_masculine
16446,male_masculine
6190,male_masculine
41475,female_feminine
9417,male_masculine
54076,female_feminine
12360,male_masculine
17670,male_masculine
40889,female_feminine
48008,female_feminine
47791,female_feminine
38630,female_feminine
15598,male_masculine
17004,male_masculine
11645,male_masculine
18083,male_masculine
47547,female_feminine
6541,male_masculine
41432,female_feminine
45134,female_feminine
39996,female_feminine
124,male_masculine
55608,female_feminine
47243,female_feminine
17083,male_masculine
55585,female_feminine
48460,female_feminine
53719,female_feminine
9770,male_masculine
9648,male_masculine
41891,female_feminine
47524,female_feminine
6900,male_masculine
41161,female_feminine
46244,female_feminine
45803,female_feminine
9911,male_masculine
102,male_masculine
45763,female_feminine
10164,male_masculine
12145,male_masculine
43213,female_feminine
12372,male_masculine
15248,male_masculine
53552,female_feminine
41213,female_feminine
6889,male_masculine
15162,male_masculine
18268,male_masculine
14959,male_masculine
6874,male_masculine
613,male_masculine
13737,male_masculine
39350,female_feminine
39715,female_feminine
18390,male_masculine
44898,female_feminine
41963,female_feminine
43821,female_feminine
53760,female_feminine
45317,female_feminine
15368,male_masculine
16831,male_masculine
11982,male_masculine
53745,female_feminine
18060,male_masculine
55853,female_feminine
17247,male_masculine
38569,female_feminine
17795,male_masculine
17929,male_masculine
44900,female_feminine
11123,male_masculine
47382,female_feminine
13573,male_masculine
44972,female_feminine
44940,female_feminine
6343,male_masculine
53762,female_feminine
17001,male_masculine
334,male_masculine
43046,female_feminine
39006,female_feminine
39354,female_feminine
425,male_masculine
42271,female_feminine
5905,male_masculine
47614,female_feminine
18230,male_masculine
39106,female_feminine
44545,female_feminine
48033,female_feminine
13119,male_masculine
50243,female_feminine
6561,male_masculine
45495,female_feminine
12312,male_masculine
39486,female_feminine
48037,female_feminine
16115,male_masculine
12045,male_masculine
13757,male_masculine
45094,female_feminine
18427,male_masculine
5442,male_masculine
1442,male_masculine
6631,male_masculine
47594,female_feminine
43916,female_feminine
5204,male_masculine
55945,female_feminine
1278,male_masculine
45813,female_feminine
9912,male_masculine
45576,female_feminine
6083,male_masculine
39489,female_feminine
47357,female_feminine
45390,female_feminine
1273,male_masculine
43483,female_feminine
46639,female_feminine
13123,male_masculine
11229,male_masculine
12991,male_masculine
45009,female_feminine
55396,female_feminine
10843,male_masculine
17934,male_masculine
11166,male_masculine
45413,female_feminine
1081,male_masculine
44546,female_feminine
9507,male_masculine
17633,male_masculine
41100,female_feminine
55386,female_feminine
7003,male_masculine
55933,female_feminine
10987,male_masculine
46574,female_feminine
17246,male_masculine
875,male_masculine
11474,male_masculine
853,male_masculine
17571,male_masculine
9993,male_masculine
53660,female_feminine
6095,male_masculine
941,male_masculine
42631,female_feminine
44104,female_feminine
48064,female_feminine
47132,female_feminine
17744,male_masculine
6001,male_masculine
40437,female_feminine
40747,female_feminine
11958,male_masculine
40803,female_feminine
41830,female_feminine
45943,female_feminine
41127,female_feminine
45045,female_feminine
40859,female_feminine
12404,male_masculine
48423,female_feminine
13342,male_masculine
11545,male_masculine
46929,female_feminine
48019,female_feminine
42846,female_feminine
41301,female_feminine
43389,female_feminine
6834,male_masculine
13131,male_masculine
47181,female_feminine
18541,male_masculine
55440,female_feminine
41664,female_feminine
46654,female_feminine
45367,female_feminine
53811,female_feminine
40662,female_feminine
50289,female_feminine
43801,female_feminine
10259,male_masculine
55140,female_feminine
55901,female_feminine
43398,female_feminine
39207,female_feminine
11833,male_masculine
17269,male_masculine
44995,female_feminine
47112,female_feminine
16212,male_masculine
1364,male_masculine
11423,male_masculine
39704,female_feminine
41063,female_feminine
40163,female_feminine
55041,female_feminine
7298,male_masculine
12384,male_masculine
38281,female_feminine
993,male_masculine
17398,male_masculine
10526,male_masculine
10362,male_masculine
43784,female_feminine
1459,male_masculine
14855,male_masculine
47177,female_feminine
40723,female_feminine
11491,male_masculine
18302,male_masculine
41140,female_feminine
38349,female_feminine
45068,female_feminine
18189,male_masculine
10196,male_masculine
9994,male_masculine
12931,male_masculine
43047,female_feminine
5751,male_masculine
5234,male_masculine
16738,male_masculine
12989,male_masculine
6320,male_masculine
13020,male_masculine
15070,male_masculine
18608,male_masculine
17605,male_masculine
7101,male_masculine
48465,female_feminine
44931,female_feminine
6856,male_masculine
17156,male_masculine
38472,female_feminine
9732,male_masculine
10901,male_masculine
55350,female_feminine
43394,female_feminine
44565,female_feminine
39124,female_feminine
55734,female_feminine
45453,female_feminine
43624,female_feminine
55774,female_feminine
46373,female_feminine
17914,male_masculine
40144,female_feminine
45400,female_feminine
43894,female_feminine
40235,female_feminine
145,male_masculine
5913,male_masculine
55474,female_feminine
54086,female_feminine
17295,male_masculine
55972,female_feminine
1123,male_masculine
11035,male_masculine
18622,male_masculine
12090,male_masculine
12106,male_masculine
15622,male_masculine
15638,male_masculine
10059,male_masculine
5621,male_masculine
41023,female_feminine
47306,female_feminine
38931,female_feminine
46593,female_feminine
16773,male_masculine
9531,male_masculine
18389,male_masculine
53809,female_feminine
10917,male_masculine
18568,male_masculine
18604,male_masculine
39886,female_feminine
11613,male_masculine
16082,male_masculine
17011,male_masculine
43381,female_feminine
48215,female_feminine
86,male_masculine
6775,male_masculine
38715,female_feminine
10014,male_masculine
38186,female_feminine
38212,female_feminine
38453,female_feminine
44581,female_feminine
16641,male_masculine
16022,male_masculine
46226,female_feminine
39911,female_feminine
38537,female_feminine
39631,female_feminine
44372,female_feminine
39863,female_feminine
1549,male_masculine
15310,male_masculine
55464,female_feminine
16041,male_masculine
42910,female_feminine
15982,male_masculine
11082,male_masculine
9242,male_masculine
44321,female_feminine
1452,male_masculine
55668,female_feminine
46897,female_feminine
39129,female_feminine
7257,male_masculine
38222,female_feminine
44884,female_feminine
15373,male_masculine
55074,female_feminine
47035,female_feminine
41698,female_feminine
45,male_masculine
16880,male_masculine
44238,female_feminine
11854,male_masculine
47020,female_feminine
40929,female_feminine
17437,male_masculine
40240,female_feminine
9191,male_masculine
46372,female_feminine
12320,male_masculine
18216,male_masculine
38811,female_feminine
16355,male_masculine
47468,female_feminine
43276,female_feminine
14804,male_masculine
11132,male_masculine
10486,male_masculine
13083,male_masculine
5432,male_masculine
40190,female_feminine
40428,female_feminine
190,male_masculine
13531,male_masculine
17798,male_masculine
16250,male_masculine
53820,female_feminine
53925,female_feminine
40065,female_feminine
43753,female_feminine
17283,male_masculine
10277,male_masculine
17601,male_masculine
15927,male_masculine
42130,female_feminine
43744,female_feminine
1150,male_masculine
9493,male_masculine
9662,male_masculine
53711,female_feminine
181,male_masculine
9891,male_masculine
55929,female_feminine
48148,female_feminine
11093,male_masculine
147,male_masculine
55433,female_feminine
41380,female_feminine
39336,female_feminine
11743,male_masculine
42834,female_feminine
39233,female_feminine
13298,male_masculine
1424,male_masculine
46938,female_feminine
48389,female_feminine
55410,female_feminine
16121,male_masculine
44902,female_feminine
12353,male_masculine
6771,male_masculine
46409,female_feminine
42183,female_feminine
11890,male_masculine
45992,female_feminine
42767,female_feminine
42978,female_feminine
40245,female_feminine
45307,female_feminine
9749,male_masculine
9703,male_masculine
17573,male_masculine
7244,male_masculine
7339,male_masculine
18321,male_masculine
44595,female_feminine
5548,male_masculine
1058,male_masculine
18458,male_masculine
47295,female_feminine
42874,female_feminine
39370,female_feminine
328,male_masculine
44161,female_feminine
44653,female_feminine
7277,male_masculine
10555,male_masculine
18130,male_masculine
1589,male_masculine
46997,female_feminine
41558,female_feminine
40083,female_feminine
45020,female_feminine
43941,female_feminine
40495,female_feminine
38293,female_feminine
5973,male_masculine
9394,male_masculine
47087,female_feminine
40962,female_feminine
53737,female_feminine
10450,male_masculine
10545,male_masculine
15951,male_masculine
40251,female_feminine
44313,female_feminine
6966,male_masculine
46096,female_feminine
9933,male_masculine
41220,female_feminine
12916,male_masculine
11455,male_masculine
1946,male_masculine
16721,male_masculine
5307,male_masculine
14950,male_masculine
41932,female_feminine
41168,female_feminine
42267,female_feminine
17721,male_masculine
6606,male_masculine
14825,male_masculine
44773,female_feminine
53817,female_feminine
18482,male_masculine
6933,male_masculine
375,male_masculine
11769,male_masculine
12151,male_masculine
10289,male_masculine
13344,male_masculine
40980,female_feminine
17991,male_masculine
47538,female_feminine
46396,female_feminine
18480,male_masculine
50156,female_feminine
9942,male_masculine
18088,male_masculine
39802,female_feminine
15713,male_masculine
44460,female_feminine
44071,female_feminine
10544,male_masculine
503,male_masculine
15094,male_masculine
45991,female_feminine
18423,male_masculine
17383,male_masculine
44529,female_feminine
6818,male_masculine
44777,female_feminine
15570,male_masculine
13527,male_masculine
47065,female_feminine
43687,female_feminine
42593,female_feminine
40239,female_feminine
46608,female_feminine
17491,male_masculine
46075,female_feminine
11055,male_masculine
46783,female_feminine
13571,male_masculine
38832,female_feminine
11348,male_masculine
55578,female_feminine
40253,female_feminine
17961,male_masculine
47103,female_feminine
46996,female_feminine
39368,female_feminine
48352,female_feminine
10392,male_masculine
47937,female_feminine
45001,female_feminine
42513,female_feminine
45319,female_feminine
45802,female_feminine
7078,male_masculine
14902,male_masculine
55305,female_feminine
39989,female_feminine
7370,male_masculine
1441,male_masculine
45003,female_feminine
41143,female_feminine
46275,female_feminine
15884,male_masculine
42568,female_feminine
47263,female_feminine
53582,female_feminine
55586,female_feminine
14953,male_masculine
7222,male_masculine
48323,female_feminine
46462,female_feminine
38877,female_feminine
17829,male_masculine
1526,male_masculine
17780,male_masculine
46139,female_feminine
15702,male_masculine
48454,female_feminine
18737,male_masculine
16380,male_masculine
10430,male_masculine
5842,male_masculine
12407,male_masculine
45394,female_feminine
12278,male_masculine
47887,female_feminine
9288,male_masculine
1536,male_masculine
47343,female_feminine
18278,male_masculine
6998,male_masculine
53954,female_feminine
40342,female_feminine
43481,female_feminine
44785,female_feminine
43526,female_feminine
9781,male_masculine
40003,female_feminine
1077,male_masculine
42723,female_feminine
16,male_masculine
1212,male_masculine
9514,male_masculine
47531,female_feminine
39261,female_feminine
17385,male_masculine
10893,male_masculine
15948,male_masculine
43064,female_feminine
15708,male_masculine
9365,male_masculine
42712,female_feminine
13513,male_masculine
18416,male_masculine
44294,female_feminine
53805,female_feminine
17215,male_masculine
927,male_masculine
139,male_masculine
9837,male_masculine
39976,female_feminine
55687,female_feminine
11477,male_masculine
13457,male_masculine
41142,female_feminine
39516,female_feminine
816,male_masculine
55634,female_feminine
42585,female_feminine
11298,male_masculine
42651,female_feminine
43977,female_feminine
48457,female_feminine
14788,male_masculine
13154,male_masculine
12143,male_masculine
47879,female_feminine
18103,male_masculine
42113,female_feminine
11787,male_masculine
39442,female_feminine
41829,female_feminine
7281,male_masculine
41091,female_feminine
331,male_masculine
43630,female_feminine
44490,female_feminine
42594,female_feminine
43260,female_feminine
42362,female_feminine
780,male_masculine
14920,male_masculine
39619,female_feminine
43122,female_feminine
13318,male_masculine
17928,male_masculine
6626,male_masculine
1163,male_masculine
39023,female_feminine
16485,male_masculine
40480,female_feminine
45705,female_feminine
42850,female_feminine
9805,male_masculine
47028,female_feminine
10189,male_masculine
55255,female_feminine
1204,male_masculine
42845,female_feminine
342,male_masculine
44968,female_feminine
17893,male_masculine
12166,male_masculine
55127,female_feminine
38980,female_feminine
47350,female_feminine
45515,female_feminine
55859,female_feminine
16372,male_masculine
39628,female_feminine
42504,female_feminine
43393,female_feminine
39498,female_feminine
10659,male_masculine
43294,female_feminine
43792,female_feminine
6589,male_masculine
44243,female_feminine
47079,female_feminine
41542,female_feminine
45313,female_feminine
40103,female_feminine
46413,female_feminine
7186,male_masculine
46526,female_feminine
18727,male_masculine
39594,female_feminine
17856,male_masculine
9704,male_masculine
41982,female_feminine
5917,male_masculine
10886,male_masculine
7027,male_masculine
42924,female_feminine
1236,male_masculine
38341,female_feminine
41478,female_feminine
38223,female_feminine
44,male_masculine
38870,female_feminine
6817,male_masculine
44783,female_feminine
12149,male_masculine
1552,male_masculine
17450,male_masculine
43925,female_feminine
7063,male_masculine
46798,female_feminine
40441,female_feminine
47288,female_feminine
46874,female_feminine
48206,female_feminine
41917,female_feminine
12920,male_masculine
44632,female_feminine
39512,female_feminine
803,male_masculine
16416,male_masculine
47573,female_feminine
44905,female_feminine
18725,male_masculine
17569,male_masculine
40975,female_feminine
40515,female_feminine
12951,male_masculine
40397,female_feminine
16443,male_masculine
10171,male_masculine
41976,female_feminine
41940,female_feminine
1109,male_masculine
13611,male_masculine
6558,male_masculine
47898,female_feminine
11066,male_masculine
5926,male_masculine
10490,male_masculine
41583,female_feminine
15434,male_masculine
17438,male_masculine
43504,female_feminine
7060,male_masculine
18243,male_masculine
616,male_masculine
46105,female_feminine
9701,male_masculine
40393,female_feminine
11478,male_masculine
43162,female_feminine
38913,female_feminine
9240,male_masculine
16023,male_masculine
16198,male_masculine
41074,female_feminine
15124,male_masculine
5562,male_masculine
39220,female_feminine
10309,male_masculine
10931,male_masculine
40542,female_feminine
7311,male_masculine
1945,male_masculine
12339,male_masculine
10515,male_masculine
13171,male_masculine
46342,female_feminine
10090,male_masculine
18647,male_masculine
39231,female_feminine
16072,male_masculine
39443,female_feminine
6050,male_masculine
15569,male_masculine
12078,male_masculine
10857,male_masculine
10455,male_masculine
5270,male_masculine
42743,female_feminine
10067,male_masculine
43238,female_feminine
47199,female_feminine
40395,female_feminine
18078,male_masculine
5348,male_masculine
39555,female_feminine
48393,female_feminine
17777,male_masculine
43973,female_feminine
55582,female_feminine
14960,male_masculine
38247,female_feminine
5494,male_masculine
1171,male_masculine
6266,male_masculine
55560,female_feminine
55660,female_feminine
54115,female_feminine
9383,male_masculine
42348,female_feminine
42030,female_feminine
5595,male_masculine
15427,male_masculine
39880,female_feminine
15715,male_masculine
45761,female_feminine
16545,male_masculine
47282,female_feminine
52161,female_feminine
10701,male_masculine
45790,female_feminine
44564,female_feminine
18452,male_masculine
15457,male_masculine
9655,male_masculine
44367,female_feminine
46758,female_feminine
11052,male_masculine
11083,male_masculine
1206,male_masculine
47326,female_feminine
16101,male_masculine
16483,male_masculine
135,male_masculine
43168,female_feminine
42096,female_feminine
46454,female_feminine
11297,male_masculine
48101,female_feminine
45139,female_feminine
39477,female_feminine
53835,female_feminine
42899,female_feminine
13010,male_masculine
14765,male_masculine
1233,male_masculine
48415,female_feminine
41228,female_feminine
16736,male_masculine
13675,male_masculine
16752,male_masculine
45164,female_feminine
39417,female_feminine
5998,male_masculine
42552,female_feminine
269,male_masculine
45786,female_feminine
11836,male_masculine
7114,male_masculine
47022,female_feminine
41815,female_feminine
45263,female_feminine
12141,male_masculine
15107,male_masculine
16356,male_masculine
6512,male_masculine
41271,female_feminine
41205,female_feminine
7249,male_masculine
10616,male_masculine
18435,male_masculine
43012,female_feminine
46640,female_feminine
14734,male_masculine
10054,male_masculine
17136,male_masculine
18407,male_masculine
38407,female_feminine
16842,male_masculine
17775,male_masculine
385,male_masculine
52177,female_feminine
10677,male_masculine
16892,male_masculine
41440,female_feminine
285,male_masculine
16347,male_masculine
11584,male_masculine
55147,female_feminine
6819,male_masculine
5861,male_masculine
15851,male_masculine
12229,male_masculine
42408,female_feminine
864,male_masculine
6256,male_masculine
43256,female_feminine
10116,male_masculine
38494,female_feminine
10239,male_masculine
38459,female_feminine
17169,male_masculine
11817,male_masculine
1193,male_masculine
13694,male_masculine
9237,male_masculine
10019,male_masculine
41407,female_feminine
47929,female_feminine
48040,female_feminine
1138,male_masculine
16560,male_masculine
7273,male_masculine
11013,male_masculine
39998,female_feminine
5387,male_masculine
40874,female_feminine
53927,female_feminine
40776,female_feminine
46585,female_feminine
48406,female_feminine
46666,female_feminine
41577,female_feminine
44510,female_feminine
16385,male_masculine
10478,male_masculine
45237,female_feminine
38623,female_feminine
41788,female_feminine
38817,female_feminine
40611,female_feminine
11149,male_masculine
17101,male_masculine
17138,male_masculine
6962,male_masculine
39974,female_feminine
18191,male_masculine
11,male_masculine
15261,male_masculine
45779,female_feminine
16607,male_masculine
9684,male_masculine
47148,female_feminine
15507,male_masculine
15729,male_masculine
9292,male_masculine
42005,female_feminine
17184,male_masculine
39325,female_feminine
43269,female_feminine
42841,female_feminine
38601,female_feminine
11805,male_masculine
47597,female_feminine
40932,female_feminine
14858,male_masculine
17719,male_masculine
54100,female_feminine
1948,male_masculine
6622,male_masculine
18148,male_masculine
16471,male_masculine
39094,female_feminine
55030,female_feminine
43199,female_feminine
5329,male_masculine
10306,male_masculine
40567,female_feminine
53839,female_feminine
41779,female_feminine
9175,male_masculine
9885,male_masculine
43929,female_feminine
40442,female_feminine
46473,female_feminine
46159,female_feminine
17527,male_masculine
9577,male_masculine
17759,male_masculine
16991,male_masculine
53868,female_feminine
44415,female_feminine
43967,female_feminine
42664,female_feminine
17350,male_masculine
5864,male_masculine
18167,male_masculine
45910,female_feminine
47069,female_feminine
15204,male_masculine
43077,female_feminine
9279,male_masculine
46701,female_feminine
40450,female_feminine
15940,male_masculine
6342,male_masculine
6524,male_masculine
55247,female_feminine
11454,male_masculine
16911,male_masculine
16438,male_masculine
45889,female_feminine
43847,female_feminine
47387,female_feminine
43062,female_feminine
55115,female_feminine
38261,female_feminine
38039,female_feminine
47568,female_feminine
44559,female_feminine
44555,female_feminine
38852,female_feminine
5565,male_masculine
45168,female_feminine
6881,male_masculine
10846,male_masculine
12230,male_masculine
14954,male_masculine
45752,female_feminine
39422,female_feminine
7259,male_masculine
9902,male_masculine
44832,female_feminine
44209,female_feminine
45073,female_feminine
55628,female_feminine
17224,male_masculine
55621,female_feminine
18426,male_masculine
50260,female_feminine
5617,male_masculine
15355,male_masculine
44457,female_feminine
9256,male_masculine
44308,female_feminine
6776,male_masculine
6949,male_masculine
5539,male_masculine
41975,female_feminine
533,male_masculine
10170,male_masculine
41173,female_feminine
41344,female_feminine
45063,female_feminine
44725,female_feminine
11663,male_masculine
17052,male_masculine
47062,female_feminine
15690,male_masculine
13491,male_masculine
15518,male_masculine
42095,female_feminine
5526,male_masculine
6781,male_masculine
17017,male_masculine
38390,female_feminine
6935,male_masculine
39253,female_feminine
15628,male_masculine
43397,female_feminine
7024,male_masculine
48139,female_feminine
42266,female_feminine
46127,female_feminine
1468,male_masculine
11482,male_masculine
17726,male_masculine
39153,female_feminine
13208,male_masculine
9856,male_masculine
38748,female_feminine
48348,female_feminine
6069,male_masculine
12405,male_masculine
43081,female_feminine
556,male_masculine
17493,male_masculine
47398,female_feminine
55527,female_feminine
46138,female_feminine
44533,female_feminine
47582,female_feminine
42425,female_feminine
15912,male_masculine
11488,male_masculine
43769,female_feminine
46803,female_feminine
48073,female_feminine
50259,female_feminine
44801,female_feminine
11713,male_masculine
16430,male_masculine
17513,male_masculine
40998,female_feminine
53645,female_feminine
55943,female_feminine
10051,male_masculine
6956,male_masculine
11140,male_masculine
6601,male_masculine
40796,female_feminine
16802,male_masculine
178,male_masculine
53933,female_feminine
1304,male_masculine
13460,male_masculine
7168,male_masculine
879,male_masculine
11056,male_masculine
48086,female_feminine
15687,male_masculine
17699,male_masculine
11125,male_masculine
45203,female_feminine
17070,male_masculine
40644,female_feminine
47129,female_feminine
17086,male_masculine
39585,female_feminine
6510,male_masculine
47915,female_feminine
17587,male_masculine
9817,male_masculine
45777,female_feminine
44317,female_feminine
722,male_masculine
46663,female_feminine
15604,male_masculine
18441,male_masculine
55879,female_feminine
55541,female_feminine
42502,female_feminine
11226,male_masculine
10319,male_masculine
6531,male_masculine
41764,female_feminine
7231,male_masculine
42637,female_feminine
44441,female_feminine
12096,male_masculine
7303,male_masculine
10590,male_masculine
10520,male_masculine
12002,male_masculine
40571,female_feminine
6668,male_masculine
41653,female_feminine
6540,male_masculine
40153,female_feminine
44535,female_feminine
10512,male_masculine
53548,female_feminine
11857,male_masculine
11076,male_masculine
10408,male_masculine
12235,male_masculine
15084,male_masculine
41896,female_feminine
11602,male_masculine
11148,male_masculine
38732,female_feminine
43830,female_feminine
10482,male_masculine
45543,female_feminine
47836,female_feminine
18732,male_masculine
266,male_masculine
13761,male_masculine
46317,female_feminine
48093,female_feminine
13575,male_masculine
42535,female_feminine
43650,female_feminine
15319,male_masculine
45275,female_feminine
6106,male_masculine
18639,male_masculine
44446,female_feminine
41417,female_feminine
44076,female_feminine
48078,female_feminine
43545,female_feminine
15751,male_masculine
45894,female_feminine
18136,male_masculine
11624,male_masculine
11198,male_masculine
13132,male_masculine
44132,female_feminine
7107,male_masculine
46961,female_feminine
45322,female_feminine
47196,female_feminine
55827,female_feminine
16270,male_masculine
39026,female_feminine
7344,male_masculine
38463,female_feminine
5841,male_masculine
11119,male_masculine
17214,male_masculine
48229,female_feminine
44561,female_feminine
55118,female_feminine
17475,male_masculine
40370,female_feminine
50258,female_feminine
45903,female_feminine
6269,male_masculine
11634,male_masculine
6689,male_masculine
41771,female_feminine
7012,male_masculine
43558,female_feminine
9759,male_masculine
55567,female_feminine
7228,male_masculine
46834,female_feminine
16801,male_masculine
55424,female_feminine
13415,male_masculine
50200,female_feminine
45835,female_feminine
42895,female_feminine
312,male_masculine
53550,female_feminine
440,male_masculine
15681,male_masculine
11233,male_masculine
5673,male_masculine
47806,female_feminine
46647,female_feminine
11480,male_masculine
9625,male_masculine
16127,male_masculine
882,male_masculine
38088,female_feminine
18668,male_masculine
12122,male_masculine
40654,female_feminine
38806,female_feminine
50171,female_feminine
40329,female_feminine
6011,male_masculine
48245,female_feminine
40552,female_feminine
16391,male_masculine
5523,male_masculine
45978,female_feminine
5941,male_masculine
54064,female_feminine
40444,female_feminine
47422,female_feminine
15073,male_masculine
177,male_masculine
45568,female_feminine
18178,male_masculine
46830,female_feminine
10518,male_masculine
43222,female_feminine
40499,female_feminine
17292,male_masculine
41179,female_feminine
45754,female_feminine
15237,male_masculine
44647,female_feminine
9553,male_masculine
6344,male_masculine
45055,female_feminine
46966,female_feminine
17697,male_masculine
16389,male_masculine
39328,female_feminine
9764,male_masculine
13516,male_masculine
14962,male_masculine
43879,female_feminine
40181,female_feminine
55916,female_feminine
17129,male_masculine
41519,female_feminine
39304,female_feminine
46944,female_feminine
13097,male_masculine
3580,male_masculine
45195,female_feminine
10013,male_masculine
47783,female_feminine
16791,male_masculine
41918,female_feminine
43695,female_feminine
11205,male_masculine
47033,female_feminine
47782,female_feminine
6,male_masculine
6951,male_masculine
5809,male_masculine
15333,male_masculine
10456,male_masculine
14934,male_masculine
5524,male_masculine
45425,female_feminine
43430,female_feminine
999,male_masculine
1076,male_masculine
13630,male_masculine
45290,female_feminine
16000,male_masculine
6179,male_masculine
1620,male_masculine
12083,male_masculine
16689,male_masculine
15539,male_masculine
40598,female_feminine
43706,female_feminine
45652,female_feminine
10782,male_masculine
13489,male_masculine
45157,female_feminine
11674,male_masculine
40908,female_feminine
40773,female_feminine
39562,female_feminine
6242,male_masculine
44424,female_feminine
5545,male_masculine
9579,male_masculine
16284,male_masculine
17610,male_masculine
17830,male_masculine
39296,female_feminine
42100,female_feminine
18469,male_masculine
221,male_masculine
12027,male_masculine
42235,female_feminine
44023,female_feminine
41325,female_feminine
41201,female_feminine
15977,male_masculine
17722,male_masculine
39271,female_feminine
40231,female_feminine
13702,male_masculine
48447,female_feminine
55450,female_feminine
40844,female_feminine
42650,female_feminine
11944,male_masculine
25,male_masculine
18472,male_masculine
364,male_masculine
15801,male_masculine
13215,male_masculine
10662,male_masculine
42398,female_feminine
38653,female_feminine
41412,female_feminine
9618,male_masculine
18396,male_masculine
12020,male_masculine
17268,male_masculine
12111,male_masculine
38966,female_feminine
43403,female_feminine
38962,female_feminine
39324,female_feminine
11509,male_masculine
18049,male_masculine
13667,male_masculine
42645,female_feminine
9710,male_masculine
14849,male_masculine
9501,male_masculine
18379,male_masculine
42702,female_feminine
13746,male_masculine
11653,male_masculine
17349,male_masculine
15145,male_masculine
53977,female_feminine
47799,female_feminine
11986,male_masculine
17032,male_masculine
41188,female_feminine
11070,male_masculine
5349,male_masculine
55357,female_feminine
38888,female_feminine
13274,male_masculine
42920,female_feminine
6725,male_masculine
44775,female_feminine
44635,female_feminine
17099,male_masculine
1362,male_masculine
44450,female_feminine
18341,male_masculine
10249,male_masculine
48405,female_feminine
44879,female_feminine
42530,female_feminine
55542,female_feminine
43417,female_feminine
16262,male_masculine
17097,male_masculine
40631,female_feminine
55186,female_feminine
1288,male_masculine
39386,female_feminine
6895,male_masculine
44795,female_feminine
55339,female_feminine
15119,male_masculine
10624,male_masculine
11954,male_masculine
17428,male_masculine
